filename,global_quality_mean,global_quality_std,target_quality_mean,target_quality_std,background_quality_mean,background_quality_std
0000001.jpg,1.2222222222222223,0.42779263194649864,1.3888888888888888,1.0369008625190792,1.2777777777777777,0.5745131499601418
0000003.jpg,2.2777777777777777,1.0740552924509195,2.7777777777777777,0.8084520834544433,2.2222222222222223,0.8782037520219095
0000005.jpg,3.2777777777777777,0.9582800496696001,3.888888888888889,1.1318329168362207,3.3333333333333335,0.9074852129730301
0000006.jpg,1.1111111111111112,0.32338083338177726,1.6666666666666667,1.0289915108550531,1.0555555555555556,0.23570226039551584
0000007.jpg,1.3333333333333333,0.48507125007266594,1.3888888888888888,0.9785276387866012,1.3333333333333333,0.48507125007266594
0000009.jpg,1.5555555555555556,0.6156987634551994,1.6666666666666667,0.9701425001453319,1.1666666666666667,0.3834824944236852
0000012.jpg,1.3888888888888888,0.6076849889141857,2.0555555555555554,1.1099667309387473,1.5,0.7071067811865476
0000015.jpg,2.0555555555555554,0.802365782965103,1.3333333333333333,0.9701425001453319,2.1666666666666665,1.2485285456935957
0000017.jpg,1.8333333333333333,0.8574929257125442,1.3888888888888888,1.0369008625190792,2.0,1.084652289093281
0000018.jpg,1.6111111111111112,0.8498365855987975,2.388888888888889,1.2897281468629183,1.4444444444444444,0.7047921864945659
0000022.jpg,2.2222222222222223,0.8084520834544432,1.7777777777777777,1.0032626514091005,2.0555555555555554,0.802365782965103
0000023.jpg,1.2222222222222223,0.4277926319464985,1.5,1.0431851677040116,1.5,1.0981267472114393
0000024.jpg,1.6666666666666667,0.9074852129730301,1.5,1.0431851677040116,1.9444444444444444,1.1617543641469048
0000028.jpg,1.5,0.6183469424008423,1.8333333333333333,1.0431851677040116,1.5555555555555556,0.7047921864945658
0000029.jpg,1.4444444444444444,0.7047921864945659,1.8333333333333333,1.0431851677040116,1.2777777777777777,0.5745131499601416
0000030.jpg,2.111111111111111,1.0226199851298272,2.0555555555555554,1.1099667309387473,1.7777777777777777,0.8084520834544433
0000031.jpg,1.6111111111111112,0.6978023391872252,2.2222222222222223,1.2153699778283713,1.5,0.6183469424008423
0000032.jpg,1.5,0.8574929257125442,1.2777777777777777,0.9582800496696,1.3888888888888888,0.6076849889141857
0000033.jpg,1.5555555555555556,0.7047921864945659,1.8888888888888888,1.0786096109392211,1.6111111111111112,0.6978023391872252
0000037.jpg,1.5555555555555556,0.8555852638929973,1.6111111111111112,1.1447521637192346,1.5,0.985184366143778
0000043.jpg,2.0,0.9701425001453319,2.7222222222222223,1.0178151661369075,1.9444444444444444,1.1617543641469048
0000044.jpg,2.5555555555555554,0.8555852638929973,1.8333333333333333,1.200490095997562,2.5,0.9235481451827988
0000046.jpg,1.3333333333333333,0.6859943405700354,1.7777777777777777,0.8782037520219095,1.2777777777777777,0.5745131499601416
0000047.jpg,1.4444444444444444,0.855585263892997,1.8888888888888888,1.1318329168362207,1.3888888888888888,0.6978023391872253
0000048.jpg,2.7777777777777777,1.2628425245572248,3.1666666666666665,1.200490095997562,2.9444444444444446,0.9983646759294875
0000049.jpg,3.2222222222222223,1.1659661762602749,3.0555555555555554,1.3491706481792796,2.9444444444444446,1.2589548523523146
0000050.jpg,2.5555555555555554,1.1991282236408358,2.5,0.8574929257125443,2.5,1.1504474832710556
0000051.jpg,1.8333333333333333,0.9851843661437781,2.5,0.9851843661437781,1.7777777777777777,0.8782037520219095
0000052.jpg,3.9444444444444446,0.9983646759294875,3.611111111111111,1.0921586228732252,3.888888888888889,1.0226199851298272
0000053.jpg,3.5,1.0431851677040116,3.8333333333333335,0.8574929257125442,3.5,1.0431851677040116
0000054.jpg,1.4444444444444444,1.0416176459053668,1.3888888888888888,0.6978023391872252,1.2777777777777777,0.5745131499601416
0000055.jpg,2.3333333333333335,0.90748521297303,2.1666666666666665,0.7071067811865475,2.2222222222222223,1.0602749674192766
0000056.jpg,3.2777777777777777,1.178511301977579,3.2777777777777777,0.9582800496696001,3.3333333333333335,1.0846522890932808
0000058.jpg,3.7777777777777777,1.3527990831890462,3.4444444444444446,1.3814835257889049,3.7777777777777777,1.2628425245572248
0000060.jpg,1.6666666666666667,1.0289915108550531,1.7777777777777777,1.2153699778283713,1.6111111111111112,0.9785276387866012
0000064.jpg,1.6666666666666667,0.6859943405700353,1.4444444444444444,0.9835244081556432,2.0,0.9701425001453319
0000069.jpg,2.7222222222222223,1.1785113019775793,2.4444444444444446,1.1991282236408358,2.888888888888889,0.9633818428657447
0000071.jpg,1.7222222222222223,0.8947924869885988,1.8333333333333333,1.0431851677040116,1.6111111111111112,0.6978023391872253
0000072.jpg,1.8333333333333333,0.9851843661437781,2.2777777777777777,1.1785113019775793,1.7777777777777777,0.9428090415820634
0000074.jpg,2.1666666666666665,1.0431851677040116,1.4444444444444444,1.0416176459053665,2.2222222222222223,1.3085940167422419
0000077.jpg,1.2777777777777777,0.751903901522118,1.4444444444444444,0.783823376129674,1.1666666666666667,0.3834824944236852
0000078.jpg,3.888888888888889,1.1826634392157036,3.9444444444444446,0.9983646759294874,4.166666666666667,1.0431851677040116
0000080.jpg,2.888888888888889,0.9633818428657449,2.4444444444444446,1.1991282236408356,2.7222222222222223,1.1785113019775793
0000082.jpg,2.7777777777777777,1.1659661762602749,1.8888888888888888,0.9002541398626663,2.888888888888889,1.1826634392157036
0000087.jpg,2.0555555555555554,0.8023657829651027,2.3333333333333335,1.0846522890932808,1.8888888888888888,0.9002541398626663
0000088.jpg,2.388888888888889,0.8498365855987975,1.8888888888888888,1.1318329168362204,2.1666666666666665,0.7859052479933757
0000090.jpg,2.0555555555555554,0.802365782965103,1.6666666666666667,1.0289915108550531,2.2777777777777777,1.2274102605536663
0000091.jpg,3.2777777777777777,1.3636264606493256,3.3333333333333335,1.028991510855053,3.3333333333333335,1.137592917989042
0000092.jpg,3.2777777777777777,1.2744343869089327,3.3333333333333335,1.2366938848016846,3.2222222222222223,1.1659661762602749
0000094.jpg,2.9444444444444446,1.1099667309387473,2.8333333333333335,0.9851843661437781,2.6666666666666665,0.9701425001453319
0000095.jpg,2.4444444444444446,0.9217771979249536,2.111111111111111,1.0226199851298272,2.2222222222222223,0.8782037520219095
0000096.jpg,2.4444444444444446,0.7838233761296739,1.8333333333333333,1.0981267472114393,2.4444444444444446,0.9217771979249535
0000098.jpg,2.111111111111111,0.9633818428657448,2.5555555555555554,0.9835244081556431,1.9444444444444444,0.8023657829651029
0000099.jpg,1.5555555555555556,0.783823376129674,2.611111111111111,1.0921586228732252,1.7777777777777777,1.0032626514091005
0000101.jpg,2.2222222222222223,0.9428090415820634,1.8333333333333333,1.2004900959975617,2.3333333333333335,1.084652289093281
0000102.jpg,2.611111111111111,1.1447521637192346,1.6111111111111112,0.9785276387866012,2.388888888888889,1.1447521637192346
0000103.jpg,3.3333333333333335,1.3719886811400706,3.2777777777777777,1.4061024795535124,3.5,1.2485285456935955
0000105.jpg,2.388888888888889,1.2432826042324119,2.111111111111111,1.0226199851298272,2.611111111111111,1.2897281468629185
0000107.jpg,1.9444444444444444,1.3491706481792793,1.5555555555555556,1.1991282236408358,2.1666666666666665,1.3826657968874305
0000108.jpg,3.0555555555555554,1.3920878193318216,3.6666666666666665,1.3284223283101428,3.3333333333333335,1.2833778958394957
0000109.jpg,3.0555555555555554,1.2589548523523144,2.7222222222222223,1.3636264606493254,3.3333333333333335,1.3719886811400708
0000111.jpg,2.7777777777777777,1.2153699778283713,3.4444444444444446,1.1991282236408358,2.9444444444444446,1.1617543641469048
0000112.jpg,2.0555555555555554,0.8726040960806521,2.388888888888889,0.9785276387866012,2.0,0.8401680504168059
0000113.jpg,2.388888888888889,1.3779306261410682,2.5,1.4245742398014511,2.7222222222222223,1.274434386908933
0000114.jpg,2.8333333333333335,1.2485285456935955,3.0,1.2366938848016846,2.7222222222222223,1.1785113019775793
0000115.jpg,2.0,0.9701425001453319,1.7222222222222223,0.9582800496696001,1.7777777777777777,0.9428090415820634
0000118.jpg,2.888888888888889,1.2313975269103987,2.6666666666666665,1.137592917989042,3.0,1.0846522890932808
0000120.jpg,1.9444444444444444,0.8726040960806521,1.8888888888888888,1.078609610939221,1.7222222222222223,0.8947924869885988
0000121.jpg,2.2777777777777777,1.0178151661369075,2.5555555555555554,1.0416176459053665,2.2222222222222223,1.114374293206496
0000123.jpg,2.888888888888889,1.2313975269103987,2.6666666666666665,1.1881770515720091,3.0,1.0289915108550531
0000125.jpg,2.9444444444444446,1.055641551364534,3.0555555555555554,1.1099667309387473,2.8333333333333335,1.0431851677040118
0000126.jpg,2.611111111111111,0.9785276387866011,3.1666666666666665,0.7859052479933757,2.888888888888889,1.1318329168362207
0000127.jpg,3.2222222222222223,1.0032626514091005,3.1666666666666665,1.200490095997562,3.0,1.0846522890932808
0000128.jpg,2.611111111111111,0.7775443160352294,2.611111111111111,1.1447521637192346,2.3333333333333335,0.9701425001453318
0000129.jpg,3.6666666666666665,1.2366938848016846,3.8333333333333335,0.985184366143778,3.388888888888889,1.3779306261410684
0000130.jpg,1.2777777777777777,0.751903901522118,1.1666666666666667,0.5144957554275265,1.5,1.2485285456935955
0000137.jpg,3.3333333333333335,0.9074852129730301,2.7777777777777777,1.0032626514091005,3.111111111111111,1.1318329168362204
0000138.jpg,2.888888888888889,1.323493100445977,3.5555555555555554,1.3814835257889049,2.388888888888889,1.3779306261410682
0000140.jpg,2.5555555555555554,1.1490262999202834,2.2777777777777777,0.8947924869885988,2.6666666666666665,1.1881770515720091
0000141.jpg,3.5555555555555554,1.0416176459053668,3.2777777777777777,1.319784098009776,3.4444444444444446,1.247219128924647
0000142.jpg,3.7777777777777777,1.0032626514091005,3.888888888888889,1.1318329168362204,3.8333333333333335,1.0431851677040116
0000143.jpg,1.3333333333333333,0.5940885257860047,1.2222222222222223,0.4277926319464985,1.6111111111111112,1.1950332945836273
0000146.jpg,2.0,0.9074852129730301,1.7777777777777777,0.8782037520219095,2.0555555555555554,1.2113299556429324
0000147.jpg,1.5,0.8574929257125442,1.8333333333333333,1.2004900959975617,1.7222222222222223,1.227410260553666
0000150.jpg,2.111111111111111,1.0226199851298272,1.8888888888888888,0.9633818428657449,2.0555555555555554,1.161754364146905
0000152.jpg,4.055555555555555,1.2113299556429322,3.8333333333333335,1.2947859237091257,4.055555555555555,1.2113299556429322
0000153.jpg,2.9444444444444446,0.9375953110592338,1.9444444444444444,1.1617543641469046,2.7777777777777777,1.1659661762602749
0000156.jpg,3.4444444444444446,0.9835244081556433,3.2222222222222223,1.114374293206496,3.0555555555555554,1.1099667309387475
0000157.jpg,2.2222222222222223,1.0032626514091005,2.0555555555555554,1.1617543641469048,2.4444444444444446,1.1991282236408358
0000160.jpg,1.8888888888888888,0.8323523637957304,2.0,0.9074852129730301,1.8888888888888888,1.0786096109392211
0000161.jpg,1.7777777777777777,0.8782037520219095,1.6666666666666667,1.0289915108550531,1.8888888888888888,1.0786096109392211
0000162.jpg,2.0,0.7669649888473704,2.0555555555555554,1.1617543641469048,2.2222222222222223,1.1143742932064957
0000164.jpg,3.0,1.1375929179890423,3.111111111111111,1.2313975269103985,2.7222222222222223,1.4473324572571657
0000167.jpg,4.166666666666667,1.0431851677040116,3.611111111111111,1.1447521637192346,4.222222222222222,1.0602749674192764
0000168.jpg,4.277777777777778,1.0178151661369075,3.2777777777777777,1.4874200148759578,4.388888888888889,1.0369008625190794
0000171.jpg,3.6666666666666665,1.1881770515720091,3.0555555555555554,1.3920878193318216,3.4444444444444446,1.3814835257889047
0000172.jpg,2.7777777777777777,1.3527990831890464,3.1666666666666665,1.2485285456935957,2.5555555555555554,1.247219128924647
0000174.jpg,3.2222222222222223,1.3527990831890464,2.7222222222222223,1.127493605332358,3.388888888888889,1.0369008625190792
0000176.jpg,2.111111111111111,0.9002541398626663,2.0,0.9074852129730301,2.2222222222222223,1.114374293206496
0000178.jpg,3.4444444444444446,0.9835244081556431,2.7222222222222223,1.2744343869089332,3.2777777777777777,1.3636264606493256
0000179.jpg,3.388888888888889,1.1447521637192346,3.2222222222222223,1.262842524557225,3.0,1.3719886811400706
0000180.jpg,4.611111111111111,0.8498365855987975,4.666666666666667,0.6859943405700353,4.333333333333333,1.455213750217998
0000182.jpg,3.5,1.200490095997562,3.4444444444444446,1.0416176459053668,3.611111111111111,1.0921586228732252
0000183.jpg,2.7222222222222223,1.487420014875958,2.5,1.3394467690277296,2.4444444444444446,1.5038078030442363
0000190.jpg,3.111111111111111,1.0226199851298272,2.888888888888889,1.1318329168362207,3.111111111111111,1.1318329168362204
0000193.jpg,3.388888888888889,1.2432826042324119,2.9444444444444446,1.1099667309387475,3.4444444444444446,1.1991282236408356
0000194.jpg,4.055555555555555,1.1617543641469046,4.055555555555555,0.9983646759294875,4.222222222222222,1.1659661762602747
0000196.jpg,3.388888888888889,1.1950332945836273,3.0,0.970142500145332,3.3333333333333335,1.1881770515720091
0000199.jpg,3.0555555555555554,1.3048426644944469,2.4444444444444446,1.1490262999202832,3.388888888888889,1.2432826042324117
0000200.jpg,4.166666666666667,0.9235481451827989,3.6666666666666665,1.0846522890932808,4.166666666666667,0.9851843661437779
0000201.jpg,4.111111111111111,0.9002541398626663,3.7777777777777777,1.0602749674192764,4.166666666666667,0.9851843661437779
0000202.jpg,3.2777777777777777,0.7519039015221182,3.0555555555555554,1.1617543641469048,2.888888888888889,1.1826634392157036
0000203.jpg,1.3888888888888888,0.7775443160352294,1.2777777777777777,0.751903901522118,1.5,1.1504474832710558
0000204.jpg,4.166666666666667,0.9235481451827989,3.7777777777777777,1.2153699778283713,4.055555555555555,1.055641551364534
0000206.jpg,2.111111111111111,0.9633818428657448,1.7222222222222223,1.0740552924509195,2.1666666666666665,1.0431851677040116
0000207.jpg,3.2222222222222223,1.114374293206496,3.0555555555555554,1.4337208778404378,3.2222222222222223,1.2628425245572248
0000208.jpg,4.611111111111111,0.8498365855987975,4.555555555555555,0.6156987634551991,4.666666666666667,0.6859943405700353
0000210.jpg,3.5,0.9851843661437778,3.6666666666666665,0.9701425001453319,3.111111111111111,1.0226199851298272
0000211.jpg,4.111111111111111,0.9002541398626663,3.888888888888889,1.1318329168362204,4.111111111111111,0.9633818428657448
0000212.jpg,3.5555555555555554,0.9835244081556432,2.7777777777777777,1.2153699778283713,3.5555555555555554,1.0966377611066325
0000215.jpg,2.9444444444444446,1.1099667309387473,2.111111111111111,1.2313975269103985,3.1666666666666665,1.2485285456935955
0000216.jpg,3.388888888888889,1.0369008625190794,3.1666666666666665,1.200490095997562,3.2222222222222223,1.114374293206496
0000221.jpg,4.222222222222222,0.8782037520219095,3.388888888888889,1.0921586228732252,4.055555555555555,0.9983646759294875
0000226.jpg,3.2222222222222223,0.8782037520219095,2.388888888888889,1.1950332945836273,2.9444444444444446,1.0556415513645343
0000228.jpg,3.4444444444444446,1.1490262999202832,2.6666666666666665,1.1881770515720091,3.0,1.328422328310143
0000229.jpg,2.7222222222222223,1.1785113019775795,2.5,1.2947859237091257,2.7222222222222223,1.3197840980097757
0000231.jpg,3.0,1.1881770515720094,3.2777777777777777,1.0178151661369075,2.7222222222222223,1.227410260553666
0000232.jpg,2.5,0.923548145182799,2.388888888888889,1.0369008625190792,2.388888888888889,1.1447521637192346
0000233.jpg,3.0,1.137592917989042,3.1666666666666665,1.1504474832710556,2.8333333333333335,1.1504474832710558
0000234.jpg,2.5555555555555554,1.0966377611066322,2.3333333333333335,1.1881770515720091,2.5,1.200490095997562
0000235.jpg,3.0,1.1881770515720094,2.1666666666666665,1.3394467690277294,2.8333333333333335,1.2485285456935955
0000236.jpg,3.1666666666666665,1.1504474832710556,2.888888888888889,1.2313975269103987,3.2777777777777777,1.1785113019775793
0000237.jpg,2.7777777777777777,1.0032626514091008,1.7222222222222223,1.127493605332358,2.9444444444444446,1.055641551364534
0000239.jpg,3.2222222222222223,0.9428090415820634,2.3333333333333335,1.1881770515720091,3.2222222222222223,1.262842524557225
0000241.jpg,3.2222222222222223,1.1659661762602749,2.888888888888889,1.1826634392157036,3.0555555555555554,1.2589548523523144
0000242.jpg,3.4444444444444446,0.9217771979249534,2.6666666666666665,1.1375929179890423,3.3333333333333335,1.1881770515720091
0000244.jpg,3.7777777777777777,0.9428090415820634,2.7222222222222223,1.0740552924509195,4.111111111111111,0.9633818428657451
0000245.jpg,4.166666666666667,0.8574929257125442,3.6666666666666665,1.1881770515720091,3.611111111111111,1.4608172124206968
0000246.jpg,3.5555555555555554,1.0416176459053668,3.5,0.8574929257125442,3.5555555555555554,0.983524408155643
0000249.jpg,3.388888888888889,1.1950332945836273,3.6666666666666665,0.9701425001453319,3.111111111111111,1.4507153971054048
0000250.jpg,1.1666666666666667,0.5144957554275265,1.3888888888888888,0.8498365855987975,1.3888888888888888,1.0369008625190792
0000253.jpg,1.4444444444444444,1.0416176459053668,1.1666666666666667,0.5144957554275265,1.5555555555555556,1.1991282236408358
0000256.jpg,2.9444444444444446,0.9375953110592339,2.2777777777777777,1.1785113019775793,2.888888888888889,1.1318329168362207
0000257.jpg,4.111111111111111,0.8323523637957303,3.7777777777777777,0.9428090415820634,3.7777777777777777,1.3527990831890462
0000258.jpg,3.5555555555555554,1.1490262999202832,2.7777777777777777,1.2153699778283713,3.2222222222222223,1.262842524557225
0000260.jpg,2.8333333333333335,0.985184366143778,2.4444444444444446,0.9217771979249535,2.7222222222222223,1.227410260553666
0000261.jpg,3.0,0.970142500145332,2.888888888888889,1.078609610939221,2.9444444444444446,1.1617543641469048
0000265.jpg,3.111111111111111,1.0226199851298272,2.5,0.9235481451827988,3.1666666666666665,1.0431851677040116
0000266.jpg,3.7777777777777777,1.262842524557225,3.5555555555555554,1.464168996281919,3.6666666666666665,1.533929977694741
0000267.jpg,3.2777777777777777,0.9582800496696001,2.6666666666666665,1.137592917989042,3.0555555555555554,1.304842664494447
0000268.jpg,3.388888888888889,1.0921586228732252,2.7222222222222223,1.1785113019775795,3.0,1.328422328310143
0000270.jpg,2.9444444444444446,0.9983646759294875,3.0555555555555554,0.8726040960806521,3.0555555555555554,0.9375953110592338
0000272.jpg,3.0,0.9701425001453319,2.2777777777777777,1.0740552924509192,3.0,1.137592917989042
0000277.jpg,3.0,1.2366938848016846,2.1666666666666665,1.2947859237091257,3.0555555555555554,1.3920878193318216
0000278.jpg,4.333333333333333,1.084652289093281,3.611111111111111,1.0369008625190792,4.555555555555555,0.7047921864945659
0000280.jpg,3.0555555555555554,1.055641551364534,3.0,1.2366938848016846,3.0,1.2833778958394957
0000282.jpg,3.5,0.8574929257125442,2.5,1.200490095997562,2.9444444444444446,1.3048426644944469
0000283.jpg,2.111111111111111,1.022619985129827,1.8333333333333333,0.985184366143778,2.2777777777777777,1.1785113019775793
0000284.jpg,3.0,1.137592917989042,2.5,1.0981267472114393,3.1666666666666665,1.0981267472114393
0000287.jpg,3.7777777777777777,1.114374293206496,3.1666666666666665,1.2485285456935955,3.4444444444444446,1.3382263161373766
0000292.jpg,4.0,1.4142135623730947,3.1666666666666665,1.200490095997562,3.7222222222222223,1.4061024795535124
0000293.jpg,2.7222222222222223,1.227410260553666,2.5,1.0981267472114395,2.7777777777777777,1.3085940167422419
0000295.jpg,4.388888888888889,0.9164438231805327,3.111111111111111,1.1826634392157036,4.111111111111111,1.4507153971054052
0000297.jpg,3.7222222222222223,1.274434386908933,3.5,1.1504474832710556,3.2222222222222223,1.3527990831890462
0000299.jpg,4.166666666666667,0.8574929257125442,2.5,1.465284553774253,3.9444444444444446,1.3048426644944466
0000300.jpg,4.222222222222222,1.2153699778283713,4.055555555555555,0.9375953110592338,4.222222222222222,1.3527990831890462
0000302.jpg,4.388888888888889,0.9164438231805326,4.277777777777778,1.0740552924509195,4.222222222222222,1.2153699778283713
0000303.jpg,2.9444444444444446,1.1617543641469046,3.0,1.0846522890932808,2.8333333333333335,1.2485285456935955
0000304.jpg,2.6666666666666665,1.028991510855053,3.388888888888889,1.0369008625190792,2.888888888888889,1.0226199851298272
0000305.jpg,3.9444444444444446,1.2589548523523142,4.055555555555555,1.055641551364534,4.0,1.1375929179890418
0000306.jpg,3.0555555555555554,1.2589548523523144,2.8333333333333335,1.3394467690277294,2.888888888888889,1.3234931004459767
0000307.jpg,3.0555555555555554,0.9375953110592337,2.7777777777777777,1.114374293206496,3.0,1.0846522890932808
0000308.jpg,4.222222222222222,1.0032626514091005,3.2222222222222223,1.3085940167422419,3.9444444444444446,1.4337208778404378
0000310.jpg,4.222222222222222,0.9428090415820632,2.388888888888889,1.0369008625190792,3.9444444444444446,1.4337208778404378
0000312.jpg,3.388888888888889,0.9164438231805327,2.611111111111111,1.0369008625190792,2.9444444444444446,1.3920878193318216
0000313.jpg,3.5555555555555554,1.0416176459053668,3.1666666666666665,1.1504474832710556,3.3333333333333335,1.3284223283101428
0000314.jpg,4.277777777777778,1.0178151661369075,2.3333333333333335,1.495090003192804,3.7222222222222223,1.487420014875958
0000315.jpg,3.9444444444444446,0.9375953110592335,3.1666666666666665,1.0981267472114393,3.611111111111111,1.3779306261410682
0000316.jpg,4.388888888888889,0.9164438231805327,3.7777777777777777,1.0602749674192766,4.0,1.3284223283101428
0000318.jpg,3.3333333333333335,0.7669649888473702,3.2222222222222223,1.0032626514091005,3.0555555555555554,1.2113299556429324
0000319.jpg,1.6111111111111112,1.0921586228732252,1.3888888888888888,0.6076849889141857,1.8888888888888888,1.4095843729891313
0000320.jpg,4.166666666666667,0.8574929257125442,2.8333333333333335,1.2947859237091257,3.611111111111111,1.419978827053786
0000323.jpg,3.7777777777777777,1.0032626514091005,3.9444444444444446,1.0556415513645343,3.5,1.2485285456935955
0000324.jpg,4.055555555555555,0.9983646759294875,3.8333333333333335,0.923548145182799,4.0,0.90748521297303
0000327.jpg,3.9444444444444446,1.055641551364534,2.5555555555555554,1.4234267774809046,3.7777777777777777,1.516790557318723
0000328.jpg,3.7777777777777777,1.0032626514091005,3.1666666666666665,1.2485285456935955,3.3333333333333335,1.3284223283101426
0000329.jpg,3.111111111111111,0.8323523637957303,2.888888888888889,0.9002541398626663,3.0,1.1375929179890423
0000330.jpg,3.7222222222222223,0.7519039015221181,2.9444444444444446,1.3491706481792793,3.6666666666666665,1.0846522890932808
0000331.jpg,3.3333333333333335,1.3284223283101428,3.4444444444444446,1.1490262999202834,3.4444444444444446,1.1991282236408358
0000332.jpg,3.7777777777777777,0.9428090415820635,3.7777777777777777,1.0602749674192764,3.5555555555555554,1.247219128924647
0000333.jpg,4.222222222222222,0.8084520834544433,2.6666666666666665,1.2366938848016846,4.111111111111111,1.278274981412284
0000336.jpg,3.3333333333333335,1.1881770515720091,3.111111111111111,1.2313975269103985,3.3333333333333335,0.970142500145332
0000337.jpg,3.2777777777777777,1.0178151661369075,2.8333333333333335,1.200490095997562,3.2222222222222223,1.1659661762602749
0000338.jpg,4.111111111111111,0.9002541398626663,2.5555555555555554,1.5424282697487952,3.7777777777777777,1.1659661762602749
0000340.jpg,2.7777777777777777,1.516790557318723,2.111111111111111,1.5296631266542813,2.8333333333333335,1.5048939771136507
0000341.jpg,4.0,1.0846522890932808,3.0555555555555554,1.3491706481792793,4.111111111111111,0.9633818428657448
0000342.jpg,1.9444444444444444,0.9375953110592339,1.6666666666666667,0.9701425001453318,1.8888888888888888,1.2782749814122838
0000345.jpg,3.8333333333333335,1.5048939771136507,4.166666666666667,1.0431851677040116,3.888888888888889,1.604731565930206
0000346.jpg,4.5,0.8574929257125442,4.277777777777778,1.127493605332358,4.166666666666667,1.4245742398014511
0000347.jpg,4.277777777777778,0.8947924869885988,3.2222222222222223,1.3956046783744507,3.611111111111111,1.4199788270537859
0000349.jpg,4.055555555555555,0.9375953110592338,2.6666666666666665,1.2366938848016846,3.611111111111111,1.3779306261410682
0000352.jpg,4.0,1.0289915108550531,3.8333333333333335,0.985184366143778,3.888888888888889,1.131832916836221
0000354.jpg,4.222222222222222,1.2153699778283713,3.611111111111111,0.9785276387866013,4.166666666666667,1.1504474832710552
0000356.jpg,4.277777777777778,1.0740552924509195,3.2222222222222223,1.3085940167422419,3.6666666666666665,1.7822655773580136
0000358.jpg,4.333333333333333,0.970142500145332,4.222222222222222,0.8782037520219094,3.9444444444444446,1.4337208778404376
0000361.jpg,4.222222222222222,1.165966176260275,3.9444444444444446,0.8726040960806521,3.7222222222222223,1.4061024795535124
0000362.jpg,4.333333333333333,0.9074852129730302,3.888888888888889,0.9633818428657449,4.055555555555555,1.2589548523523144
0000363.jpg,4.333333333333333,0.9701425001453319,4.111111111111111,0.9633818428657449,3.611111111111111,1.5392469086379983
0000364.jpg,2.9444444444444446,1.2113299556429322,2.9444444444444446,1.2589548523523144,2.9444444444444446,1.3491706481792791
0000365.jpg,3.9444444444444446,1.1617543641469048,2.9444444444444446,1.1099667309387473,3.8333333333333335,1.0431851677040116
0000367.jpg,3.8333333333333335,1.0431851677040116,2.9444444444444446,1.0556415513645343,3.6666666666666665,1.028991510855053
0000369.jpg,3.5555555555555554,1.0966377611066325,2.7222222222222223,1.0740552924509195,3.6666666666666665,1.1375929179890423
0000372.jpg,4.055555555555555,1.3491706481792793,4.0,0.9701425001453319,3.888888888888889,1.3672165321380638
0000374.jpg,2.888888888888889,1.1826634392157036,2.7222222222222223,1.227410260553666,2.8333333333333335,1.2485285456935955
0000376.jpg,4.222222222222222,1.0032626514091005,4.055555555555555,0.9375953110592339,4.055555555555555,1.3920878193318216
0000377.jpg,2.8333333333333335,1.4245742398014511,2.9444444444444446,1.2589548523523144,3.111111111111111,1.5676467522593478
0000379.jpg,4.277777777777778,0.8947924869885988,4.166666666666667,0.985184366143778,3.888888888888889,1.4507153971054048
0000380.jpg,4.111111111111111,1.0226199851298272,3.8333333333333335,1.2485285456935953,3.7777777777777777,1.4371358589653878
0000382.jpg,4.055555555555555,1.1617543641469046,4.277777777777778,0.6691131580686883,4.277777777777778,1.0178151661369075
0000385.jpg,3.6666666666666665,1.0289915108550531,3.0555555555555554,1.2113299556429322,3.5,1.0431851677040116
0000386.jpg,3.611111111111111,1.0369008625190792,3.111111111111111,1.1318329168362207,3.611111111111111,1.0369008625190792
0000388.jpg,3.4444444444444446,1.1991282236408356,2.888888888888889,1.3234931004459767,3.5,1.0431851677040116
0000390.jpg,4.222222222222222,1.1659661762602749,4.111111111111111,1.1318329168362204,4.111111111111111,1.1826634392157036
0000392.jpg,2.9444444444444446,1.4741786236338814,2.9444444444444446,1.2589548523523144,3.0555555555555554,1.3920878193318216
0000394.jpg,3.7222222222222223,1.0740552924509192,3.3333333333333335,1.3719886811400706,3.6666666666666665,1.2833778958394957
0000395.jpg,4.111111111111111,0.9002541398626663,3.6666666666666665,1.1375929179890423,3.9444444444444446,0.9375953110592338
0000396.jpg,3.9444444444444446,1.5519332240873456,4.166666666666667,1.1504474832710554,4.277777777777778,1.0178151661369073
0000397.jpg,4.111111111111111,1.0226199851298272,2.3333333333333335,1.2366938848016846,4.111111111111111,1.1318329168362204
0000399.jpg,4.055555555555555,1.2113299556429322,3.611111111111111,1.2432826042324119,4.277777777777778,1.0178151661369075
0000402.jpg,4.166666666666667,1.0431851677040116,3.7222222222222223,1.227410260553666,4.0,1.0846522890932808
0000403.jpg,3.9444444444444446,0.9375953110592338,2.4444444444444446,1.1991282236408356,3.7777777777777777,1.3085940167422416
0000404.jpg,4.111111111111111,1.1826634392157036,3.888888888888889,0.9633818428657449,4.222222222222222,0.8782037520219095
0000407.jpg,3.888888888888889,1.1826634392157036,2.7777777777777777,1.262842524557225,3.888888888888889,0.9633818428657448
0000409.jpg,3.9444444444444446,0.9375953110592338,3.2777777777777777,0.9582800496696001,3.7222222222222223,1.127493605332358
0000411.jpg,4.055555555555555,1.1099667309387475,3.8333333333333335,1.1504474832710556,4.0,1.1881770515720091
0000413.jpg,3.388888888888889,1.1447521637192346,3.1666666666666665,1.0981267472114395,3.5555555555555554,1.0416176459053668
0000414.jpg,4.166666666666667,1.0431851677040116,4.222222222222222,0.9428090415820632,4.333333333333333,0.90748521297303
0000415.jpg,4.055555555555555,1.055641551364534,3.388888888888889,1.1447521637192346,3.9444444444444446,0.9983646759294875
0000417.jpg,3.7777777777777777,1.2153699778283713,3.4444444444444446,1.1991282236408358,3.611111111111111,1.4199788270537859
0000418.jpg,4.277777777777778,0.9582800496695999,4.0,1.0846522890932806,4.055555555555555,1.3920878193318214
0000419.jpg,4.0,0.90748521297303,3.7777777777777777,0.8782037520219095,3.9444444444444446,0.8726040960806519
0000420.jpg,3.888888888888889,1.078609610939221,3.4444444444444446,1.1490262999202832,3.9444444444444446,1.1099667309387469
0000421.jpg,4.055555555555555,1.055641551364534,3.4444444444444446,1.0416176459053668,4.0,1.1375929179890418
0000422.jpg,3.7222222222222223,1.0740552924509195,3.2777777777777777,1.2274102605536659,3.7222222222222223,1.0740552924509195
0000424.jpg,3.7777777777777777,1.0602749674192764,3.0,1.137592917989042,3.6666666666666665,1.0289915108550531
0000426.jpg,3.7777777777777777,1.0032626514091003,2.7222222222222223,1.1785113019775795,3.6666666666666665,1.0289915108550531
0000428.jpg,3.9444444444444446,0.9983646759294875,3.1666666666666665,1.2947859237091257,3.4444444444444446,1.293523333527109
0000429.jpg,3.888888888888889,1.0226199851298272,2.888888888888889,1.0226199851298272,3.5,1.2947859237091257
0000430.jpg,3.9444444444444446,1.1099667309387473,4.055555555555555,1.055641551364534,4.0,1.0846522890932808
0000431.jpg,3.8333333333333335,1.0431851677040116,3.1666666666666665,1.2485285456935955,3.4444444444444446,1.2935233335271092
0000432.jpg,3.2777777777777777,1.0178151661369075,2.7222222222222223,1.1274936053323583,3.0555555555555554,1.1617543641469048
0000433.jpg,3.6666666666666665,1.3284223283101428,3.3333333333333335,1.2833778958394957,3.611111111111111,1.2432826042324119
0000435.jpg,3.5,1.465284553774253,3.7777777777777777,0.9428090415820632,3.3333333333333335,1.5339299776947408
0000436.jpg,3.6666666666666665,1.4552137502179976,3.5555555555555554,1.3382263161373769,4.0,1.1881770515720091
0000437.jpg,3.7222222222222223,1.2274102605536659,3.388888888888889,1.1950332945836273,3.7777777777777777,1.0032626514091003
0000440.jpg,2.888888888888889,1.2313975269103985,3.4444444444444446,1.1490262999202834,2.9444444444444446,1.3048426644944469
0000444.jpg,4.0,1.2833778958394957,3.888888888888889,0.9633818428657448,3.9444444444444446,1.1099667309387473
0000446.jpg,4.222222222222222,1.0602749674192764,4.055555555555555,0.9983646759294877,4.111111111111111,1.1318329168362207
0000451.jpg,4.166666666666667,1.0981267472114393,4.0,1.0846522890932808,4.222222222222222,1.0602749674192764
0000452.jpg,3.8333333333333335,1.2485285456935955,3.6666666666666665,1.283377895839496,3.888888888888889,1.0786096109392207
0000456.jpg,3.0555555555555554,1.2113299556429324,2.7222222222222223,1.274434386908933,3.1666666666666665,1.3826657968874303
0000458.jpg,4.333333333333333,0.9701425001453318,4.166666666666667,1.1504474832710556,4.222222222222222,1.0602749674192764
0000460.jpg,3.111111111111111,1.1826634392157038,2.3333333333333335,1.2366938848016846,3.2222222222222223,1.3956046783744505
0000464.jpg,4.222222222222222,1.0032626514091003,2.9444444444444446,1.2589548523523144,4.111111111111111,1.1318329168362204
0000465.jpg,3.9444444444444446,1.055641551364534,3.5555555555555554,1.0966377611066325,3.8333333333333335,1.0981267472114393
0000466.jpg,4.166666666666667,1.3394467690277294,4.277777777777778,1.1274936053323579,4.388888888888889,1.0921586228732252
0000467.jpg,4.166666666666667,1.2947859237091257,4.222222222222222,0.8782037520219095,4.111111111111111,1.4907119849998596
0000468.jpg,4.0,0.9701425001453319,3.8333333333333335,1.200490095997562,4.111111111111111,1.078609610939221
0000469.jpg,3.8333333333333335,1.2947859237091257,2.888888888888889,1.2313975269103985,3.5,1.4245742398014511
0000470.jpg,3.2777777777777777,1.4061024795535124,3.2777777777777777,1.2274102605536659,3.388888888888889,1.3779306261410682
0000471.jpg,3.6666666666666665,1.4552137502179978,2.888888888888889,1.078609610939221,3.5,1.2485285456935955
0000472.jpg,3.6666666666666665,1.5339299776947408,1.8888888888888888,1.278274981412284,3.5,1.465284553774253
0000473.jpg,3.7777777777777777,1.3085940167422419,2.5555555555555554,1.1490262999202834,3.6666666666666665,1.2366938848016849
0000474.jpg,3.888888888888889,1.278274981412284,2.7222222222222223,1.274434386908933,3.7222222222222223,1.1274936053323583
0000476.jpg,3.388888888888889,1.1950332945836275,3.111111111111111,1.278274981412284,3.2777777777777777,1.227410260553666
0000477.jpg,4.055555555555555,1.3491706481792791,3.9444444444444446,1.1099667309387473,4.333333333333333,1.0846522890932808
0000479.jpg,3.5,1.2485285456935957,3.1666666666666665,1.3394467690277292,3.4444444444444446,1.247219128924647
0000480.jpg,3.888888888888889,1.2313975269103985,3.2777777777777777,1.1274936053323583,3.9444444444444446,1.3048426644944466
0000482.jpg,3.611111111111111,1.0921586228732252,3.2222222222222223,1.3085940167422419,3.3333333333333335,1.2833778958394957
0000483.jpg,3.8333333333333335,1.2004900959975617,3.3333333333333335,1.3284223283101428,3.5,1.5434872662825796
0000484.jpg,1.9444444444444444,1.3048426644944469,1.5555555555555556,0.7838233761296739,2.4444444444444446,1.6880975098063438
0000485.jpg,3.7777777777777777,1.2153699778283713,3.1666666666666665,1.200490095997562,3.9444444444444446,1.0556415513645339
0000487.jpg,3.5,1.0981267472114393,2.388888888888889,1.0369008625190792,3.611111111111111,1.1950332945836273
0000488.jpg,3.6666666666666665,1.137592917989042,3.1666666666666665,1.0981267472114393,3.7222222222222223,1.3636264606493254
0000489.jpg,3.6666666666666665,1.028991510855053,3.1666666666666665,1.200490095997562,3.611111111111111,1.2897281468629183
0000490.jpg,3.6666666666666665,1.0289915108550531,3.111111111111111,1.367216532138064,3.8333333333333335,1.1504474832710556
0000491.jpg,3.611111111111111,1.0921586228732254,3.0,1.137592917989042,3.6666666666666665,1.3284223283101428
0000492.jpg,4.166666666666667,1.1504474832710554,4.055555555555555,1.1099667309387473,4.388888888888889,1.092158622873225
0000493.jpg,3.888888888888889,1.1826634392157036,3.4444444444444446,1.464168996281919,3.888888888888889,1.1826634392157034
0000494.jpg,3.5555555555555554,1.1490262999202832,3.2222222222222223,1.165966176260275,3.611111111111111,1.1447521637192344
0000497.jpg,4.166666666666667,1.0431851677040116,3.5,1.3394467690277294,4.0,1.2366938848016846
0000498.jpg,3.7777777777777777,1.114374293206496,2.7777777777777777,1.0032626514091005,3.6666666666666665,1.283377895839496
0000500.jpg,2.9444444444444446,1.0556415513645339,2.5,1.0981267472114393,3.0555555555555554,1.3048426644944466
0000504.jpg,3.0555555555555554,0.9983646759294876,2.6666666666666665,1.1375929179890423,3.111111111111111,1.2313975269103985
0000505.jpg,3.5555555555555554,1.2935233335271092,3.0555555555555554,1.1617543641469048,3.611111111111111,1.0921586228732252
0000506.jpg,3.5,0.9235481451827988,3.111111111111111,1.1318329168362204,3.5,1.200490095997562
0000507.jpg,3.7777777777777777,1.0602749674192764,3.3333333333333335,1.2833778958394957,3.7777777777777777,1.3085940167422419
0000508.jpg,3.4444444444444446,1.3382263161373769,2.5555555555555554,1.1490262999202832,3.4444444444444446,1.4234267774809048
0000510.jpg,3.9444444444444446,1.1099667309387473,3.388888888888889,1.1950332945836275,4.222222222222222,1.0032626514091005
0000511.jpg,3.5,1.0981267472114393,2.8333333333333335,1.200490095997562,3.2222222222222223,1.3527990831890462
0000512.jpg,3.388888888888889,1.1950332945836273,3.2777777777777777,1.1274936053323583,3.4444444444444446,1.247219128924647
0000513.jpg,3.7777777777777777,1.262842524557225,2.111111111111111,1.078609610939221,3.888888888888889,1.1318329168362204
0000514.jpg,3.7777777777777777,1.165966176260275,3.0,0.970142500145332,3.7222222222222223,1.178511301977579
0000515.jpg,3.2777777777777777,1.0178151661369075,2.888888888888889,1.1826634392157036,3.1666666666666665,1.38266579688743
0000517.jpg,3.888888888888889,1.2313975269103985,2.9444444444444446,1.3491706481792793,3.6666666666666665,1.328422328310143
0000520.jpg,3.888888888888889,1.278274981412284,3.111111111111111,1.4507153971054052,4.055555555555555,0.9983646759294875
0000521.jpg,3.388888888888889,1.2432826042324119,3.0555555555555554,1.1099667309387473,3.5555555555555554,1.0416176459053665
0000522.jpg,4.111111111111111,1.078609610939221,3.5,1.0431851677040116,4.277777777777778,0.9582800496696
0000523.jpg,3.6666666666666665,1.028991510855053,2.9444444444444446,1.1617543641469048,3.5,1.1504474832710558
0000524.jpg,3.888888888888889,1.2313975269103985,4.055555555555555,0.9375953110592338,3.7222222222222223,1.3636264606493256
0000525.jpg,3.7222222222222223,1.0740552924509192,3.0555555555555554,1.3048426644944466,3.6666666666666665,1.137592917989042
0000526.jpg,3.4444444444444446,1.2472191289246473,3.4444444444444446,1.1490262999202834,3.6666666666666665,1.137592917989042
0000527.jpg,3.8333333333333335,0.8574929257125442,2.7222222222222223,1.127493605332358,3.7222222222222223,1.0740552924509192
0000529.jpg,3.4444444444444446,0.7838233761296738,2.9444444444444446,1.1099667309387473,3.2222222222222223,1.2628425245572248
0000530.jpg,3.4444444444444446,1.247219128924647,3.1666666666666665,1.1504474832710556,3.5,1.3394467690277294
0000533.jpg,3.5555555555555554,1.1490262999202832,3.0,1.137592917989042,3.611111111111111,1.1950332945836273
0000534.jpg,3.5,1.0981267472114393,3.2222222222222223,1.3527990831890462,3.5,1.4245742398014511
0000536.jpg,3.7777777777777777,1.114374293206496,3.111111111111111,1.450715397105405,3.6666666666666665,1.1881770515720091
0000537.jpg,3.3333333333333335,1.3719886811400706,3.0555555555555554,1.2113299556429322,3.6666666666666665,1.1881770515720091
0000538.jpg,3.5,1.0981267472114393,3.1666666666666665,1.200490095997562,3.7222222222222223,1.127493605332358
0000540.jpg,3.9444444444444446,1.1099667309387473,3.8333333333333335,1.3394467690277296,3.7222222222222223,1.4473324572571655
0000543.jpg,3.6666666666666665,0.9701425001453318,3.7222222222222223,1.127493605332358,3.611111111111111,1.2897281468629185
0000546.jpg,3.611111111111111,0.9785276387866011,3.1666666666666665,1.1504474832710556,3.6666666666666665,1.137592917989042
0000547.jpg,3.7222222222222223,1.1785113019775793,3.7777777777777777,1.1659661762602749,3.7777777777777777,1.2153699778283713
0000548.jpg,3.888888888888889,1.1318329168362207,3.3333333333333335,1.1881770515720094,3.7222222222222223,1.1785113019775793
0000550.jpg,3.8333333333333335,1.0981267472114393,3.5,1.2485285456935955,3.7777777777777777,1.165966176260275
0000551.jpg,3.611111111111111,1.1950332945836273,3.388888888888889,1.1447521637192346,3.888888888888889,1.0226199851298272
0000552.jpg,3.5,1.2004900959975617,3.2777777777777777,1.0740552924509195,3.8333333333333335,1.0431851677040116
0000553.jpg,3.5,1.0431851677040116,3.5,1.098126747211439,3.7777777777777777,1.1659661762602749
0000554.jpg,3.7222222222222223,0.8264420947336313,3.3333333333333335,1.028991510855053,3.6666666666666665,1.0289915108550531
0000555.jpg,3.6666666666666665,0.9701425001453318,3.111111111111111,1.1826634392157036,3.6666666666666665,1.0289915108550531
0000557.jpg,3.7222222222222223,0.9582800496696002,3.6666666666666665,1.0846522890932808,3.8333333333333335,0.985184366143778
0000560.jpg,2.111111111111111,1.2313975269103985,2.388888888888889,1.092158622873225,2.111111111111111,1.49071198499986
0000563.jpg,1.5,0.7859052479933758,1.3888888888888888,0.9785276387866012,1.6666666666666667,1.137592917989042
0000564.jpg,1.4444444444444444,0.7838233761296739,1.5555555555555556,1.0416176459053668,1.5555555555555556,1.1490262999202834
0000565.jpg,2.4444444444444446,1.0416176459053668,2.2777777777777777,1.127493605332358,2.4444444444444446,1.2935233335271092
0000566.jpg,1.5,0.7071067811865476,2.0,0.9701425001453319,1.6666666666666667,1.283377895839496
0000567.jpg,1.6111111111111112,0.8498365855987974,1.6111111111111112,0.6978023391872252,2.0555555555555554,1.2113299556429322
0000568.jpg,1.6111111111111112,0.7775443160352296,1.6111111111111112,0.9785276387866012,1.9444444444444444,1.2589548523523144
0000569.jpg,1.4444444444444444,0.7047921864945658,1.6666666666666667,0.7669649888473704,1.5555555555555556,1.1490262999202834
0000571.jpg,2.5555555555555554,1.0966377611066322,2.8333333333333335,1.1504474832710556,2.6666666666666665,1.3284223283101428
0000572.jpg,1.5,0.8574929257125442,1.7222222222222223,1.0740552924509192,1.5,1.0431851677040116
0000575.jpg,2.0,1.0289915108550531,2.111111111111111,1.0226199851298272,2.0555555555555554,1.2113299556429324
0000577.jpg,2.2777777777777777,0.9582800496696001,2.2777777777777777,1.127493605332358,2.611111111111111,1.2432826042324119
0000578.jpg,1.8333333333333333,0.9235481451827989,1.7777777777777777,1.0032626514091005,2.3333333333333335,1.2833778958394957
0000580.jpg,1.9444444444444444,0.9983646759294875,1.7777777777777777,1.2628425245572248,1.8888888888888888,1.1826634392157038
0000581.jpg,2.3333333333333335,1.0846522890932808,2.5,1.2485285456935955,2.7222222222222223,1.1785113019775793
0000582.jpg,1.4444444444444444,0.9217771979249536,1.6111111111111112,1.1950332945836273,1.7222222222222223,1.127493605332358
0000583.jpg,2.5,1.1504474832710556,2.8333333333333335,1.1504474832710556,2.4444444444444446,1.293523333527109
0000585.jpg,1.6111111111111112,0.7775443160352296,2.111111111111111,1.0226199851298272,1.7222222222222223,1.0740552924509192
0000588.jpg,3.5,1.3394467690277294,3.611111111111111,1.2897281468629185,3.6666666666666665,1.2366938848016846
0000589.jpg,2.5555555555555554,0.9835244081556433,2.5,1.0981267472114393,2.5,1.2485285456935955
0000592.jpg,2.3333333333333335,1.137592917989042,2.2222222222222223,1.2628425245572248,2.2222222222222223,1.3085940167422416
0000594.jpg,2.4444444444444446,1.0416176459053668,2.388888888888889,1.1950332945836273,2.611111111111111,1.2897281468629185
0000595.jpg,3.5,1.2485285456935955,3.4444444444444446,1.1991282236408358,3.611111111111111,1.1950332945836273
0000596.jpg,1.8333333333333333,1.0981267472114395,2.111111111111111,1.2782749814122838,1.8333333333333333,1.294785923709126
0000597.jpg,2.1666666666666665,0.985184366143778,2.5555555555555554,1.1490262999202834,2.1666666666666665,1.1504474832710556
0000598.jpg,2.0555555555555554,1.1617543641469048,2.388888888888889,1.2897281468629183,2.2777777777777777,1.274434386908933
0000599.jpg,2.2777777777777777,1.0178151661369075,2.1666666666666665,1.1504474832710556,2.4444444444444446,1.1991282236408358
0000600.jpg,2.9444444444444446,1.1617543641469048,2.888888888888889,1.2782749814122838,2.7222222222222223,1.3197840980097757
0000601.jpg,2.6666666666666665,0.9701425001453319,2.5,1.0431851677040116,2.6666666666666665,1.1881770515720091
0000602.jpg,1.8888888888888888,0.8323523637957305,2.388888888888889,1.1447521637192346,1.8333333333333333,0.985184366143778
0000603.jpg,1.8333333333333333,0.9235481451827989,2.3333333333333335,1.2366938848016846,1.5555555555555556,0.9217771979249535
0000604.jpg,2.0,0.9074852129730301,1.8333333333333333,1.1504474832710556,2.2777777777777777,1.3197840980097757
0000606.jpg,1.9444444444444444,1.1617543641469048,2.0,1.1881770515720091,2.0,1.328422328310143
0000608.jpg,2.6666666666666665,0.9074852129730302,3.0,0.9074852129730302,2.5555555555555554,1.0966377611066325
0000609.jpg,1.9444444444444444,1.1099667309387473,1.7777777777777777,1.1143742932064957,1.9444444444444444,1.2589548523523144
0000610.jpg,2.3333333333333335,1.137592917989042,2.3333333333333335,1.028991510855053,2.611111111111111,1.2432826042324119
0000613.jpg,2.111111111111111,1.0226199851298272,2.2777777777777777,1.178511301977579,2.2777777777777777,1.3197840980097757
0000615.jpg,1.7777777777777777,1.1659661762602749,2.0,1.4552137502179976,2.0555555555555554,1.5519332240873458
0000616.jpg,1.8333333333333333,0.985184366143778,2.2777777777777777,1.0740552924509192,1.8333333333333333,1.0431851677040116
0000617.jpg,1.6111111111111112,0.9785276387866012,1.4444444444444444,0.9835244081556432,1.6666666666666667,1.137592917989042
0000622.jpg,2.388888888888889,0.9785276387866012,2.3333333333333335,1.1881770515720091,2.3333333333333335,1.2366938848016846
0000623.jpg,1.9444444444444444,0.9983646759294875,2.0555555555555554,1.2589548523523144,2.111111111111111,1.3234931004459767
0000624.jpg,1.7777777777777777,1.0032626514091005,1.9444444444444444,1.2589548523523144,1.8333333333333333,1.2485285456935955
0000628.jpg,1.7777777777777777,0.9428090415820634,2.5555555555555554,1.1490262999202832,2.0,1.084652289093281
0000629.jpg,2.4444444444444446,1.0966377611066322,2.5,0.9851843661437779,2.7222222222222223,1.2744343869089332
0000630.jpg,3.0,0.970142500145332,2.4444444444444446,1.247219128924647,3.111111111111111,1.1826634392157036
0000631.jpg,2.5555555555555554,1.1490262999202834,2.7222222222222223,1.1785113019775795,2.611111111111111,1.2432826042324119
0000633.jpg,2.2777777777777777,1.1785113019775793,2.611111111111111,1.3779306261410682,2.611111111111111,1.3779306261410684
0000635.jpg,2.2777777777777777,1.274434386908933,2.2777777777777777,1.274434386908933,2.3333333333333335,1.4142135623730951
0000636.jpg,1.6666666666666667,0.9074852129730301,2.2222222222222223,1.1143742932064957,1.8888888888888888,1.1826634392157038
0000637.jpg,2.7777777777777777,1.3085940167422419,2.7222222222222223,1.178511301977579,2.7222222222222223,1.3636264606493254
0000638.jpg,2.8333333333333335,1.2485285456935955,3.0555555555555554,1.3920878193318216,2.9444444444444446,1.4337208778404378
0000639.jpg,2.6666666666666665,1.2366938848016846,2.611111111111111,1.2897281468629185,2.7222222222222223,1.4061024795535124
0000640.jpg,3.0555555555555554,0.9375953110592338,3.0555555555555554,1.1617543641469048,3.1666666666666665,1.0431851677040116
0000641.jpg,2.5,1.200490095997562,2.8333333333333335,1.200490095997562,2.611111111111111,1.2897281468629185
0000643.jpg,1.8333333333333333,0.985184366143778,2.4444444444444446,1.1991282236408358,1.9444444444444444,1.1099667309387475
0000646.jpg,3.2222222222222223,0.9428090415820632,3.388888888888889,0.9785276387866012,3.388888888888889,0.9164438231805327
0000647.jpg,1.4444444444444444,0.783823376129674,1.6666666666666667,1.1881770515720091,1.7222222222222223,1.3197840980097757
0000648.jpg,2.7222222222222223,1.227410260553666,2.4444444444444446,1.247219128924647,2.9444444444444446,1.3048426644944466
0000649.jpg,2.6666666666666665,1.084652289093281,2.388888888888889,1.1950332945836273,2.7222222222222223,1.274434386908933
0000651.jpg,2.5555555555555554,1.293523333527109,2.5,1.2004900959975617,2.6666666666666665,1.3719886811400706
0000652.jpg,2.5,1.1504474832710556,2.5,1.1504474832710556,2.611111111111111,1.4199788270537859
0000653.jpg,2.0,1.0289915108550531,2.4444444444444446,1.0416176459053665,2.1666666666666665,1.3394467690277294
0000654.jpg,2.5,1.1504474832710554,2.2222222222222223,1.2153699778283713,2.5,1.4245742398014511
0000655.jpg,1.7777777777777777,1.0602749674192764,2.3333333333333335,1.1881770515720091,1.7777777777777777,1.0602749674192764
0000656.jpg,2.3333333333333335,1.0289915108550531,2.5,1.2947859237091257,2.2777777777777777,1.3197840980097757
0000658.jpg,2.888888888888889,1.2313975269103987,3.111111111111111,1.4095843729891318,3.111111111111111,1.367216532138064
0000659.jpg,1.9444444444444444,0.9375953110592338,1.7777777777777777,1.1659661762602749,2.0555555555555554,1.055641551364534
0000664.jpg,2.4444444444444446,1.1490262999202832,2.3333333333333335,1.2366938848016846,2.388888888888889,1.334558260861618
0000665.jpg,2.6666666666666665,1.1375929179890423,2.2222222222222223,1.3527990831890462,2.5,1.3826657968874305
0000666.jpg,2.4444444444444446,1.1991282236408358,2.388888888888889,1.2897281468629183,2.5,1.4245742398014511
0000668.jpg,2.4444444444444446,1.247219128924647,2.111111111111111,1.0226199851298272,2.611111111111111,1.3779306261410684
0000670.jpg,2.1666666666666665,1.0431851677040118,2.111111111111111,1.278274981412284,2.388888888888889,1.243282604232412
0000671.jpg,2.8333333333333335,1.1504474832710556,2.6666666666666665,1.2833778958394957,2.6666666666666665,1.2833778958394957
0000672.jpg,2.4444444444444446,1.0966377611066322,2.5555555555555554,1.247219128924647,2.388888888888889,1.1950332945836273
0000674.jpg,2.0,1.2366938848016849,2.0,1.2366938848016846,2.1666666666666665,1.5048939771136507
0000678.jpg,2.5,1.0981267472114393,2.7222222222222223,1.127493605332358,2.5555555555555554,0.9835244081556432
0000680.jpg,1.4444444444444444,0.6156987634551992,1.7222222222222223,1.0178151661369075,1.6666666666666667,1.137592917989042
0000682.jpg,1.8333333333333333,0.9235481451827989,1.5,0.7859052479933758,1.8888888888888888,1.0226199851298274
0000683.jpg,2.6666666666666665,0.9701425001453319,2.8333333333333335,1.1504474832710556,2.7222222222222223,1.274434386908933
0000685.jpg,2.7222222222222223,1.1785113019775793,2.8333333333333335,1.1504474832710556,2.7222222222222223,1.4061024795535124
0000687.jpg,2.2222222222222223,1.114374293206496,1.8888888888888888,1.1318329168362207,2.5555555555555554,1.293523333527109
0000688.jpg,2.2777777777777777,1.127493605332358,2.5,1.200490095997562,2.4444444444444446,1.293523333527109
0000691.jpg,2.5,1.200490095997562,2.5,1.2947859237091257,2.7222222222222223,1.3197840980097757
0000692.jpg,2.7222222222222223,1.2274102605536659,2.888888888888889,1.078609610939221,2.888888888888889,1.278274981412284
0000693.jpg,2.6666666666666665,0.9701425001453319,3.0,1.137592917989042,2.7222222222222223,1.2274102605536659
0000695.jpg,2.3333333333333335,1.0846522890932808,2.3333333333333335,1.0846522890932808,2.5555555555555554,1.293523333527109
0000696.jpg,3.0555555555555554,1.1617543641469048,2.1666666666666665,1.3394467690277294,2.9444444444444446,1.3048426644944469
0000697.jpg,2.2777777777777777,1.1274936053323583,2.4444444444444446,1.293523333527109,2.3333333333333335,1.2366938848016846
0000700.jpg,2.0,0.8401680504168059,2.4444444444444446,1.0966377611066325,2.1666666666666665,1.0431851677040116
0000701.jpg,1.4444444444444444,0.6156987634551992,1.8888888888888888,1.0226199851298272,1.6666666666666667,1.0846522890932808
0000702.jpg,2.0,1.137592917989042,2.0555555555555554,1.2589548523523144,2.388888888888889,1.2897281468629185
0000703.jpg,1.5,0.6183469424008424,1.5,0.7071067811865476,1.6666666666666667,1.1881770515720091
0000704.jpg,2.5,1.3394467690277294,2.7222222222222223,1.3636264606493254,2.611111111111111,1.1950332945836273
0000705.jpg,2.7222222222222223,1.227410260553666,2.611111111111111,1.2897281468629183,2.7222222222222223,1.3197840980097757
0000707.jpg,3.2222222222222223,1.262842524557225,2.7777777777777777,1.2153699778283713,3.1666666666666665,1.3394467690277292
0000708.jpg,2.9444444444444446,1.2113299556429322,2.611111111111111,1.1447521637192346,3.111111111111111,1.1826634392157036
0000709.jpg,2.9444444444444446,0.9983646759294875,2.8333333333333335,1.200490095997562,3.0555555555555554,1.2589548523523144
0000710.jpg,2.611111111111111,1.1447521637192346,2.611111111111111,1.1950332945836273,2.7222222222222223,1.274434386908933
0000711.jpg,2.2777777777777777,1.127493605332358,2.611111111111111,1.1950332945836273,2.4444444444444446,1.1991282236408358
0000712.jpg,2.0,0.9701425001453319,1.8888888888888888,0.8323523637957303,2.111111111111111,1.0786096109392207
0000713.jpg,1.5555555555555556,0.8555852638929972,1.3888888888888888,0.6076849889141857,1.6666666666666667,1.1881770515720091
0000714.jpg,2.0555555555555554,0.9983646759294874,2.0555555555555554,0.9375953110592338,2.2777777777777777,1.2274102605536659
0000717.jpg,2.611111111111111,0.8498365855987975,2.388888888888889,0.9785276387866012,2.7777777777777777,1.165966176260275
0000719.jpg,2.8333333333333335,1.1504474832710556,2.7777777777777777,1.3085940167422419,3.111111111111111,1.278274981412284
0000720.jpg,3.0,0.970142500145332,3.0,1.1375929179890423,3.0555555555555554,1.2113299556429322
0000722.jpg,2.8333333333333335,1.200490095997562,2.8333333333333335,1.2485285456935955,3.111111111111111,1.367216532138064
0000723.jpg,1.9444444444444444,0.802365782965103,1.8333333333333333,0.985184366143778,2.111111111111111,1.078609610939221
0000725.jpg,2.9444444444444446,1.1099667309387475,3.0555555555555554,1.1617543641469048,2.7777777777777777,1.262842524557225
0000727.jpg,1.6666666666666667,0.7669649888473704,1.8888888888888888,0.8323523637957304,1.8888888888888888,1.1826634392157036
0000728.jpg,2.1666666666666665,1.2004900959975617,2.388888888888889,1.2432826042324119,2.1666666666666665,1.3394467690277294
0000729.jpg,2.7222222222222223,1.0178151661369075,2.6666666666666665,1.0289915108550531,2.7777777777777777,1.3085940167422419
0000730.jpg,2.888888888888889,1.1318329168362207,3.2222222222222223,1.2153699778283713,3.2777777777777777,1.1785113019775793
0000732.jpg,2.7777777777777777,1.1143742932064957,2.7222222222222223,1.274434386908933,2.7777777777777777,1.262842524557225
0000734.jpg,3.2222222222222223,1.3085940167422419,2.9444444444444446,1.2113299556429322,3.5,1.465284553774253
0000736.jpg,2.5,1.2947859237091257,2.7777777777777777,1.3085940167422419,2.6666666666666665,1.3719886811400706
0000738.jpg,2.8333333333333335,1.0431851677040116,2.4444444444444446,1.1991282236408356,2.9444444444444446,1.3491706481792793
0000739.jpg,4.111111111111111,1.078609610939221,2.888888888888889,1.278274981412284,4.111111111111111,1.1318329168362204
0000742.jpg,2.4444444444444446,0.9835244081556433,1.6111111111111112,0.8498365855987975,2.7222222222222223,1.3197840980097757
0000743.jpg,3.7222222222222223,1.3197840980097757,3.4444444444444446,1.3814835257889049,3.5555555555555554,1.247219128924647
0000744.jpg,3.888888888888889,1.2782749814122838,3.611111111111111,1.2897281468629183,3.888888888888889,1.2782749814122836
0000745.jpg,3.7222222222222223,1.274434386908933,3.5,1.3826657968874303,3.7777777777777777,1.3085940167422419
0000746.jpg,3.7222222222222223,1.4473324572571655,3.5555555555555554,1.464168996281919,3.5555555555555554,1.5801050680710413
0000748.jpg,3.5555555555555554,1.1490262999202834,3.2777777777777777,1.0740552924509195,3.388888888888889,1.4608172124206966
0000749.jpg,3.6666666666666665,1.0846522890932808,3.1666666666666665,0.985184366143778,3.6666666666666665,1.2833778958394957
0000750.jpg,3.6666666666666665,1.2366938848016846,3.611111111111111,1.1950332945836275,3.8333333333333335,1.2485285456935955
0000753.jpg,3.8333333333333335,1.2485285456935955,3.6666666666666665,1.2833778958394957,3.7222222222222223,1.5264551613058026
0000755.jpg,3.5,1.0431851677040116,2.7777777777777777,1.2153699778283713,3.4444444444444446,1.247219128924647
0000757.jpg,4.333333333333333,1.0289915108550531,4.222222222222222,1.0602749674192764,4.333333333333333,1.283377895839496
0000758.jpg,4.0,1.0289915108550531,4.0,1.0846522890932808,3.7222222222222223,1.4473324572571655
0000759.jpg,1.3888888888888888,0.6978023391872252,1.5,0.7859052479933758,1.5,1.0981267472114393
0000761.jpg,4.222222222222222,1.1143742932064957,4.111111111111111,1.1826634392157036,4.444444444444445,0.9835244081556432
0000762.jpg,1.9444444444444444,1.055641551364534,2.0555555555555554,0.8726040960806521,1.8888888888888888,1.078609610939221
0000767.jpg,2.0555555555555554,0.9983646759294875,2.1666666666666665,0.9235481451827987,2.1666666666666665,1.2004900959975617
0000768.jpg,2.888888888888889,1.3672165321380643,2.611111111111111,1.4199788270537859,3.0,1.3719886811400708
0000769.jpg,3.7222222222222223,1.4061024795535124,3.7222222222222223,1.2744343869089327,3.5555555555555554,1.542428269748795
0000770.jpg,2.9444444444444446,1.4337208778404378,3.0555555555555554,1.3920878193318216,2.888888888888889,1.5676467522593478
0000773.jpg,3.8333333333333335,1.1504474832710556,3.888888888888889,1.1318329168362207,3.8333333333333335,1.1504474832710556
0000777.jpg,3.1666666666666665,1.0981267472114393,3.1666666666666665,1.2485285456935955,3.2777777777777777,1.3636264606493254
0000778.jpg,3.2777777777777777,1.0740552924509195,2.8333333333333335,1.200490095997562,3.2222222222222223,1.4371358589653878
0000779.jpg,3.6666666666666665,1.2833778958394957,3.6666666666666665,0.9701425001453319,3.7222222222222223,1.178511301977579
0000782.jpg,2.8333333333333335,1.0431851677040116,2.5555555555555554,1.1490262999202834,2.6666666666666665,1.3284223283101428
0000783.jpg,3.388888888888889,1.1950332945836273,3.1666666666666665,1.2485285456935955,3.5,1.2004900959975617
0000784.jpg,3.1666666666666665,1.3826657968874305,2.611111111111111,1.1447521637192346,3.4444444444444446,1.3814835257889049
0000785.jpg,3.8333333333333335,1.2947859237091257,3.8333333333333335,1.2485285456935955,3.7222222222222223,1.487420014875958
0000786.jpg,4.555555555555555,0.783823376129674,4.055555555555555,0.9983646759294876,4.277777777777778,1.2744343869089327
0000787.jpg,3.0,1.2366938848016844,3.0555555555555554,1.3491706481792793,2.8333333333333335,1.465284553774253
0000788.jpg,3.5,1.0981267472114393,3.5555555555555554,1.0416176459053668,3.1666666666666665,1.3826657968874305
0000789.jpg,3.888888888888889,1.1826634392157036,3.888888888888889,1.0226199851298272,3.6666666666666665,1.5339299776947408
0000790.jpg,3.2777777777777777,1.0740552924509192,3.388888888888889,0.9164438231805327,3.2777777777777777,1.3197840980097757
0000791.jpg,3.8333333333333335,1.3394467690277292,3.7777777777777777,1.262842524557225,3.7777777777777777,1.4775000967674123
0000792.jpg,4.166666666666667,1.2004900959975617,4.055555555555555,1.2589548523523144,3.888888888888889,1.5676467522593478
0000793.jpg,2.0555555555555554,0.8726040960806521,2.1666666666666665,1.1504474832710556,1.7222222222222223,0.8947924869885988
0000794.jpg,2.611111111111111,1.1447521637192348,1.8888888888888888,1.0226199851298272,2.388888888888889,1.4199788270537859
0000795.jpg,2.888888888888889,1.1318329168362207,2.5555555555555554,0.9835244081556432,2.8333333333333335,1.3826657968874305
0000796.jpg,2.5,1.0431851677040118,2.6666666666666665,1.1375929179890423,2.388888888888889,1.2897281468629183
0000797.jpg,3.0,1.137592917989042,3.0555555555555554,1.2113299556429322,2.7222222222222223,1.4874200148759578
0000798.jpg,3.8333333333333335,1.2947859237091257,3.9444444444444446,1.1617543641469046,3.7777777777777777,1.4775000967674123
0000799.jpg,3.5,1.1504474832710556,3.111111111111111,1.1826634392157036,3.2777777777777777,1.3636264606493254
0000802.jpg,3.8333333333333335,1.0981267472114393,3.7777777777777777,1.1659661762602749,3.7222222222222223,1.5264551613058028
0000804.jpg,3.6666666666666665,1.1881770515720091,3.7222222222222223,1.2274102605536659,3.5555555555555554,1.5801050680710418
0000806.jpg,3.5,1.3394467690277296,3.5555555555555554,1.4234267774809048,3.5555555555555554,1.4641689962819189
0000808.jpg,1.8888888888888888,0.8323523637957304,1.9444444444444444,1.1617543641469046,2.111111111111111,1.1318329168362202
0000811.jpg,3.6666666666666665,1.0846522890932808,3.1666666666666665,1.0981267472114393,3.5555555555555554,1.247219128924647
0000813.jpg,3.5,1.0981267472114393,3.1666666666666665,1.0981267472114393,3.3333333333333335,1.2366938848016846
0000815.jpg,2.5555555555555554,0.9217771979249535,3.0,1.1881770515720091,2.7222222222222223,1.1785113019775793
0000816.jpg,4.388888888888889,0.8498365855987975,4.166666666666667,0.857492925712544,4.222222222222222,1.0032626514091005
0000818.jpg,3.4444444444444446,1.0416176459053668,3.2777777777777777,1.0178151661369075,3.3333333333333335,1.2366938848016846
0000819.jpg,2.9444444444444446,1.3048426644944469,2.888888888888889,1.4507153971054048,3.1666666666666665,1.3826657968874305
0000820.jpg,3.888888888888889,1.1318329168362204,3.1666666666666665,1.200490095997562,3.7777777777777777,1.39560467837445
0000822.jpg,3.6666666666666665,1.1375929179890423,3.5555555555555554,1.1490262999202834,3.611111111111111,1.2432826042324119
0000823.jpg,3.2777777777777777,1.1274936053323583,3.5555555555555554,1.1490262999202834,3.2222222222222223,1.3956046783744505
0000824.jpg,2.7222222222222223,1.127493605332358,3.111111111111111,1.1826634392157036,2.8333333333333335,1.3394467690277294
0000826.jpg,2.888888888888889,1.2313975269103987,2.8333333333333335,1.200490095997562,3.2777777777777777,1.3636264606493256
0000827.jpg,3.1666666666666665,0.985184366143778,3.4444444444444446,1.247219128924647,3.111111111111111,1.323493100445977
0000828.jpg,4.222222222222222,1.165966176260275,4.222222222222222,0.9428090415820631,4.055555555555555,1.3491706481792791
0000829.jpg,3.2222222222222223,1.0602749674192766,3.4444444444444446,1.041617645905367,3.1666666666666665,1.5048939771136507
0000830.jpg,2.6666666666666665,1.1375929179890423,3.0,1.1881770515720091,2.888888888888889,1.1826634392157036
0000832.jpg,3.388888888888889,1.1950332945836273,3.388888888888889,1.2432826042324119,3.5,1.3826657968874305
0000833.jpg,3.1666666666666665,1.200490095997562,2.888888888888889,1.2313975269103985,3.1666666666666665,1.1504474832710558
0000834.jpg,4.333333333333333,0.9074852129730303,3.888888888888889,0.9633818428657449,4.222222222222222,1.0032626514091003
0000835.jpg,3.388888888888889,1.0921586228732252,3.111111111111111,1.1826634392157038,3.388888888888889,1.1447521637192346
0000836.jpg,3.0,1.0846522890932808,3.0,1.1375929179890423,2.8333333333333335,1.200490095997562
0000838.jpg,3.4444444444444446,1.0416176459053668,3.1666666666666665,1.1504474832710556,3.0555555555555554,1.4337208778404378
0000841.jpg,2.3333333333333335,1.028991510855053,2.7222222222222223,1.1785113019775795,2.7222222222222223,1.0740552924509195
0000842.jpg,1.7777777777777777,0.8782037520219095,1.9444444444444444,0.802365782965103,1.7777777777777777,1.114374293206496
0000843.jpg,4.055555555555555,1.2113299556429322,3.9444444444444446,1.2113299556429322,3.888888888888889,1.4907119849998596
0000845.jpg,2.7222222222222223,1.127493605332358,3.0,1.2366938848016846,2.5555555555555554,1.4234267774809048
0000846.jpg,3.0555555555555554,1.1099667309387475,2.111111111111111,1.0786096109392207,2.7222222222222223,1.3197840980097757
0000848.jpg,3.7777777777777777,1.1659661762602749,3.5,1.4245742398014514,3.388888888888889,1.500544563459581
0000849.jpg,4.055555555555555,1.1099667309387473,3.5,1.1504474832710558,3.6666666666666665,1.4142135623730951
0000850.jpg,3.111111111111111,1.1826634392157036,2.7222222222222223,1.1785113019775793,3.0,1.4142135623730951
0000851.jpg,3.3333333333333335,1.3719886811400706,3.111111111111111,1.4507153971054052,3.4444444444444446,1.464168996281919
0000852.jpg,3.2222222222222223,1.0602749674192766,3.388888888888889,1.0369008625190792,3.388888888888889,1.1950332945836273
0000853.jpg,3.5555555555555554,1.1490262999202832,3.388888888888889,1.2897281468629185,3.5,1.2947859237091257
0000854.jpg,2.8333333333333335,1.1504474832710558,3.1666666666666665,1.2485285456935955,3.0555555555555554,1.4337208778404378
0000857.jpg,3.2777777777777777,1.0740552924509192,3.1666666666666665,1.200490095997562,3.0,1.455213750217998
0000858.jpg,3.3333333333333335,1.2833778958394957,3.1666666666666665,1.2947859237091257,2.888888888888889,1.567646752259348
0000859.jpg,3.4444444444444446,1.0416176459053668,3.111111111111111,1.1318329168362207,3.2777777777777777,1.0740552924509192
0000860.jpg,2.0,0.9701425001453319,2.3333333333333335,0.970142500145332,2.111111111111111,0.7583952786593613
0000861.jpg,3.2777777777777777,1.274434386908933,2.9444444444444446,1.2113299556429322,3.2222222222222223,1.2628425245572248
0000863.jpg,3.9444444444444446,1.1099667309387473,3.6666666666666665,1.1881770515720091,3.7222222222222223,1.2744343869089327
0000864.jpg,3.0,1.0289915108550531,3.0,1.137592917989042,2.9444444444444446,1.1617543641469048
0000865.jpg,3.5555555555555554,1.1490262999202834,3.3333333333333335,1.2366938848016849,3.2777777777777777,1.3197840980097757
0000866.jpg,3.3333333333333335,1.2366938848016846,3.1666666666666665,1.1504474832710554,3.5,1.3394467690277296
0000867.jpg,3.5555555555555554,1.0966377611066325,3.5555555555555554,1.3382263161373769,3.4444444444444446,1.1991282236408358
0000869.jpg,3.2222222222222223,1.2153699778283713,3.7222222222222223,1.127493605332358,3.388888888888889,1.1447521637192346
0000871.jpg,3.7222222222222223,0.9582800496696001,3.7222222222222223,1.3636264606493254,3.6666666666666665,0.9701425001453319
0000873.jpg,3.611111111111111,1.2897281468629185,3.0,1.4142135623730951,3.5,1.4245742398014511
0000875.jpg,3.611111111111111,1.1950332945836273,3.611111111111111,1.0921586228732252,3.6666666666666665,1.2833778958394957
0000876.jpg,4.277777777777778,1.0740552924509192,3.9444444444444446,1.1617543641469046,4.055555555555555,1.3920878193318216
0000877.jpg,3.9444444444444446,0.9375953110592338,3.611111111111111,1.1447521637192346,3.611111111111111,1.419978827053786
0000882.jpg,3.888888888888889,1.1318329168362207,3.6666666666666665,1.1881770515720094,3.7777777777777777,1.4371358589653878
0000883.jpg,3.6666666666666665,1.1881770515720091,3.388888888888889,1.0369008625190792,3.2777777777777777,1.3636264606493254
0000884.jpg,3.5555555555555554,1.1991282236408358,3.5,1.2947859237091257,3.2777777777777777,1.5264551613058026
0000886.jpg,3.2777777777777777,1.0178151661369075,3.4444444444444446,1.1490262999202832,3.388888888888889,1.1447521637192346
0000887.jpg,3.8333333333333335,1.2485285456935957,3.5555555555555554,1.247219128924647,3.8333333333333335,1.3394467690277292
0000888.jpg,3.7222222222222223,1.274434386908933,3.888888888888889,1.078609610939221,3.888888888888889,1.2782749814122838
0000889.jpg,4.333333333333333,0.8401680504168058,3.2222222222222223,1.2153699778283713,4.0,1.5339299776947408
0000890.jpg,3.7222222222222223,1.1785113019775793,3.388888888888889,1.2432826042324119,3.6666666666666665,1.137592917989042
0000895.jpg,3.7222222222222223,1.127493605332358,3.5555555555555554,0.9835244081556432,3.888888888888889,1.2313975269103987
0000896.jpg,3.7222222222222223,1.227410260553666,3.0555555555555554,1.1617543641469048,3.888888888888889,1.2313975269103985
0000897.jpg,3.2777777777777777,1.0178151661369075,3.3333333333333335,1.4950900031928043,3.111111111111111,1.4507153971054048
0000899.jpg,3.4444444444444446,1.0416176459053668,3.0555555555555554,1.055641551364534,3.611111111111111,1.1447521637192346
0000900.jpg,3.8333333333333335,1.2485285456935955,3.7222222222222223,1.3197840980097757,3.888888888888889,1.2782749814122838
0000901.jpg,2.888888888888889,1.1826634392157036,3.1666666666666665,1.3394467690277292,3.0,1.4142135623730951
0000905.jpg,2.111111111111111,1.1826634392157036,1.8888888888888888,1.278274981412284,2.3333333333333335,1.3719886811400708
0000907.jpg,3.9444444444444446,1.1617543641469046,3.7777777777777777,1.165966176260275,3.611111111111111,1.5392469086379983
0000910.jpg,3.3333333333333335,1.2366938848016846,3.4444444444444446,1.247219128924647,3.5,1.3394467690277294
0000913.jpg,3.388888888888889,1.2897281468629185,3.388888888888889,1.2432826042324119,3.2777777777777777,1.3197840980097757
0000914.jpg,3.5,0.9851843661437779,3.3333333333333335,1.0289915108550531,3.2777777777777777,1.0740552924509195
0000915.jpg,3.4444444444444446,1.3382263161373769,3.2222222222222223,1.437135858965388,3.4444444444444446,1.5038078030442361
0000916.jpg,3.8333333333333335,1.1504474832710556,3.5555555555555554,1.4234267774809048,3.6666666666666665,1.6087993330796875
0000918.jpg,2.888888888888889,1.1826634392157036,2.888888888888889,1.1826634392157036,2.8333333333333335,1.294785923709126
0000920.jpg,3.4444444444444446,1.1490262999202834,3.4444444444444446,1.1991282236408358,3.1666666666666665,1.200490095997562
0000921.jpg,4.444444444444445,1.0966377611066325,4.222222222222222,1.3085940167422419,4.166666666666667,1.4245742398014507
0000922.jpg,4.222222222222222,0.9428090415820632,3.0555555555555554,1.2113299556429324,3.7777777777777777,1.516790557318723
0000923.jpg,3.5,0.985184366143778,3.4444444444444446,1.0966377611066325,3.2777777777777777,1.3197840980097757
0000924.jpg,4.222222222222222,1.114374293206496,3.9444444444444446,1.3491706481792791,3.888888888888889,1.567646752259348
0000925.jpg,3.888888888888889,0.9002541398626663,3.1666666666666665,0.985184366143778,3.5,1.1504474832710556
0000926.jpg,4.166666666666667,1.200490095997562,4.222222222222222,1.0032626514091005,3.9444444444444446,1.5135553089341052
0000927.jpg,4.277777777777778,1.0178151661369075,4.166666666666667,1.0431851677040114,3.9444444444444446,1.4741786236338814
0000929.jpg,4.222222222222222,1.0032626514091003,4.0,1.1881770515720091,3.888888888888889,1.4907119849998598
0000931.jpg,3.111111111111111,1.2782749814122838,3.0,1.1375929179890423,3.2222222222222223,1.2153699778283713
0000933.jpg,3.888888888888889,1.323493100445977,3.8333333333333335,0.9851843661437781,3.8333333333333335,1.465284553774253
0000935.jpg,4.055555555555555,1.1099667309387473,4.055555555555555,1.1617543641469048,4.055555555555555,1.4337208778404378
0000936.jpg,3.611111111111111,1.1447521637192346,3.0555555555555554,0.9983646759294875,3.5555555555555554,1.1991282236408356
0000937.jpg,3.7777777777777777,0.9428090415820632,3.388888888888889,1.1447521637192346,3.611111111111111,1.2897281468629185
0000939.jpg,4.166666666666667,1.1504474832710556,3.8333333333333335,1.3394467690277294,4.0,1.5718104959867512
0000941.jpg,3.6666666666666665,1.0846522890932808,3.3333333333333335,1.0846522890932808,3.388888888888889,1.2432826042324119
0000942.jpg,3.9444444444444446,1.1099667309387473,3.4444444444444446,1.1490262999202834,3.888888888888889,1.1826634392157038
0000943.jpg,3.111111111111111,1.3234931004459767,3.1666666666666665,1.200490095997562,3.0555555555555554,1.211329955642932
0000944.jpg,4.055555555555555,0.9375953110592337,3.8333333333333335,1.1504474832710556,3.9444444444444446,1.2113299556429322
0000945.jpg,3.4444444444444446,1.0416176459053668,3.1666666666666665,1.1504474832710554,3.5555555555555554,1.0966377611066325
0000946.jpg,3.111111111111111,1.1826634392157038,3.4444444444444446,1.1490262999202832,3.0,1.3719886811400708
0000949.jpg,4.055555555555555,1.3048426644944466,4.277777777777778,1.0740552924509192,4.222222222222222,1.2153699778283713
0000950.jpg,4.0,1.3284223283101428,3.611111111111111,1.2897281468629185,3.888888888888889,1.367216532138064
0000951.jpg,3.5,1.098126747211439,3.388888888888889,1.0921586228732252,3.5,1.2485285456935953
0000952.jpg,3.388888888888889,1.0921586228732252,3.2222222222222223,1.114374293206496,3.0555555555555554,1.3920878193318214
0000955.jpg,4.055555555555555,1.4741786236338816,3.8333333333333335,1.2947859237091257,3.8333333333333335,1.7573375583870183
0000956.jpg,3.388888888888889,1.2432826042324119,3.1666666666666665,1.0431851677040116,3.2222222222222223,1.3527990831890462
0000958.jpg,4.111111111111111,1.078609610939221,4.111111111111111,0.9633818428657448,3.888888888888889,1.367216532138064
0000959.jpg,3.7222222222222223,1.1274936053323583,3.2222222222222223,1.3085940167422419,3.611111111111111,1.0921586228732252
0000960.jpg,3.8333333333333335,1.2004900959975617,3.5555555555555554,1.2472191289246473,3.7777777777777777,1.262842524557225
0000961.jpg,2.7222222222222223,1.487420014875958,3.2777777777777777,1.3197840980097757,3.0,1.283377895839496
0000962.jpg,3.888888888888889,1.078609610939221,3.2777777777777777,1.0740552924509192,3.611111111111111,1.3345582608616182
0000963.jpg,3.7222222222222223,1.0178151661369075,3.1666666666666665,1.200490095997562,3.5555555555555554,1.1490262999202834
0000965.jpg,2.9444444444444446,1.2113299556429324,2.9444444444444446,1.3048426644944466,2.8333333333333335,1.2485285456935955
0000968.jpg,3.6666666666666665,1.2366938848016846,3.1666666666666665,1.0981267472114393,3.5555555555555554,1.1490262999202834
0000970.jpg,3.111111111111111,0.9633818428657449,3.5,1.200490095997562,3.111111111111111,1.278274981412284
0000977.jpg,3.8333333333333335,1.465284553774253,4.055555555555555,1.211329955642932,3.6666666666666665,1.6087993330796873
0000978.jpg,3.7777777777777777,1.262842524557225,3.3333333333333335,1.2366938848016846,3.611111111111111,1.2897281468629183
0000981.jpg,4.166666666666667,0.985184366143778,3.9444444444444446,1.055641551364534,3.7222222222222223,1.4874200148759578
0000982.jpg,4.055555555555555,0.8726040960806521,3.7777777777777777,1.114374293206496,3.8333333333333335,1.2947859237091257
0000984.jpg,4.111111111111111,1.2313975269103985,3.5555555555555554,1.0966377611066325,4.0,1.5339299776947408
0000987.jpg,3.7777777777777777,1.262842524557225,3.611111111111111,1.2897281468629185,3.611111111111111,1.243282604232412
0000989.jpg,3.888888888888889,1.278274981412284,3.611111111111111,1.2897281468629185,3.611111111111111,1.6499158227686108
0000990.jpg,3.611111111111111,1.4199788270537859,3.5,1.2485285456935957,3.6666666666666665,1.495090003192804
0000991.jpg,3.3333333333333335,1.1881770515720091,3.1666666666666665,1.2004900959975617,3.388888888888889,1.2432826042324119
0000992.jpg,3.6666666666666665,1.1881770515720091,3.611111111111111,1.0369008625190792,3.5555555555555554,1.1490262999202832
0000995.jpg,3.5555555555555554,0.9835244081556431,3.5,1.0981267472114393,3.5,1.1504474832710556
0000996.jpg,3.9444444444444446,0.8726040960806521,3.7222222222222223,1.0740552924509195,3.611111111111111,1.0921586228732252
0000997.jpg,3.7222222222222223,1.1785113019775793,3.388888888888889,1.1447521637192346,3.7222222222222223,1.1785113019775793
0000998.jpg,3.388888888888889,0.7775443160352294,3.2777777777777777,1.227410260553666,3.4444444444444446,1.0966377611066325
0000999.jpg,4.0,1.028991510855053,3.7777777777777777,1.3085940167422419,3.5555555555555554,1.381483525788905
0001000.jpg,3.1666666666666665,1.0431851677040116,3.0,1.1881770515720091,3.1666666666666665,1.0431851677040116
0001003.jpg,3.7222222222222223,0.8947924869885988,3.0555555555555554,0.9375953110592338,3.4444444444444446,0.9835244081556432
0001004.jpg,3.8333333333333335,1.1504474832710556,3.7777777777777777,1.0602749674192764,3.7777777777777777,1.2628425245572248
0001006.jpg,2.7777777777777777,1.114374293206496,3.0,1.1881770515720094,2.8333333333333335,1.2485285456935955
0001007.jpg,3.8333333333333335,0.985184366143778,3.5555555555555554,1.1490262999202834,3.7777777777777777,1.0032626514091005
0001008.jpg,3.5,1.5048939771136505,3.5,1.465284553774253,3.5,1.5048939771136507
0001009.jpg,3.0555555555555554,1.3920878193318216,2.6666666666666665,1.4142135623730951,3.111111111111111,1.367216532138064
0001013.jpg,4.222222222222222,1.0032626514091003,4.277777777777778,0.9582800496695999,4.055555555555555,1.1617543641469048
0001016.jpg,4.111111111111111,0.8323523637957303,3.611111111111111,1.0921586228732252,4.222222222222222,0.9428090415820634
0001018.jpg,3.888888888888889,1.1826634392157036,3.6666666666666665,1.3284223283101428,3.7222222222222223,1.274434386908933
0001020.jpg,3.0555555555555554,1.2589548523523144,2.7777777777777777,1.262842524557225,3.1666666666666665,1.200490095997562
0001021.jpg,3.7222222222222223,1.4061024795535124,3.5555555555555554,1.2935233335271092,3.5555555555555554,1.464168996281919
0001022.jpg,3.6666666666666665,1.1881770515720091,3.5555555555555554,1.2935233335271092,3.5555555555555554,1.2935233335271092
0001023.jpg,4.111111111111111,1.278274981412284,4.055555555555555,1.2589548523523144,4.111111111111111,1.2782749814122838
0001024.jpg,3.888888888888889,1.278274981412284,3.4444444444444446,1.3382263161373769,3.7222222222222223,1.4473324572571657
0001025.jpg,3.888888888888889,0.9633818428657449,3.5555555555555554,1.0966377611066325,3.8333333333333335,1.1504474832710556
0001026.jpg,3.2222222222222223,1.262842524557225,3.388888888888889,1.1447521637192346,3.2222222222222223,1.3956046783744507
0001029.jpg,4.333333333333333,1.028991510855053,4.222222222222222,1.1659661762602747,4.277777777777778,1.178511301977579
0001031.jpg,4.333333333333333,1.188177051572009,4.333333333333333,1.0846522890932806,4.166666666666667,1.2004900959975617
0001032.jpg,3.0555555555555554,1.1617543641469048,2.888888888888889,1.1318329168362207,3.1666666666666665,1.1504474832710556
0001033.jpg,3.8333333333333335,1.4245742398014511,3.4444444444444446,1.1991282236408358,3.7777777777777777,1.516790557318723
0001034.jpg,3.888888888888889,1.1318329168362207,3.7777777777777777,1.3956046783744505,3.8333333333333335,1.3394467690277294
0001036.jpg,4.111111111111111,1.1826634392157036,3.9444444444444446,1.3491706481792791,3.9444444444444446,1.3048426644944466
0001039.jpg,3.888888888888889,1.3672165321380638,3.8333333333333335,1.4245742398014511,3.8333333333333335,1.3826657968874303
0001043.jpg,4.5,0.8574929257125442,4.222222222222222,1.2153699778283713,4.111111111111111,1.3672165321380643
0001046.jpg,3.7777777777777777,1.3527990831890462,3.388888888888889,1.2432826042324119,3.7777777777777777,1.3085940167422419
0001047.jpg,4.277777777777778,1.0178151661369075,3.888888888888889,0.8323523637957303,4.166666666666667,1.1504474832710556
0001049.jpg,3.7777777777777777,1.0602749674192764,3.7777777777777777,1.1659661762602749,3.6666666666666665,1.137592917989042
0001051.jpg,3.5,1.0981267472114393,3.5555555555555554,1.1490262999202834,3.4444444444444446,1.1991282236408358
0001052.jpg,3.8333333333333335,1.0981267472114393,3.6666666666666665,1.028991510855053,3.7777777777777777,1.0032626514091005
0001053.jpg,3.8333333333333335,0.985184366143778,3.2777777777777777,1.0178151661369075,3.611111111111111,1.0369008625190794
0001054.jpg,4.166666666666667,0.9235481451827989,2.9444444444444446,1.3920878193318216,3.8333333333333335,1.2947859237091257
0001056.jpg,3.8333333333333335,1.1504474832710556,3.388888888888889,1.0921586228732252,3.6666666666666665,1.0846522890932808
0001057.jpg,3.4444444444444446,1.1991282236408358,3.388888888888889,1.1950332945836273,3.4444444444444446,1.1490262999202834
0001059.jpg,3.4444444444444446,0.9217771979249535,3.2777777777777777,1.0178151661369075,3.2777777777777777,1.1274936053323583
0001063.jpg,3.8333333333333335,1.1504474832710556,3.888888888888889,1.0786096109392207,3.6666666666666665,1.1881770515720094
0001066.jpg,3.7222222222222223,1.274434386908933,2.4444444444444446,1.3814835257889049,3.7222222222222223,1.4061024795535124
0001067.jpg,3.0,1.0846522890932808,2.9444444444444446,1.1099667309387475,3.0,1.2366938848016846
0001069.jpg,3.7222222222222223,1.227410260553666,3.5555555555555554,1.247219128924647,3.5,1.2947859237091257
0001070.jpg,3.8333333333333335,0.923548145182799,3.3333333333333335,1.414213562373095,3.6666666666666665,1.1881770515720094
0001073.jpg,3.6666666666666665,1.0846522890932808,3.388888888888889,1.0369008625190792,3.6666666666666665,1.0846522890932808
0001075.jpg,3.7222222222222223,1.127493605332358,3.2777777777777777,1.0178151661369075,3.611111111111111,1.0369008625190792
0001077.jpg,3.7777777777777777,0.8782037520219095,3.5555555555555554,0.8555852638929972,3.8333333333333335,1.1504474832710556
0001078.jpg,3.7222222222222223,0.9582800496696,3.611111111111111,0.9785276387866012,3.611111111111111,1.1447521637192346
0001079.jpg,3.7222222222222223,1.274434386908933,3.2777777777777777,1.178511301977579,3.8333333333333335,1.0431851677040116
0001082.jpg,4.111111111111111,0.9002541398626662,3.2777777777777777,1.0740552924509195,3.8333333333333335,1.0431851677040116
0001083.jpg,3.7777777777777777,1.3085940167422419,2.888888888888889,1.3672165321380643,3.888888888888889,1.1318329168362207
0001084.jpg,4.111111111111111,1.0226199851298272,3.888888888888889,1.078609610939221,4.111111111111111,0.9633818428657448
0001086.jpg,4.055555555555555,1.2589548523523142,3.888888888888889,0.9002541398626663,4.0,1.4552137502179978
0001088.jpg,3.8333333333333335,1.0431851677040118,2.888888888888889,1.131832916836221,3.7777777777777777,1.114374293206496
0001096.jpg,3.5,1.1504474832710556,3.388888888888889,1.0369008625190792,3.5555555555555554,1.0416176459053668
0001097.jpg,3.888888888888889,1.1318329168362207,3.611111111111111,1.0369008625190792,3.6666666666666665,1.283377895839496
0001101.jpg,3.7777777777777777,1.114374293206496,3.111111111111111,0.9633818428657449,3.5555555555555554,1.2472191289246473
0001103.jpg,3.5555555555555554,0.9835244081556431,3.2777777777777777,0.9582800496696001,3.4444444444444446,1.0416176459053668
0001104.jpg,4.222222222222222,1.2628425245572248,4.222222222222222,0.8084520834544431,4.388888888888889,0.978527638786601
0001106.jpg,3.9444444444444446,1.1099667309387473,3.111111111111111,1.278274981412284,3.611111111111111,1.2432826042324119
0001107.jpg,3.8333333333333335,0.9235481451827989,3.5,1.0431851677040116,3.7777777777777777,1.0032626514091005
0001108.jpg,3.9444444444444446,0.9983646759294875,2.9444444444444446,1.1099667309387473,3.5555555555555554,1.1991282236408358
0001109.jpg,4.0,0.8401680504168059,3.7222222222222223,1.0178151661369075,3.7222222222222223,1.0178151661369075
0001110.jpg,3.888888888888889,1.2313975269103985,3.611111111111111,1.0921586228732252,3.6666666666666665,1.3284223283101428
0001113.jpg,4.111111111111111,1.0226199851298272,3.611111111111111,1.1950332945836273,3.9444444444444446,1.1099667309387473
0001114.jpg,4.166666666666667,0.9235481451827989,3.6666666666666665,1.0289915108550531,3.9444444444444446,0.9983646759294876
0001115.jpg,4.0,1.0846522890932808,3.2777777777777777,0.9582800496696,3.8333333333333335,1.0981267472114393
0001116.jpg,3.7222222222222223,0.8947924869885987,3.2222222222222223,1.0602749674192762,3.6666666666666665,0.9701425001453318
0001117.jpg,3.611111111111111,1.0369008625190792,3.4444444444444446,0.9835244081556432,3.5,1.0431851677040116
0001119.jpg,3.7222222222222223,1.0178151661369075,3.3333333333333335,0.9701425001453319,3.3333333333333335,1.2366938848016846
0001120.jpg,4.055555555555555,1.2589548523523142,4.0,1.2366938848016844,4.222222222222222,1.1143742932064957
0001121.jpg,3.611111111111111,1.3779306261410682,2.7222222222222223,1.227410260553666,3.7222222222222223,1.3197840980097757
0001122.jpg,3.888888888888889,0.9633818428657448,3.5,0.9851843661437779,3.7777777777777777,1.114374293206496
0001125.jpg,4.055555555555555,0.872604096080652,3.611111111111111,1.0369008625190792,3.7222222222222223,1.1785113019775793
0001126.jpg,4.166666666666667,0.985184366143778,3.9444444444444446,1.1617543641469048,3.9444444444444446,1.0556415513645339
0001127.jpg,3.888888888888889,0.9633818428657448,3.2777777777777777,1.0178151661369075,3.5555555555555554,1.0966377611066325
0001128.jpg,3.9444444444444446,1.1099667309387473,3.388888888888889,1.2432826042324117,3.7777777777777777,1.165966176260275
0001130.jpg,3.888888888888889,1.1318329168362207,3.6666666666666665,1.0846522890932808,3.7777777777777777,1.0602749674192764
0001132.jpg,3.4444444444444446,1.0416176459053665,2.611111111111111,1.0921586228732252,3.5,1.0981267472114395
0001133.jpg,3.5,1.0981267472114393,3.0555555555555554,1.161754364146905,3.5,0.9851843661437779
0001135.jpg,3.8333333333333335,1.0981267472114395,3.6666666666666665,0.9074852129730301,3.7222222222222223,0.8947924869885989
0001136.jpg,3.388888888888889,1.1447521637192344,3.1666666666666665,0.9235481451827989,3.3333333333333335,1.0846522890932806
0001137.jpg,3.5555555555555554,1.0416176459053668,3.111111111111111,1.0226199851298272,3.5,1.0431851677040116
0001138.jpg,1.7222222222222223,0.8947924869885988,2.0,1.1881770515720091,1.6111111111111112,0.7775443160352293
0001139.jpg,1.3888888888888888,0.6076849889141857,1.6111111111111112,0.8498365855987974,1.3333333333333333,0.5940885257860047
0001140.jpg,1.5,0.7859052479933758,1.8333333333333333,1.0431851677040116,1.5,0.8574929257125442
0001141.jpg,1.5,0.6183469424008423,1.8333333333333333,1.0981267472114393,1.5555555555555556,0.7838233761296739
0001142.jpg,2.7777777777777777,1.114374293206496,2.888888888888889,1.1826634392157036,2.611111111111111,1.0921586228732252
0001143.jpg,2.8333333333333335,1.2947859237091257,2.888888888888889,1.1826634392157036,2.7222222222222223,1.1785113019775793
0001144.jpg,2.5555555555555554,1.0416176459053668,2.9444444444444446,1.2113299556429322,2.4444444444444446,0.9217771979249536
0001145.jpg,2.5555555555555554,1.0966377611066322,2.111111111111111,1.1318329168362204,2.5,1.2485285456935953
0001146.jpg,1.7222222222222223,0.8947924869885987,2.0,1.0846522890932806,1.7777777777777777,0.8782037520219095
0001147.jpg,2.4444444444444446,1.0966377611066325,2.4444444444444446,0.9217771979249535,2.3333333333333335,1.0846522890932808
0001151.jpg,2.2777777777777777,1.1785113019775793,1.8888888888888888,1.323493100445977,2.0555555555555554,1.1617543641469048
0001152.jpg,1.2222222222222223,0.6467616667635545,1.2777777777777777,1.0178151661369077,1.1111111111111112,0.5829830881301376
0001153.jpg,2.0,1.1881770515720094,1.8888888888888888,1.1318329168362207,1.8333333333333333,0.8574929257125442
0001155.jpg,2.0555555555555554,1.1099667309387475,2.0555555555555554,1.2589548523523144,1.8888888888888888,1.0226199851298272
0001156.jpg,1.7777777777777777,0.7320844981409595,2.0555555555555554,1.1099667309387473,1.6666666666666667,0.9074852129730301
0001157.jpg,2.4444444444444446,1.1991282236408358,2.5555555555555554,1.293523333527109,2.4444444444444446,1.1991282236408356
0001159.jpg,2.2777777777777777,1.0178151661369075,2.2777777777777777,1.1785113019775793,2.2222222222222223,1.2628425245572248
0001160.jpg,2.3333333333333335,1.0846522890932808,2.3333333333333335,1.2833778958394957,2.2777777777777777,1.0740552924509195
0001161.jpg,1.8888888888888888,0.9633818428657448,2.3333333333333335,1.137592917989042,1.9444444444444444,0.802365782965103
0001164.jpg,1.7222222222222223,1.0178151661369075,1.9444444444444444,1.2113299556429322,1.6666666666666667,0.8401680504168059
0001166.jpg,1.8333333333333333,0.8574929257125441,2.2222222222222223,0.9428090415820632,2.0,0.8401680504168059
0001167.jpg,2.388888888888889,0.9785276387866011,2.5,1.1504474832710556,2.1666666666666665,1.0431851677040116
0001170.jpg,1.6666666666666667,1.028991510855053,2.111111111111111,1.3234931004459767,1.7222222222222223,1.0178151661369075
0001171.jpg,1.7222222222222223,0.7519039015221181,2.4444444444444446,1.1991282236408356,1.7222222222222223,0.6691131580686884
0001172.jpg,1.8888888888888888,0.9002541398626664,2.0,1.137592917989042,1.6111111111111112,0.8498365855987975
0001173.jpg,1.8888888888888888,0.9633818428657449,1.8333333333333333,1.0431851677040116,1.8333333333333333,0.9235481451827989
0001174.jpg,2.388888888888889,1.2432826042324119,2.388888888888889,1.2432826042324119,2.2222222222222223,1.165966176260275
0001175.jpg,2.0,1.0846522890932808,2.0555555555555554,1.1099667309387475,1.9444444444444444,1.055641551364534
0001176.jpg,1.7777777777777777,0.8782037520219095,2.111111111111111,1.1826634392157036,1.7777777777777777,1.0032626514091005
0001179.jpg,2.2222222222222223,1.114374293206496,2.2222222222222223,1.1659661762602749,2.0,0.9701425001453319
0001180.jpg,2.6666666666666665,1.137592917989042,2.5555555555555554,1.1490262999202832,2.3333333333333335,1.0846522890932808
0001181.jpg,2.111111111111111,1.078609610939221,2.0,1.2833778958394957,1.8888888888888888,0.9633818428657448
0001182.jpg,2.0555555555555554,0.8023657829651027,2.111111111111111,0.8323523637957303,1.9444444444444444,1.055641551364534
0001183.jpg,2.611111111111111,1.1447521637192346,2.5555555555555554,1.247219128924647,2.4444444444444446,1.1490262999202832
0001184.jpg,2.2777777777777777,1.274434386908933,2.2777777777777777,1.2274102605536659,2.4444444444444446,1.293523333527109
0001186.jpg,2.2222222222222223,1.0032626514091005,2.6666666666666665,1.3284223283101428,2.5555555555555554,1.0966377611066322
0001187.jpg,1.8888888888888888,1.078609610939221,1.9444444444444444,1.2113299556429322,1.7777777777777777,0.9428090415820634
0001189.jpg,2.0,1.137592917989042,2.1666666666666665,1.2947859237091257,2.0555555555555554,1.2589548523523144
0001190.jpg,2.2222222222222223,1.0602749674192764,2.6666666666666665,1.1881770515720094,2.388888888888889,1.1447521637192344
0001194.jpg,2.6666666666666665,1.1881770515720091,2.7222222222222223,1.2274102605536659,2.7777777777777777,1.2153699778283713
0001195.jpg,2.5,1.1504474832710556,2.4444444444444446,1.1991282236408356,2.4444444444444446,1.1991282236408358
0001196.jpg,2.6666666666666665,1.2366938848016846,2.7777777777777777,1.2153699778283713,2.5,1.2947859237091257
0001199.jpg,2.611111111111111,1.1950332945836273,2.7222222222222223,1.2744343869089327,2.5555555555555554,1.1490262999202834
0001200.jpg,2.611111111111111,1.0921586228732252,2.5555555555555554,1.3814835257889049,2.2222222222222223,1.1659661762602749
0001202.jpg,3.0,1.137592917989042,2.5,1.1504474832710556,2.9444444444444446,1.2589548523523144
0001204.jpg,3.111111111111111,1.0226199851298272,3.2222222222222223,1.0602749674192766,3.111111111111111,1.1826634392157036
0001206.jpg,2.9444444444444446,1.1099667309387473,2.7777777777777777,1.0602749674192766,3.0,1.137592917989042
0001208.jpg,2.2777777777777777,1.227410260553666,1.9444444444444444,1.1099667309387473,2.2222222222222223,1.2628425245572248
0001210.jpg,2.6666666666666665,1.3284223283101428,2.7777777777777777,1.2153699778283713,2.7777777777777777,1.114374293206496
0001211.jpg,2.4444444444444446,1.1991282236408358,2.4444444444444446,1.2935233335271092,2.4444444444444446,1.1991282236408358
0001214.jpg,2.7222222222222223,1.0740552924509195,2.388888888888889,1.1950332945836273,2.5555555555555554,1.1991282236408358
0001215.jpg,2.6666666666666665,1.137592917989042,2.5,1.1504474832710556,2.5,1.1504474832710554
0001220.jpg,1.7777777777777777,0.8084520834544433,1.8333333333333333,0.7859052479933758,2.0555555555555554,0.9375953110592338
0001221.jpg,2.3333333333333335,1.137592917989042,2.0555555555555554,1.1617543641469048,2.3333333333333335,1.2833778958394957
0001222.jpg,2.2777777777777777,0.8947924869885987,2.4444444444444446,1.0416176459053668,2.5,1.0431851677040116
0001224.jpg,2.0,1.0289915108550531,2.611111111111111,1.1950332945836273,2.0555555555555554,1.055641551364534
0001225.jpg,1.6666666666666667,0.90748521297303,2.1666666666666665,1.0981267472114393,1.7777777777777777,1.0032626514091005
0001231.jpg,1.9444444444444444,0.9983646759294875,2.2222222222222223,1.2153699778283713,1.8333333333333333,1.0981267472114393
0001238.jpg,2.1666666666666665,0.8574929257125442,2.5555555555555554,1.2472191289246473,1.9444444444444444,0.9983646759294876
0001239.jpg,1.6111111111111112,0.9164438231805327,2.1666666666666665,1.1504474832710556,1.6666666666666667,0.9074852129730301
0001241.jpg,2.8333333333333335,1.200490095997562,2.7222222222222223,1.1785113019775793,2.6666666666666665,1.137592917989042
0001243.jpg,1.6666666666666667,0.9074852129730301,2.0,1.1881770515720091,1.7222222222222223,1.0178151661369075
0001246.jpg,2.7777777777777777,1.0602749674192764,2.888888888888889,1.1318329168362207,2.7777777777777777,1.114374293206496
0001249.jpg,1.9444444444444444,0.9375953110592338,2.9444444444444446,1.1617543641469048,2.0,0.8401680504168059
0001250.jpg,2.888888888888889,1.0226199851298272,2.7222222222222223,1.0178151661369075,2.7777777777777777,1.0602749674192764
0001251.jpg,2.8333333333333335,1.0981267472114395,2.7222222222222223,1.1274936053323579,2.7777777777777777,1.0602749674192764
0001252.jpg,3.1666666666666665,1.3394467690277294,3.388888888888889,1.2432826042324119,3.111111111111111,1.1318329168362207
0001253.jpg,2.388888888888889,1.0369008625190792,2.1666666666666665,0.8574929257125441,2.0555555555555554,1.1099667309387475
0001256.jpg,2.1666666666666665,0.985184366143778,2.5555555555555554,1.0416176459053665,1.8888888888888888,0.8323523637957304
0001258.jpg,2.2777777777777777,1.178511301977579,1.9444444444444444,1.1617543641469048,2.2222222222222223,1.2628425245572248
0001259.jpg,2.8333333333333335,1.2485285456935955,2.888888888888889,1.2313975269103985,2.7222222222222223,1.3197840980097755
0001260.jpg,3.388888888888889,1.1447521637192346,3.611111111111111,1.1950332945836275,3.388888888888889,1.1447521637192346
0001262.jpg,2.7222222222222223,1.0178151661369075,3.0,1.2366938848016846,2.5555555555555554,1.1991282236408358
0001263.jpg,1.8888888888888888,1.0226199851298272,1.7777777777777777,1.1659661762602749,1.7777777777777777,0.9428090415820634
0001264.jpg,2.388888888888889,1.1447521637192346,2.1666666666666665,1.4245742398014511,2.3333333333333335,1.137592917989042
0001266.jpg,3.4444444444444446,0.9835244081556432,3.2222222222222223,1.114374293206496,3.2222222222222223,1.114374293206496
0001267.jpg,3.0,1.0846522890932808,2.888888888888889,1.1826634392157038,2.9444444444444446,1.1099667309387475
0001270.jpg,2.5555555555555554,1.247219128924647,2.6666666666666665,1.3284223283101428,2.5555555555555554,1.247219128924647
0001272.jpg,2.1666666666666665,0.9851843661437779,2.388888888888889,1.0369008625190792,2.0,1.0846522890932808
0001273.jpg,2.7222222222222223,1.1785113019775793,2.5555555555555554,1.0966377611066325,2.7222222222222223,1.0740552924509195
0001275.jpg,3.2777777777777777,1.3197840980097755,3.388888888888889,1.2432826042324119,3.2777777777777777,1.2744343869089327
0001277.jpg,3.1666666666666665,0.9235481451827989,3.1666666666666665,1.0431851677040116,3.0,1.2366938848016846
0001279.jpg,3.0,1.0846522890932808,2.7777777777777777,1.2153699778283713,3.0555555555555554,1.055641551364534
0001280.jpg,2.2777777777777777,1.0740552924509192,2.2222222222222223,1.1143742932064957,2.0555555555555554,0.9375953110592338
0001282.jpg,2.7777777777777777,1.165966176260275,2.7222222222222223,1.274434386908933,2.7222222222222223,1.2744343869089327
0001286.jpg,2.8333333333333335,1.3394467690277296,2.8333333333333335,1.200490095997562,2.8333333333333335,1.3394467690277294
0001288.jpg,1.7777777777777777,1.0032626514091005,1.9444444444444444,1.055641551364534,1.8333333333333333,0.923548145182799
0001289.jpg,2.2777777777777777,1.127493605332358,2.888888888888889,1.1318329168362207,2.2222222222222223,1.0032626514091005
0001292.jpg,3.0555555555555554,0.9375953110592338,3.0555555555555554,1.1617543641469048,2.888888888888889,1.2313975269103985
0001294.jpg,2.2222222222222223,1.2153699778283713,2.3333333333333335,1.2366938848016844,2.388888888888889,1.2432826042324119
0001295.jpg,3.0,1.2366938848016846,2.7222222222222223,1.3197840980097757,2.888888888888889,1.1826634392157036
0001296.jpg,2.7222222222222223,1.2744343869089327,2.611111111111111,1.1950332945836273,2.888888888888889,1.1826634392157036
0001297.jpg,3.1666666666666665,1.0981267472114393,2.9444444444444446,1.1617543641469048,3.111111111111111,1.2313975269103987
0001298.jpg,2.111111111111111,1.2313975269103985,1.9444444444444444,1.1617543641469046,1.9444444444444444,0.9983646759294875
0001299.jpg,2.0555555555555554,0.8726040960806521,2.5,1.1504474832710556,2.111111111111111,0.8323523637957303
0001301.jpg,3.0,1.1881770515720091,2.9444444444444446,1.1617543641469048,2.9444444444444446,1.1617543641469048
0001302.jpg,3.111111111111111,1.078609610939221,3.3333333333333335,1.137592917989042,3.0,1.0289915108550531
0001303.jpg,3.4444444444444446,1.0416176459053668,3.4444444444444446,1.1991282236408358,3.3333333333333335,1.137592917989042
0001306.jpg,2.8333333333333335,1.1504474832710556,3.0,1.1881770515720091,3.0,1.137592917989042
0001308.jpg,3.3333333333333335,1.0846522890932808,3.111111111111111,1.1826634392157036,3.3333333333333335,1.0846522890932808
0001309.jpg,2.388888888888889,1.1950332945836273,2.3333333333333335,1.028991510855053,2.3333333333333335,1.2366938848016846
0001310.jpg,2.7222222222222223,1.0740552924509195,1.9444444444444444,1.2589548523523144,2.611111111111111,1.4199788270537859
0001311.jpg,2.888888888888889,0.9002541398626664,2.611111111111111,1.0921586228732252,2.9444444444444446,1.1099667309387473
0001314.jpg,3.2222222222222223,1.0602749674192764,2.8333333333333335,0.8574929257125442,3.1666666666666665,1.0431851677040118
0001315.jpg,1.9444444444444444,1.1617543641469048,1.8888888888888888,0.8323523637957303,1.8333333333333333,0.985184366143778
0001316.jpg,2.611111111111111,1.1950332945836273,2.7222222222222223,1.227410260553666,2.6666666666666665,1.2833778958394957
0001319.jpg,3.2222222222222223,1.1659661762602749,3.0555555555555554,1.1617543641469048,3.0,1.0846522890932808
0001323.jpg,2.111111111111111,0.9002541398626662,2.2777777777777777,1.0740552924509192,2.2222222222222223,1.0032626514091003
0001324.jpg,1.8333333333333333,0.9851843661437781,2.0,0.8401680504168059,1.8888888888888888,1.078609610939221
0001325.jpg,2.8333333333333335,1.0431851677040116,2.2777777777777777,1.274434386908933,2.888888888888889,0.9633818428657449
0001326.jpg,3.7222222222222223,1.3197840980097757,3.4444444444444446,1.542428269748795,3.6666666666666665,1.2833778958394957
0001327.jpg,3.5555555555555554,1.3814835257889049,3.5555555555555554,1.4234267774809048,3.5555555555555554,1.4234267774809048
0001328.jpg,3.0555555555555554,0.9375953110592338,2.5555555555555554,1.1991282236408358,3.111111111111111,1.0226199851298272
0001329.jpg,2.9444444444444446,1.2113299556429322,3.0,1.4142135623730951,3.1666666666666665,1.1504474832710556
0001330.jpg,2.7222222222222223,0.9582800496696003,2.388888888888889,1.1447521637192344,2.5555555555555554,0.9835244081556432
0001331.jpg,3.111111111111111,1.0226199851298272,2.888888888888889,1.278274981412284,3.0555555555555554,1.055641551364534
0001332.jpg,2.9444444444444446,1.055641551364534,2.611111111111111,1.2432826042324119,2.7222222222222223,1.227410260553666
0001334.jpg,2.388888888888889,0.9164438231805326,2.6666666666666665,1.1375929179890423,2.5555555555555554,0.8555852638929972
0001335.jpg,2.1666666666666665,1.200490095997562,2.0,1.3284223283101428,2.0,1.283377895839496
0001336.jpg,2.888888888888889,1.1318329168362207,3.2222222222222223,1.165966176260275,2.7777777777777777,1.2153699778283713
0001337.jpg,3.611111111111111,1.2897281468629185,3.8333333333333335,1.2485285456935955,3.611111111111111,1.2432826042324119
0001341.jpg,2.888888888888889,1.2313975269103985,2.7777777777777777,1.2153699778283713,2.888888888888889,1.1318329168362207
0001344.jpg,2.5,1.0981267472114393,3.0,1.1881770515720094,2.611111111111111,1.2432826042324119
0001346.jpg,2.7777777777777777,1.114374293206496,3.2777777777777777,1.1274936053323583,2.9444444444444446,1.3048426644944469
0001349.jpg,3.2777777777777777,1.0178151661369075,2.7777777777777777,1.3085940167422419,3.0555555555555554,1.2113299556429322
0001350.jpg,4.0,1.028991510855053,3.7222222222222223,1.1785113019775793,3.7777777777777777,1.2153699778283713
0001354.jpg,3.0555555555555554,1.2589548523523144,2.4444444444444446,1.293523333527109,2.8333333333333335,1.2485285456935955
0001357.jpg,2.888888888888889,1.2313975269103985,3.111111111111111,1.1318329168362207,2.8333333333333335,1.2485285456935955
0001359.jpg,2.611111111111111,1.0369008625190794,2.4444444444444446,1.0416176459053668,2.611111111111111,1.0921586228732252
0001361.jpg,3.2777777777777777,1.1785113019775793,3.2222222222222223,1.0602749674192764,3.0,1.1881770515720091
0001362.jpg,1.9444444444444444,1.1617543641469048,2.0555555555555554,1.1617543641469048,1.8888888888888888,0.9633818428657449
0001364.jpg,2.6666666666666665,1.1881770515720091,3.0555555555555554,1.3048426644944466,2.888888888888889,1.278274981412284
0001365.jpg,4.333333333333333,1.1881770515720091,4.222222222222222,1.165966176260275,4.444444444444445,0.9217771979249536
0001369.jpg,2.7777777777777777,1.114374293206496,3.0,1.1881770515720094,2.611111111111111,1.0369008625190792
0001370.jpg,2.9444444444444446,1.1617543641469048,2.9444444444444446,1.2113299556429324,2.9444444444444446,1.1617543641469048
0001371.jpg,2.5555555555555554,1.1490262999202834,2.5555555555555554,1.0966377611066325,2.7222222222222223,1.1274936053323583
0001374.jpg,2.9444444444444446,1.2113299556429322,2.9444444444444446,1.1099667309387473,2.7222222222222223,1.227410260553666
0001375.jpg,2.1666666666666665,1.098126747211439,2.1666666666666665,0.8574929257125442,2.111111111111111,0.9002541398626661
0001378.jpg,3.1666666666666665,1.0981267472114395,2.6666666666666665,1.137592917989042,3.1666666666666665,1.0431851677040118
0001379.jpg,2.9444444444444446,0.9375953110592338,2.6666666666666665,1.2366938848016846,2.8333333333333335,1.1504474832710558
0001380.jpg,2.4444444444444446,0.9835244081556431,2.0,1.028991510855053,2.5,1.0431851677040116
0001381.jpg,2.9444444444444446,1.2589548523523144,3.0555555555555554,1.3491706481792793,3.0555555555555554,1.3491706481792793
0001382.jpg,4.0,1.028991510855053,3.7777777777777777,1.1659661762602747,3.8333333333333335,1.1504474832710556
0001383.jpg,3.1666666666666665,1.200490095997562,3.111111111111111,1.1826634392157036,3.0555555555555554,1.2589548523523144
0001384.jpg,3.888888888888889,1.367216532138064,4.166666666666667,1.2004900959975617,3.888888888888889,1.367216532138064
0001385.jpg,3.2777777777777777,1.127493605332358,2.7222222222222223,1.1785113019775793,3.388888888888889,1.1447521637192346
0001386.jpg,3.3333333333333335,1.0846522890932808,3.388888888888889,1.2897281468629185,3.0,1.2366938848016846
0001387.jpg,2.9444444444444446,1.2589548523523144,2.7777777777777777,1.2153699778283713,3.2777777777777777,1.127493605332358
0001389.jpg,2.2222222222222223,1.1143742932064957,2.2222222222222223,1.2153699778283713,2.3333333333333335,1.1881770515720091
0001390.jpg,2.888888888888889,1.2313975269103985,2.6666666666666665,1.3284223283101428,2.888888888888889,1.1318329168362207
0001391.jpg,3.4444444444444446,1.293523333527109,3.3333333333333335,1.2366938848016846,3.4444444444444446,1.247219128924647
0001392.jpg,3.888888888888889,1.2313975269103985,3.6666666666666665,1.2366938848016846,3.888888888888889,1.2313975269103985
0001393.jpg,2.611111111111111,1.0921586228732252,2.888888888888889,1.278274981412284,2.5555555555555554,1.0416176459053668
0001394.jpg,3.0555555555555554,1.1099667309387473,3.111111111111111,1.1826634392157036,3.2222222222222223,1.1143742932064957
0001395.jpg,1.7222222222222223,0.9582800496696001,1.8333333333333333,1.0981267472114393,1.8333333333333333,1.0981267472114395
0001396.jpg,3.0555555555555554,1.055641551364534,2.6666666666666665,1.2366938848016846,3.0,1.137592917989042
0001397.jpg,3.2222222222222223,1.0602749674192764,3.3333333333333335,1.0289915108550531,3.1666666666666665,1.0431851677040116
0001398.jpg,2.7222222222222223,1.1785113019775793,2.5555555555555554,1.1991282236408358,2.6666666666666665,1.1881770515720094
0001399.jpg,2.8333333333333335,1.2485285456935955,2.888888888888889,1.1318329168362207,2.8333333333333335,1.1504474832710556
0001401.jpg,3.2777777777777777,1.1785113019775793,3.111111111111111,1.1826634392157038,3.111111111111111,1.1318329168362207
0001404.jpg,2.9444444444444446,0.9983646759294877,2.8333333333333335,1.0981267472114395,2.8333333333333335,0.9851843661437781
0001405.jpg,3.0,1.3284223283101428,3.0,1.0846522890932808,3.0,1.3719886811400708
0001407.jpg,3.2222222222222223,1.1659661762602749,3.111111111111111,1.367216532138064,3.5,1.098126747211439
0001409.jpg,2.1666666666666665,0.985184366143778,2.111111111111111,0.9633818428657447,2.2777777777777777,1.1785113019775793
0001410.jpg,2.611111111111111,1.1447521637192346,2.111111111111111,1.1318329168362204,2.5,1.0981267472114393
0001412.jpg,2.9444444444444446,1.055641551364534,3.3333333333333335,1.137592917989042,3.111111111111111,1.078609610939221
0001415.jpg,2.5555555555555554,1.0966377611066325,2.7777777777777777,1.262842524557225,2.5,1.2947859237091257
0001416.jpg,2.6666666666666665,1.2833778958394957,2.8333333333333335,1.1504474832710558,3.0555555555555554,1.2113299556429322
0001418.jpg,3.7777777777777777,1.2628425245572248,3.611111111111111,1.2897281468629185,3.9444444444444446,1.055641551364534
0001420.jpg,3.111111111111111,1.367216532138064,3.1666666666666665,1.1504474832710556,2.9444444444444446,1.2589548523523144
0001422.jpg,3.0555555555555554,1.3920878193318216,2.7222222222222223,1.1785113019775793,3.0555555555555554,1.2113299556429324
0001423.jpg,2.9444444444444446,1.3048426644944466,2.888888888888889,1.1826634392157038,3.0,1.1881770515720094
0001426.jpg,2.7222222222222223,1.1785113019775793,3.0,1.137592917989042,2.7222222222222223,1.2274102605536659
0001427.jpg,1.6111111111111112,1.0369008625190794,1.3888888888888888,0.6076849889141857,1.8888888888888888,1.2313975269103985
0001428.jpg,2.7777777777777777,1.0032626514091005,3.0555555555555554,1.1099667309387475,2.8333333333333335,1.0981267472114395
0001429.jpg,3.5,1.0981267472114393,3.6666666666666665,1.1881770515720091,3.4444444444444446,1.247219128924647
0001430.jpg,2.9444444444444446,0.9983646759294876,3.111111111111111,1.278274981412284,2.9444444444444446,1.1099667309387473
0001431.jpg,2.5555555555555554,0.855585263892997,2.5555555555555554,1.0416176459053668,2.7777777777777777,0.9428090415820635
0001433.jpg,3.7222222222222223,1.2274102605536659,3.6666666666666665,1.2366938848016846,3.5,1.4245742398014511
0001435.jpg,2.888888888888889,1.1318329168362207,2.8333333333333335,1.1504474832710558,2.8333333333333335,1.1504474832710556
0001437.jpg,3.5555555555555554,0.9217771979249535,3.2222222222222223,1.0602749674192766,3.3333333333333335,1.137592917989042
0001438.jpg,4.166666666666667,1.0981267472114393,3.888888888888889,1.0226199851298272,4.055555555555555,1.3048426644944466
0001439.jpg,3.388888888888889,0.9785276387866012,3.0555555555555554,1.2113299556429322,3.2222222222222223,1.114374293206496
0001441.jpg,3.2222222222222223,1.1659661762602749,3.2777777777777777,1.1785113019775793,3.2222222222222223,1.2153699778283713
0001442.jpg,2.3333333333333335,0.9701425001453319,2.888888888888889,1.0226199851298272,2.2222222222222223,0.8084520834544433
0001443.jpg,3.6666666666666665,0.9701425001453319,2.9444444444444446,1.1099667309387475,3.5555555555555554,0.9835244081556432
0001447.jpg,3.2777777777777777,1.2744343869089327,3.111111111111111,1.0786096109392207,3.1666666666666665,1.0981267472114393
0001448.jpg,3.8333333333333335,1.200490095997562,3.6666666666666665,1.2366938848016844,3.888888888888889,1.2313975269103985
0001450.jpg,3.7777777777777777,1.0602749674192766,2.2222222222222223,1.3085940167422419,3.6666666666666665,1.2366938848016846
0001451.jpg,2.8333333333333335,1.0981267472114393,3.0555555555555554,1.1617543641469048,2.7222222222222223,1.1785113019775793
0001453.jpg,3.1666666666666665,1.0431851677040116,3.2777777777777777,1.127493605332358,3.1666666666666665,1.1504474832710556
0001456.jpg,3.111111111111111,1.1318329168362207,3.1666666666666665,1.2947859237091257,3.1666666666666665,1.0981267472114393
0001457.jpg,3.7222222222222223,1.1785113019775795,3.611111111111111,1.1950332945836275,3.7222222222222223,1.2744343869089327
0001459.jpg,3.888888888888889,1.0226199851298272,3.4444444444444446,1.247219128924647,3.7777777777777777,1.2628425245572248
0001461.jpg,2.888888888888889,1.1318329168362207,2.7777777777777777,1.3956046783744507,2.9444444444444446,1.0556415513645343
0001462.jpg,3.3333333333333335,1.2366938848016846,3.5555555555555554,1.1490262999202834,3.111111111111111,1.278274981412284
0001463.jpg,3.5,1.1504474832710556,3.611111111111111,1.2432826042324119,3.3333333333333335,1.3284223283101428
0001464.jpg,3.611111111111111,1.2897281468629185,3.9444444444444446,0.9983646759294876,3.7777777777777777,1.2628425245572248
0001465.jpg,3.1666666666666665,1.0981267472114393,2.8333333333333335,1.200490095997562,3.0555555555555554,1.1099667309387475
0001467.jpg,3.111111111111111,1.1318329168362207,2.888888888888889,1.1318329168362207,3.111111111111111,1.2313975269103987
0001468.jpg,2.9444444444444446,1.2589548523523144,3.2222222222222223,1.262842524557225,3.0555555555555554,1.2589548523523144
0001472.jpg,3.7777777777777777,1.1659661762602749,3.888888888888889,1.278274981412284,3.7222222222222223,1.3197840980097757
0001473.jpg,3.7222222222222223,1.1274936053323583,3.5,1.1504474832710558,3.5555555555555554,1.3382263161373769
0001474.jpg,3.7222222222222223,1.0178151661369075,3.888888888888889,1.0226199851298272,3.6666666666666665,1.2366938848016846
0001475.jpg,3.5555555555555554,1.5424282697487952,3.7222222222222223,1.5645166724265527,3.5,1.6538724611187703
0001476.jpg,2.7222222222222223,1.4061024795535124,3.111111111111111,1.1826634392157036,2.9444444444444446,1.2113299556429324
0001477.jpg,3.111111111111111,1.1318329168362204,3.111111111111111,1.1826634392157036,3.1666666666666665,1.2004900959975617
0001478.jpg,3.7222222222222223,1.0740552924509195,3.611111111111111,1.1447521637192346,3.611111111111111,1.289728146862918
0001479.jpg,3.5555555555555554,1.247219128924647,3.5,1.3826657968874305,3.6666666666666665,1.2833778958394957
0001480.jpg,3.5555555555555554,1.2935233335271092,3.5555555555555554,1.1490262999202834,3.5555555555555554,1.464168996281919
0001481.jpg,3.611111111111111,1.3779306261410682,3.388888888888889,1.092158622873225,3.7777777777777777,1.114374293206496
0001482.jpg,3.6666666666666665,1.0846522890932808,3.5,1.294785923709126,3.5,1.3394467690277294
0001485.jpg,2.1666666666666665,0.985184366143778,2.888888888888889,1.1318329168362207,2.2222222222222223,1.114374293206496
0001486.jpg,3.4444444444444446,1.1490262999202832,3.2222222222222223,1.1659661762602749,3.4444444444444446,1.1490262999202832
0001489.jpg,3.388888888888889,1.092158622873225,3.4444444444444446,1.1490262999202832,3.3333333333333335,1.1881770515720091
0001491.jpg,2.888888888888889,1.2313975269103985,3.0555555555555554,1.1099667309387475,2.9444444444444446,1.2589548523523146
0001492.jpg,3.7777777777777777,1.0032626514091005,2.2777777777777777,1.227410260553666,3.611111111111111,1.1950332945836273
0001493.jpg,3.8333333333333335,1.1504474832710556,3.3333333333333335,0.9074852129730301,3.6666666666666665,1.3719886811400708
0001494.jpg,3.4444444444444446,1.0416176459053668,3.5,1.0431851677040118,3.2222222222222223,1.262842524557225
0001495.jpg,3.111111111111111,1.1318329168362204,3.1666666666666665,1.2485285456935955,3.2222222222222223,1.1659661762602749
0001496.jpg,3.5555555555555554,1.3382263161373766,2.888888888888889,1.1826634392157036,3.6666666666666665,1.2366938848016846
0001497.jpg,3.888888888888889,1.0226199851298272,3.7777777777777777,1.1659661762602749,3.7222222222222223,1.227410260553666
0001500.jpg,2.7222222222222223,1.3636264606493256,2.888888888888889,1.367216532138064,2.7777777777777777,1.3527990831890464
0001501.jpg,3.2222222222222223,1.262842524557225,3.4444444444444446,1.464168996281919,3.2222222222222223,1.262842524557225
0001502.jpg,2.888888888888889,1.1826634392157036,2.9444444444444446,1.3920878193318216,2.8333333333333335,1.2485285456935955
0001503.jpg,3.2222222222222223,1.2153699778283713,3.1666666666666665,1.294785923709126,3.2777777777777777,1.2744343869089327
0001504.jpg,3.888888888888889,1.0226199851298272,2.5555555555555554,1.293523333527109,3.388888888888889,1.1447521637192346
0001508.jpg,3.888888888888889,1.367216532138064,3.888888888888889,1.2313975269103985,4.055555555555555,1.2113299556429322
0001509.jpg,3.9444444444444446,1.1617543641469048,3.611111111111111,1.2432826042324119,4.055555555555555,1.055641551364534
0001511.jpg,4.0,1.2366938848016846,3.7222222222222223,1.3197840980097757,3.8333333333333335,1.5048939771136507
0001512.jpg,3.5,1.0981267472114395,3.3333333333333335,1.3284223283101428,3.111111111111111,1.2313975269103985
0001513.jpg,3.7222222222222223,0.9582800496696001,3.611111111111111,1.0921586228732252,3.611111111111111,1.0369008625190792
0001514.jpg,3.7222222222222223,1.1785113019775793,3.888888888888889,1.078609610939221,3.7777777777777777,1.2153699778283713
0001516.jpg,4.0,1.0846522890932808,4.0,1.0289915108550531,3.8333333333333335,1.2004900959975617
0001517.jpg,3.888888888888889,1.2313975269103985,2.8333333333333335,1.3826657968874305,3.611111111111111,1.5392469086379983
0001518.jpg,3.888888888888889,1.1318329168362207,3.9444444444444446,1.0556415513645339,3.6666666666666665,1.3719886811400708
0001519.jpg,3.4444444444444446,1.3382263161373769,3.4444444444444446,1.293523333527109,3.388888888888889,1.2432826042324117
0001521.jpg,3.6666666666666665,1.3284223283101428,3.888888888888889,1.0226199851298272,3.7222222222222223,1.3197840980097757
0001522.jpg,3.888888888888889,1.2313975269103985,3.7777777777777777,1.262842524557225,3.7222222222222223,1.4473324572571657
0001523.jpg,3.888888888888889,1.2313975269103985,3.6666666666666665,1.1881770515720094,3.7222222222222223,1.5264551613058028
0001524.jpg,4.055555555555555,1.2589548523523144,4.111111111111111,1.3234931004459771,4.0,1.3719886811400708
0001528.jpg,4.0,1.1375929179890423,3.9444444444444446,0.9983646759294876,4.111111111111111,1.078609610939221
0001529.jpg,3.9444444444444446,1.3048426644944466,3.7777777777777777,1.0602749674192764,4.111111111111111,1.1318329168362204
0001530.jpg,3.9444444444444446,1.2113299556429322,3.9444444444444446,1.2113299556429324,3.8333333333333335,1.2485285456935955
0001532.jpg,3.5,0.9851843661437778,2.6666666666666665,0.9701425001453319,3.3333333333333335,1.0846522890932808
0001533.jpg,3.7222222222222223,1.178511301977579,3.1666666666666665,1.1504474832710556,3.7222222222222223,1.2274102605536659
0001534.jpg,4.111111111111111,1.078609610939221,4.055555555555555,0.9983646759294875,3.7222222222222223,1.5264551613058026
0001536.jpg,2.9444444444444446,1.055641551364534,3.0,1.283377895839496,3.0,1.2833778958394957
0001538.jpg,3.5555555555555554,1.247219128924647,3.888888888888889,1.078609610939221,3.5555555555555554,1.1991282236408358
0001541.jpg,3.7777777777777777,1.114374293206496,3.888888888888889,1.1826634392157036,3.7222222222222223,1.1785113019775793
0001542.jpg,3.8333333333333335,0.9235481451827989,3.7222222222222223,0.9582800496696001,3.5,1.0431851677040116
0001543.jpg,3.7777777777777777,1.262842524557225,3.2222222222222223,1.0602749674192766,3.7777777777777777,1.114374293206496
0001544.jpg,4.0,0.8401680504168059,3.611111111111111,1.0921586228732252,3.6666666666666665,1.3284223283101428
0001546.jpg,3.5,0.8574929257125442,3.2222222222222223,1.0032626514091005,3.0,1.0289915108550531
0001549.jpg,3.8333333333333335,1.0981267472114393,3.2777777777777777,1.0740552924509192,3.5,1.4245742398014511
0001551.jpg,3.7222222222222223,1.3197840980097757,4.055555555555555,1.055641551364534,3.8333333333333335,1.200490095997562
0001552.jpg,3.5555555555555554,1.2935233335271092,3.5,1.0981267472114393,3.5555555555555554,1.0416176459053668
0001557.jpg,3.2777777777777777,1.178511301977579,3.6666666666666665,1.1881770515720091,3.0555555555555554,1.1099667309387475
0001559.jpg,3.888888888888889,0.9633818428657449,3.8333333333333335,1.0431851677040116,3.7777777777777777,1.114374293206496
0001560.jpg,3.7222222222222223,1.0740552924509192,3.3333333333333335,1.084652289093281,3.5,1.294785923709126
0001561.jpg,3.4444444444444446,1.247219128924647,3.2777777777777777,1.0740552924509192,3.5,1.200490095997562
0001563.jpg,3.611111111111111,1.1447521637192344,3.3333333333333335,1.1881770515720091,3.5555555555555554,1.1490262999202832
0001564.jpg,3.388888888888889,1.4608172124206968,3.2222222222222223,1.3085940167422419,3.2777777777777777,1.4061024795535124
0001565.jpg,3.7777777777777777,1.516790557318723,3.7222222222222223,1.6016739609309327,3.6666666666666665,1.5339299776947404
0001566.jpg,3.5,1.200490095997562,3.388888888888889,1.0369008625190792,3.5555555555555554,1.293523333527109
0001568.jpg,2.888888888888889,1.4095843729891318,2.8333333333333335,1.294785923709126,2.6666666666666665,1.137592917989042
0001570.jpg,3.388888888888889,1.1950332945836273,3.0555555555555554,1.055641551364534,3.3333333333333335,1.0846522890932808
0001571.jpg,3.8333333333333335,1.2947859237091257,3.6666666666666665,1.3284223283101428,3.611111111111111,1.2897281468629185
0001572.jpg,4.0,1.1375929179890423,3.388888888888889,1.0921586228732252,4.0,1.2833778958394957
0001574.jpg,3.0,1.0846522890932808,3.0,1.283377895839496,2.8333333333333335,1.200490095997562
0001575.jpg,4.166666666666667,1.0431851677040116,4.166666666666667,0.9235481451827988,4.166666666666667,1.0431851677040116
0001576.jpg,4.0,1.2366938848016846,4.166666666666667,1.1504474832710556,4.0,1.2833778958394957
0001580.jpg,3.7222222222222223,0.8947924869885989,3.2222222222222223,1.114374293206496,3.6666666666666665,1.0846522890932808
0001583.jpg,4.055555555555555,1.055641551364534,4.055555555555555,1.1099667309387473,3.9444444444444446,1.3920878193318216
0001586.jpg,4.111111111111111,1.078609610939221,3.8333333333333335,1.0981267472114393,4.166666666666667,1.0981267472114393
0001587.jpg,3.7777777777777777,1.0032626514091005,3.611111111111111,1.0369008625190792,3.4444444444444446,1.2935233335271092
0001588.jpg,3.7777777777777777,0.8782037520219096,3.1666666666666665,0.9235481451827988,3.6666666666666665,1.0289915108550531
0001589.jpg,4.0,1.0289915108550531,3.888888888888889,1.0226199851298274,3.9444444444444446,1.2589548523523144
0001590.jpg,3.3333333333333335,1.0846522890932808,3.1666666666666665,1.0981267472114393,3.2777777777777777,0.8947924869885989
0001592.jpg,3.8333333333333335,0.9235481451827989,3.6666666666666665,1.084652289093281,3.7222222222222223,0.9582800496696001
0001593.jpg,3.7777777777777777,1.114374293206496,3.6666666666666665,1.1375929179890423,3.5,1.2485285456935955
0001594.jpg,3.611111111111111,1.2897281468629183,3.7222222222222223,1.1274936053323583,3.7777777777777777,1.0032626514091005
0001595.jpg,3.888888888888889,1.0226199851298272,3.7222222222222223,1.3197840980097757,3.9444444444444446,1.1099667309387473
0001596.jpg,3.7777777777777777,1.0032626514091005,3.6666666666666665,1.137592917989042,3.7222222222222223,1.274434386908933
0001598.jpg,3.0555555555555554,1.1099667309387473,3.3333333333333335,1.2366938848016849,2.9444444444444446,1.1617543641469048
0001599.jpg,3.6666666666666665,1.084652289093281,3.611111111111111,1.1950332945836275,3.5,1.2947859237091257
0001600.jpg,3.4444444444444446,1.1490262999202832,2.888888888888889,1.0786096109392211,3.4444444444444446,0.9835244081556432
0001602.jpg,3.8333333333333335,0.985184366143778,3.611111111111111,1.0369008625190792,3.611111111111111,0.9785276387866012
0001603.jpg,4.055555555555555,1.1099667309387473,4.0,0.9701425001453319,3.9444444444444446,1.1099667309387473
0001605.jpg,1.7777777777777777,1.3527990831890464,1.6111111111111112,1.0369008625190792,1.8333333333333333,1.4245742398014511
0001606.jpg,4.055555555555555,1.2589548523523142,3.888888888888889,1.1318329168362207,3.7222222222222223,1.5264551613058024
0001607.jpg,3.5555555555555554,1.3382263161373769,3.1666666666666665,1.0431851677040116,3.611111111111111,1.2432826042324119
0001608.jpg,3.6666666666666665,1.3719886811400708,3.4444444444444446,1.0966377611066325,3.611111111111111,1.4608172124206968
0001610.jpg,3.888888888888889,1.1318329168362204,3.2222222222222223,1.1659661762602749,3.6666666666666665,1.3719886811400706
0001614.jpg,3.7222222222222223,1.0178151661369075,3.6666666666666665,1.0289915108550531,3.5,1.0431851677040116
0001615.jpg,2.9444444444444446,1.2589548523523144,2.8333333333333335,1.3826657968874305,2.7777777777777777,1.3527990831890464
0001616.jpg,3.4444444444444446,1.3814835257889049,3.5555555555555554,1.1991282236408358,3.4444444444444446,1.3814835257889049
0001617.jpg,3.6666666666666665,1.028991510855053,3.5,1.0431851677040116,3.7222222222222223,1.127493605332358
0001618.jpg,3.7777777777777777,1.5550886320704589,3.888888888888889,1.4095843729891318,3.7222222222222223,1.564516672426553
0001619.jpg,3.111111111111111,1.0226199851298272,2.8333333333333335,1.0981267472114393,2.9444444444444446,1.2113299556429322
0001620.jpg,3.5555555555555554,1.1991282236408358,3.2777777777777777,1.0740552924509195,3.4444444444444446,1.1490262999202832
0001621.jpg,3.6666666666666665,1.0289915108550531,3.6666666666666665,0.9074852129730301,3.7222222222222223,0.9582800496696001
0001627.jpg,4.166666666666667,1.0431851677040116,3.2777777777777777,1.3636264606493256,3.7222222222222223,1.3636264606493254
0001629.jpg,3.7777777777777777,1.114374293206496,3.2222222222222223,1.0032626514091005,3.7777777777777777,1.0602749674192764
0001630.jpg,3.5555555555555554,1.3382263161373769,3.3333333333333335,1.137592917989042,3.6666666666666665,1.2833778958394957
0001631.jpg,3.7777777777777777,1.1143742932064957,3.388888888888889,0.9785276387866013,3.6666666666666665,1.0289915108550531
0001633.jpg,3.611111111111111,1.3345582608616182,3.3333333333333335,1.2833778958394957,3.388888888888889,1.2897281468629185
0001634.jpg,3.4444444444444446,1.247219128924647,3.0,1.1375929179890423,3.4444444444444446,1.1991282236408358
0001636.jpg,3.611111111111111,1.2432826042324119,3.2777777777777777,1.0178151661369075,3.6666666666666665,1.1881770515720094
0001638.jpg,4.333333333333333,0.9701425001453319,4.277777777777778,0.8264420947336312,4.333333333333333,0.9074852129730301
0001639.jpg,3.9444444444444446,0.9375953110592338,3.4444444444444446,1.0416176459053668,3.611111111111111,1.1447521637192346
0001640.jpg,3.4444444444444446,1.0416176459053668,3.0555555555555554,1.1617543641469048,3.111111111111111,1.2313975269103987
0001642.jpg,3.6666666666666665,1.1881770515720091,3.2222222222222223,1.114374293206496,3.7777777777777777,1.114374293206496
0001643.jpg,4.055555555555555,0.8726040960806521,3.5555555555555554,1.1490262999202832,3.7222222222222223,0.9582800496696
0001644.jpg,3.7222222222222223,1.227410260553666,3.5555555555555554,1.1991282236408358,3.611111111111111,1.2432826042324119
0001646.jpg,3.888888888888889,1.0226199851298272,3.7777777777777777,1.0032626514091005,4.055555555555555,0.9983646759294877
0001647.jpg,3.2222222222222223,1.0602749674192766,3.111111111111111,1.078609610939221,3.4444444444444446,0.9835244081556432
0001649.jpg,3.5555555555555554,0.9835244081556433,3.5,0.9235481451827988,3.3333333333333335,0.9701425001453319
0001650.jpg,3.7222222222222223,1.0740552924509195,3.3333333333333335,1.1881770515720091,3.611111111111111,1.1447521637192346
0001651.jpg,3.611111111111111,1.2432826042324119,3.5,1.2485285456935957,3.5,1.0431851677040116
0001652.jpg,3.5,1.2485285456935955,3.1666666666666665,0.9851843661437781,3.5,1.0981267472114393
0001654.jpg,3.3333333333333335,1.2366938848016846,3.4444444444444446,1.2472191289246473,3.611111111111111,1.1950332945836273
0001656.jpg,3.5,1.3826657968874305,2.9444444444444446,0.9983646759294875,3.2777777777777777,1.227410260553666
0001657.jpg,3.6666666666666665,1.3284223283101428,3.0555555555555554,0.9983646759294875,3.5,1.1504474832710556
0001658.jpg,4.111111111111111,1.078609610939221,4.055555555555555,0.9375953110592337,4.0,1.137592917989042
0001659.jpg,3.3333333333333335,0.9074852129730301,3.3333333333333335,0.8401680504168059,3.2777777777777777,1.0740552924509192
0001660.jpg,3.7222222222222223,1.274434386908933,3.2222222222222223,1.2153699778283713,3.5,1.2485285456935955
0001661.jpg,3.8333333333333335,0.9235481451827989,3.388888888888889,0.9164438231805329,3.5555555555555554,1.0966377611066325
0001662.jpg,3.388888888888889,1.0369008625190792,3.1666666666666665,0.9235481451827989,3.388888888888889,1.0369008625190794
0001663.jpg,3.388888888888889,1.1950332945836275,3.0555555555555554,0.9983646759294875,3.0,0.9074852129730302
0001665.jpg,3.611111111111111,1.3779306261410682,3.0,1.0846522890932808,3.4444444444444446,1.0966377611066325
0001668.jpg,2.9444444444444446,1.2589548523523144,3.111111111111111,1.1318329168362207,2.888888888888889,1.2782749814122842
0001670.jpg,3.1666666666666665,1.4245742398014511,2.8333333333333335,1.1504474832710556,3.111111111111111,1.323493100445977
0001671.jpg,3.0,1.0289915108550531,3.111111111111111,1.1318329168362207,3.0,1.0289915108550531
0001673.jpg,4.0,1.3719886811400708,4.111111111111111,1.0226199851298272,3.8333333333333335,1.465284553774253
0001675.jpg,3.5,1.0981267472114393,3.4444444444444446,0.9217771979249536,3.2777777777777777,1.1274936053323583
0001677.jpg,3.388888888888889,0.9785276387866012,3.2777777777777777,1.127493605332358,3.4444444444444446,0.9835244081556432
0001679.jpg,3.388888888888889,1.3779306261410682,3.1666666666666665,1.0981267472114395,3.3333333333333335,1.3284223283101428
0001681.jpg,3.1666666666666665,1.0981267472114393,3.111111111111111,1.1826634392157036,3.2222222222222223,1.0602749674192766
0001682.jpg,3.7222222222222223,1.3197840980097757,3.2777777777777777,1.3197840980097757,3.4444444444444446,1.4234267774809048
0001683.jpg,3.5555555555555554,1.1490262999202832,3.0,1.1375929179890423,3.5555555555555554,1.0966377611066325
0001684.jpg,3.4444444444444446,1.1991282236408358,2.8333333333333335,1.0431851677040118,3.5,1.0981267472114393
0001685.jpg,3.111111111111111,0.9633818428657448,2.888888888888889,1.0226199851298272,2.9444444444444446,1.055641551364534
0001686.jpg,3.5,1.2485285456935955,2.7222222222222223,1.127493605332358,3.2222222222222223,1.165966176260275
0001687.jpg,3.5555555555555554,0.9835244081556432,3.2777777777777777,1.0740552924509197,3.2222222222222223,1.0602749674192764
0001689.jpg,3.6666666666666665,1.0289915108550531,3.388888888888889,1.2432826042324119,3.5555555555555554,0.9835244081556432
0001690.jpg,3.3333333333333335,1.137592917989042,3.3333333333333335,1.2833778958394957,3.388888888888889,1.3345582608616182
0001691.jpg,3.4444444444444446,1.247219128924647,3.5555555555555554,1.0416176459053668,3.611111111111111,1.0921586228732252
0001692.jpg,3.1666666666666665,1.2485285456935955,3.0,1.283377895839496,2.9444444444444446,1.2113299556429322
0001693.jpg,3.611111111111111,1.1950332945836273,3.5555555555555554,1.0416176459053668,3.5,1.0981267472114393
0001694.jpg,3.611111111111111,1.0369008625190792,3.6666666666666665,1.028991510855053,3.4444444444444446,1.1490262999202832
0001697.jpg,3.888888888888889,1.0226199851298272,3.388888888888889,1.1447521637192346,3.7222222222222223,1.0740552924509195
0001698.jpg,3.7222222222222223,1.127493605332358,3.5555555555555554,1.0966377611066325,3.6666666666666665,1.2366938848016846
0001700.jpg,3.5555555555555554,1.247219128924647,3.5555555555555554,1.3382263161373769,3.7777777777777777,1.1659661762602749
0001701.jpg,3.5,1.0431851677040116,3.111111111111111,1.2313975269103987,3.4444444444444446,1.0966377611066325
0001704.jpg,3.611111111111111,1.2432826042324119,3.611111111111111,1.3345582608616182,3.5555555555555554,1.3382263161373769
0001705.jpg,3.388888888888889,1.1950332945836273,3.4444444444444446,1.293523333527109,3.388888888888889,1.334558260861618
0001708.jpg,3.0555555555555554,0.8726040960806521,3.0555555555555554,0.9375953110592338,2.9444444444444446,0.8726040960806521
0001709.jpg,2.388888888888889,0.9164438231805326,2.388888888888889,0.9785276387866013,2.4444444444444446,0.855585263892997
0001710.jpg,2.388888888888889,0.9164438231805329,2.6666666666666665,1.084652289093281,2.4444444444444446,0.7838233761296739
0001711.jpg,2.0555555555555554,1.161754364146905,2.2777777777777777,1.3636264606493256,2.1666666666666665,1.2485285456935955
0001714.jpg,1.6666666666666667,0.8401680504168059,1.8888888888888888,1.1826634392157036,1.5555555555555556,0.7838233761296739
0001716.jpg,2.5555555555555554,1.1991282236408358,2.5555555555555554,1.293523333527109,2.2222222222222223,1.262842524557225
0001717.jpg,1.5555555555555556,0.6156987634551992,1.8888888888888888,1.078609610939221,1.5555555555555556,0.8555852638929972
0001720.jpg,2.8333333333333335,1.0431851677040118,2.7777777777777777,1.3085940167422419,2.6666666666666665,1.1375929179890423
0001721.jpg,2.5555555555555554,1.1490262999202832,2.8333333333333335,1.3394467690277294,2.388888888888889,1.1950332945836273
0001723.jpg,1.6666666666666667,0.6859943405700352,2.1666666666666665,0.8574929257125441,1.6666666666666667,0.7669649888473704
0001724.jpg,2.611111111111111,0.9164438231805327,2.888888888888889,1.1826634392157036,2.4444444444444446,0.8555852638929972
0001725.jpg,2.0,0.9074852129730301,2.1666666666666665,1.0981267472114393,2.0,0.9074852129730301
0001728.jpg,2.2777777777777777,1.127493605332358,2.1666666666666665,1.424574239801451,2.0555555555555554,1.2113299556429324
0001729.jpg,2.1666666666666665,0.9235481451827988,2.2777777777777777,1.0740552924509192,2.0,1.0289915108550531
0001732.jpg,2.5,1.0431851677040116,2.5,1.200490095997562,2.111111111111111,1.0226199851298272
0001733.jpg,2.4444444444444446,1.0416176459053668,2.388888888888889,1.2432826042324119,2.3333333333333335,1.1881770515720091
0001734.jpg,2.1666666666666665,1.0981267472114393,2.5,1.1504474832710556,2.111111111111111,1.0226199851298272
0001736.jpg,2.5555555555555554,1.1490262999202832,2.611111111111111,1.2897281468629185,2.5,1.1504474832710556
0001737.jpg,1.8888888888888888,0.9002541398626664,1.8888888888888888,1.0226199851298272,1.7222222222222223,0.8264420947336313
0001738.jpg,1.6666666666666667,0.7669649888473704,1.9444444444444444,1.055641551364534,1.5555555555555556,0.7047921864945659
0001739.jpg,2.388888888888889,1.1950332945836273,2.2222222222222223,1.2153699778283713,2.2222222222222223,1.2153699778283713
0001742.jpg,2.2222222222222223,1.2153699778283713,2.111111111111111,1.278274981412284,2.0,1.2833778958394957
0001743.jpg,2.2222222222222223,1.0602749674192762,2.3333333333333335,1.137592917989042,1.8888888888888888,1.1318329168362207
0001744.jpg,2.2222222222222223,0.8084520834544433,2.2777777777777777,1.0740552924509195,2.0555555555555554,0.8726040960806521
0001745.jpg,2.4444444444444446,0.9835244081556432,2.5555555555555554,1.247219128924647,2.3333333333333335,1.028991510855053
0001746.jpg,2.388888888888889,1.0921586228732252,2.611111111111111,1.1950332945836273,2.5,1.1504474832710556
0001747.jpg,1.8888888888888888,0.9633818428657449,1.8333333333333333,1.2004900959975617,1.6666666666666667,1.0846522890932808
0001748.jpg,1.8333333333333333,0.7859052479933758,1.8333333333333333,1.0981267472114393,1.8333333333333333,0.7859052479933758
0001749.jpg,1.8333333333333333,1.0431851677040116,2.0555555555555554,1.3048426644944466,1.6666666666666667,0.8401680504168059
0001750.jpg,2.0,0.9701425001453319,2.2777777777777777,1.1274936053323583,1.7222222222222223,0.8947924869885987
0001756.jpg,2.7777777777777777,1.114374293206496,2.611111111111111,1.3345582608616182,2.611111111111111,1.0369008625190792
0001757.jpg,2.6666666666666665,1.137592917989042,2.7777777777777777,1.3085940167422419,2.388888888888889,1.1447521637192344
0001758.jpg,2.111111111111111,1.022619985129827,2.0555555555555554,1.2113299556429324,1.9444444444444444,0.8726040960806521
0001761.jpg,1.9444444444444444,0.802365782965103,1.9444444444444444,1.055641551364534,1.6666666666666667,0.6859943405700353
0001762.jpg,2.2777777777777777,1.0740552924509195,2.2222222222222223,1.1143742932064957,2.0555555555555554,0.8023657829651027
0001763.jpg,2.2222222222222223,0.8782037520219095,2.5,1.0981267472114393,1.8888888888888888,0.7583952786593614
0001764.jpg,2.611111111111111,1.0369008625190792,2.7777777777777777,1.1659661762602749,2.2777777777777777,1.0740552924509192
0001766.jpg,3.2777777777777777,1.0740552924509195,3.5,1.200490095997562,3.1666666666666665,1.0431851677040116
0001767.jpg,2.0555555555555554,0.802365782965103,2.2222222222222223,1.0602749674192764,1.9444444444444444,0.8726040960806521
0001769.jpg,2.0,0.8401680504168059,2.0,0.9701425001453319,1.8333333333333333,0.7071067811865476
0001773.jpg,1.8888888888888888,1.078609610939221,2.111111111111111,1.0786096109392207,1.7222222222222223,1.0740552924509195
0001774.jpg,1.8333333333333333,1.0981267472114395,1.8888888888888888,1.4095843729891313,1.8888888888888888,1.078609610939221
0001775.jpg,2.2777777777777777,1.127493605332358,2.5555555555555554,1.0966377611066322,2.388888888888889,0.9164438231805326
0001779.jpg,1.5,0.7859052479933758,1.7777777777777777,1.3085940167422419,1.4444444444444444,0.8555852638929973
0001780.jpg,2.111111111111111,1.078609610939221,2.2777777777777777,1.178511301977579,1.8333333333333333,1.0981267472114393
0001782.jpg,2.5,0.8574929257125442,2.388888888888889,1.2432826042324117,2.3333333333333335,0.9074852129730301
0001783.jpg,2.7222222222222223,1.1274936053323583,2.9444444444444446,1.2113299556429322,2.4444444444444446,1.247219128924647
0001784.jpg,2.6666666666666665,1.0846522890932808,2.6666666666666665,1.2366938848016846,2.5555555555555554,1.0416176459053668
0001786.jpg,2.6666666666666665,1.137592917989042,2.9444444444444446,1.2113299556429324,2.4444444444444446,1.1490262999202832
0001788.jpg,2.388888888888889,0.8498365855987974,2.3333333333333335,1.137592917989042,2.2222222222222223,0.8782037520219095
0001789.jpg,2.2777777777777777,1.127493605332358,2.388888888888889,1.2432826042324119,2.0555555555555554,0.9983646759294875
0001792.jpg,2.7222222222222223,1.1785113019775793,2.8333333333333335,1.2485285456935955,2.3333333333333335,1.1881770515720091
0001793.jpg,2.611111111111111,1.0369008625190792,2.7222222222222223,1.1785113019775793,2.2777777777777777,1.0740552924509195
0001794.jpg,2.7222222222222223,1.0740552924509195,2.7222222222222223,1.127493605332358,2.5555555555555554,0.9835244081556432
0001795.jpg,1.7222222222222223,1.0740552924509192,2.111111111111111,1.078609610939221,1.7777777777777777,1.1143742932064957
0001799.jpg,1.9444444444444444,1.1617543641469048,1.6666666666666667,1.084652289093281,1.6111111111111112,1.0369008625190792
0001800.jpg,2.7777777777777777,1.0602749674192766,2.6666666666666665,1.3284223283101428,2.5555555555555554,1.0416176459053668
0001801.jpg,2.388888888888889,1.0369008625190792,2.6666666666666665,1.2833778958394957,2.2777777777777777,0.9582800496696
0001802.jpg,1.6666666666666667,0.7669649888473704,2.1666666666666665,1.0431851677040116,1.7777777777777777,0.7320844981409595
0001803.jpg,2.5,1.0981267472114393,2.3333333333333335,1.1881770515720091,2.2222222222222223,1.114374293206496
0001807.jpg,2.0,1.1375929179890423,2.0,1.3719886811400706,1.7222222222222223,1.1274936053323579
0001808.jpg,2.4444444444444446,1.0966377611066322,2.611111111111111,1.2432826042324119,2.2222222222222223,1.0032626514091003
0001809.jpg,1.7777777777777777,0.8782037520219095,2.2222222222222223,0.9428090415820634,1.6111111111111112,0.6978023391872252
0001812.jpg,2.111111111111111,1.1318329168362207,2.0555555555555554,1.3491706481792793,1.7222222222222223,1.0740552924509192
0001814.jpg,3.0555555555555554,1.2589548523523144,3.0,1.283377895839496,2.6666666666666665,1.1881770515720094
0001815.jpg,2.111111111111111,1.1318329168362207,2.388888888888889,1.195033294583627,1.9444444444444444,1.1617543641469048
0001816.jpg,3.0555555555555554,0.9983646759294875,3.2222222222222223,1.1659661762602749,2.7777777777777777,0.8084520834544432
0001817.jpg,2.5,0.9235481451827988,2.2777777777777777,0.9582800496696,2.111111111111111,0.7583952786593614
0001820.jpg,2.4444444444444446,1.0416176459053668,2.611111111111111,1.0921586228732252,2.388888888888889,0.9164438231805326
0001822.jpg,2.7777777777777777,1.165966176260275,2.8333333333333335,1.0981267472114393,2.611111111111111,1.1447521637192346
0001824.jpg,1.4444444444444444,0.6156987634551992,1.4444444444444444,1.0966377611066322,1.4444444444444444,0.7047921864945658
0001825.jpg,2.1666666666666665,1.0981267472114393,2.0,1.2833778958394957,2.0,1.0846522890932808
0001829.jpg,2.611111111111111,1.1447521637192346,2.5555555555555554,1.293523333527109,2.4444444444444446,1.247219128924647
0001830.jpg,2.9444444444444446,1.161754364146905,3.0,1.0846522890932808,2.7777777777777777,1.0602749674192764
0001834.jpg,1.6666666666666667,1.084652289093281,1.9444444444444444,0.8726040960806521,1.5,1.0431851677040116
0001836.jpg,2.111111111111111,0.9633818428657447,2.1666666666666665,1.0981267472114393,1.7222222222222223,0.8947924869885988
0001837.jpg,3.1666666666666665,1.1504474832710558,3.0,1.137592917989042,3.111111111111111,0.9002541398626663
0001838.jpg,3.111111111111111,1.323493100445977,3.3333333333333335,1.1375929179890423,3.111111111111111,1.1826634392157036
0001842.jpg,3.0,1.0289915108550531,2.888888888888889,1.1826634392157036,2.7777777777777777,1.0032626514091005
0001845.jpg,2.888888888888889,1.2313975269103985,2.888888888888889,1.323493100445977,2.611111111111111,1.1447521637192344
0001848.jpg,3.1666666666666665,1.098126747211439,3.2222222222222223,1.2153699778283713,2.6666666666666665,1.3284223283101428
0001849.jpg,2.2222222222222223,1.0032626514091003,2.7222222222222223,1.127493605332358,2.111111111111111,0.6763995415945231
0001850.jpg,1.8333333333333333,1.1504474832710556,1.7777777777777777,1.3085940167422419,1.7222222222222223,1.0740552924509195
0001851.jpg,2.0555555555555554,1.1617543641469046,2.1666666666666665,1.200490095997562,1.7777777777777777,1.0032626514091005
0001852.jpg,1.8888888888888888,1.0226199851298274,2.2222222222222223,1.2153699778283713,1.8888888888888888,1.078609610939221
0001854.jpg,4.444444444444445,0.783823376129674,4.222222222222222,1.0602749674192766,4.222222222222222,1.0032626514091005
0001856.jpg,3.1666666666666665,1.0431851677040116,3.2222222222222223,1.0602749674192766,3.0,1.1375929179890423
0001857.jpg,2.8333333333333335,1.200490095997562,3.0,1.283377895839496,2.6666666666666665,1.1881770515720091
0001860.jpg,2.2222222222222223,1.0602749674192764,2.111111111111111,1.0226199851298272,2.2777777777777777,1.0740552924509192
0001861.jpg,2.5,0.985184366143778,2.2222222222222223,1.0032626514091003,2.1666666666666665,1.0431851677040116
0001862.jpg,3.4444444444444446,1.1490262999202832,3.5,1.200490095997562,3.5,1.1504474832710558
0001864.jpg,2.8333333333333335,1.2485285456935955,3.2222222222222223,1.3085940167422419,2.5555555555555554,1.247219128924647
0001865.jpg,3.2777777777777777,1.3636264606493254,3.5,1.2947859237091257,2.9444444444444446,1.1617543641469048
0001866.jpg,1.7777777777777777,1.0032626514091005,1.6666666666666667,1.2366938848016846,1.6111111111111112,1.0369008625190792
0001868.jpg,3.111111111111111,1.0786096109392207,2.8333333333333335,1.200490095997562,2.888888888888889,1.078609610939221
0001869.jpg,2.2777777777777777,0.9582800496696,2.7222222222222223,1.0740552924509195,2.0555555555555554,0.9375953110592338
0001870.jpg,2.888888888888889,1.1318329168362207,3.0,1.2366938848016846,2.7222222222222223,1.0178151661369075
0001871.jpg,2.8333333333333335,1.1504474832710556,3.0555555555555554,1.1617543641469048,2.8333333333333335,1.1504474832710558
0001872.jpg,2.0,0.9701425001453319,2.2222222222222223,1.2153699778283713,1.9444444444444444,0.9375953110592339
0001875.jpg,2.611111111111111,1.0369008625190792,2.7777777777777777,1.165966176260275,2.4444444444444446,1.0416176459053665
0001877.jpg,3.0555555555555554,1.055641551364534,3.3333333333333335,1.1881770515720091,2.9444444444444446,0.9983646759294875
0001878.jpg,2.388888888888889,0.8498365855987975,2.4444444444444446,0.7838233761296739,2.3333333333333335,0.7669649888473702
0001880.jpg,2.0,1.028991510855053,2.3333333333333335,1.137592917989042,1.7222222222222223,1.0178151661369075
0001881.jpg,2.2777777777777777,1.2744343869089327,2.5555555555555554,1.464168996281919,2.111111111111111,1.1318329168362204
0001884.jpg,2.8333333333333335,1.0981267472114393,3.0,1.1881770515720094,2.888888888888889,1.078609610939221
0001886.jpg,2.7222222222222223,1.274434386908933,2.6666666666666665,1.2833778958394957,2.8333333333333335,1.2485285456935955
0001889.jpg,2.8333333333333335,0.985184366143778,3.1666666666666665,1.2485285456935955,2.888888888888889,0.9002541398626663
0001890.jpg,2.3333333333333335,0.7669649888473702,2.2222222222222223,1.0032626514091005,2.2777777777777777,0.6691131580686884
0001891.jpg,4.333333333333333,0.8401680504168059,3.9444444444444446,0.9375953110592339,4.222222222222222,1.0602749674192766
0001892.jpg,3.388888888888889,1.0921586228732252,3.4444444444444446,1.0966377611066325,2.9444444444444446,1.4741786236338814
0001893.jpg,2.9444444444444446,0.9375953110592339,3.0555555555555554,1.0556415513645343,2.888888888888889,1.1318329168362207
0001894.jpg,3.9444444444444446,1.1099667309387473,4.0,1.1881770515720091,3.9444444444444446,1.1099667309387473
0001895.jpg,4.0,1.137592917989042,3.8333333333333335,1.2947859237091257,3.888888888888889,1.2782749814122838
0001897.jpg,2.5555555555555554,0.9217771979249536,2.611111111111111,0.9164438231805327,2.3333333333333335,1.0846522890932808
0001898.jpg,3.0,0.9074852129730301,2.7777777777777777,1.0602749674192766,2.888888888888889,0.9633818428657449
0001899.jpg,2.1666666666666665,0.9851843661437779,2.611111111111111,1.1950332945836275,2.111111111111111,0.9633818428657448
0001900.jpg,3.1666666666666665,1.2947859237091257,3.0555555555555554,1.055641551364534,3.111111111111111,1.278274981412284
0001902.jpg,3.1666666666666665,0.985184366143778,3.5,1.0431851677040116,2.8333333333333335,1.1504474832710556
0001904.jpg,2.611111111111111,1.1447521637192346,2.6666666666666665,1.137592917989042,2.5,1.1504474832710554
0001905.jpg,2.7222222222222223,1.0740552924509195,2.9444444444444446,1.055641551364534,2.611111111111111,1.1950332945836273
0001906.jpg,2.7777777777777777,1.2153699778283713,3.0,1.1881770515720094,2.7777777777777777,1.114374293206496
0001908.jpg,2.8333333333333335,1.0431851677040116,2.888888888888889,1.0226199851298272,2.3333333333333335,1.1881770515720091
0001909.jpg,2.7222222222222223,1.0178151661369075,2.8333333333333335,1.1504474832710556,2.5555555555555554,1.0416176459053665
0001911.jpg,3.4444444444444446,1.1991282236408358,3.3333333333333335,1.2833778958394957,3.1666666666666665,1.1504474832710558
0001913.jpg,2.5,1.0981267472114393,2.9444444444444446,1.3048426644944466,2.2777777777777777,1.0740552924509195
0001914.jpg,2.7222222222222223,0.9582800496696003,2.9444444444444446,1.1617543641469048,2.7777777777777777,1.0602749674192766
0001915.jpg,2.8333333333333335,1.0431851677040116,3.0,1.2366938848016846,2.6666666666666665,1.0846522890932808
0001916.jpg,2.388888888888889,1.0921586228732252,2.9444444444444446,1.2113299556429322,2.2777777777777777,1.227410260553666
0001917.jpg,2.3333333333333335,1.137592917989042,2.7777777777777777,1.2153699778283713,2.0,1.2366938848016846
0001921.jpg,3.111111111111111,1.1318329168362207,2.9444444444444446,1.1099667309387475,3.0,1.2366938848016846
0001922.jpg,3.2777777777777777,1.1274936053323583,3.4444444444444446,0.9835244081556432,3.1666666666666665,1.200490095997562
0001923.jpg,2.5,1.098126747211439,2.8333333333333335,1.0981267472114393,2.7777777777777777,1.0602749674192766
0001924.jpg,2.4444444444444446,1.041617645905367,2.5555555555555554,1.0416176459053668,2.2222222222222223,1.0602749674192764
0001925.jpg,3.388888888888889,1.3779306261410682,3.6666666666666665,1.2833778958394957,3.3333333333333335,1.4142135623730951
0001928.jpg,2.5555555555555554,1.0416176459053668,2.611111111111111,1.2897281468629185,2.5,1.1504474832710554
0001932.jpg,3.1666666666666665,0.9851843661437778,3.0,1.137592917989042,3.0555555555555554,1.1099667309387475
0001933.jpg,4.555555555555555,0.7047921864945659,4.5,0.7859052479933758,4.388888888888889,0.8498365855987975
0001934.jpg,3.1666666666666665,0.923548145182799,3.0,1.1881770515720091,2.8333333333333335,0.985184366143778
0001935.jpg,3.0555555555555554,1.1617543641469048,3.2777777777777777,1.127493605332358,3.2222222222222223,1.1143742932064955
0001937.jpg,2.888888888888889,1.367216532138064,3.111111111111111,1.323493100445977,2.7777777777777777,1.114374293206496
0001938.jpg,3.3333333333333335,1.0846522890932808,3.611111111111111,1.0921586228732252,3.2777777777777777,1.1274936053323583
0001943.jpg,3.1666666666666665,1.0431851677040116,3.3333333333333335,1.2833778958394957,3.388888888888889,1.1950332945836273
0001944.jpg,3.8333333333333335,1.1504474832710556,4.0,1.137592917989042,3.7777777777777777,1.2153699778283713
0001948.jpg,4.333333333333333,1.1375929179890423,4.388888888888889,1.092158622873225,4.277777777777778,1.1274936053323579
0001949.jpg,2.388888888888889,0.8498365855987973,2.3333333333333335,1.028991510855053,2.1666666666666665,0.7859052479933756
0001951.jpg,3.0,0.9701425001453319,2.611111111111111,1.1447521637192346,2.6666666666666665,0.9074852129730301
0001952.jpg,2.5555555555555554,0.7838233761296737,2.7222222222222223,1.0178151661369075,2.4444444444444446,0.7838233761296737
0001954.jpg,2.7222222222222223,1.227410260553666,3.0555555555555554,1.3048426644944469,2.5,1.200490095997562
0001957.jpg,2.3333333333333335,1.0846522890932808,2.888888888888889,1.367216532138064,2.111111111111111,0.9002541398626663
0001959.jpg,3.6666666666666665,1.0846522890932808,3.5555555555555554,1.2472191289246473,3.5555555555555554,1.3382263161373769
0001961.jpg,3.2777777777777777,1.3197840980097755,3.5555555555555554,1.3382263161373769,3.0555555555555554,1.2589548523523142
0001962.jpg,2.611111111111111,1.092158622873225,2.888888888888889,1.1826634392157036,2.7777777777777777,1.165966176260275
0001963.jpg,2.611111111111111,1.1447521637192346,2.7222222222222223,1.1785113019775795,2.388888888888889,1.1950332945836273
0001965.jpg,3.111111111111111,1.2782749814122842,3.388888888888889,1.0921586228732252,3.111111111111111,1.1826634392157036
0001966.jpg,2.8333333333333335,1.0981267472114393,3.0,1.2366938848016849,2.888888888888889,1.1318329168362207
0001969.jpg,3.611111111111111,1.2897281468629185,4.111111111111111,0.8323523637957304,3.7222222222222223,1.0740552924509195
0001970.jpg,2.9444444444444446,1.3048426644944469,2.6666666666666665,1.3284223283101428,2.8333333333333335,1.0981267472114393
0001971.jpg,2.7777777777777777,1.2153699778283715,2.888888888888889,1.323493100445977,2.611111111111111,1.2432826042324119
0001972.jpg,3.2777777777777777,1.127493605332358,2.8333333333333335,1.5434872662825796,3.2222222222222223,1.1659661762602749
0001977.jpg,3.388888888888889,1.1447521637192346,3.2777777777777777,1.0740552924509195,3.1666666666666665,1.098126747211439
0001978.jpg,2.0555555555555554,0.8023657829651027,2.4444444444444446,0.8555852638929972,2.2222222222222223,0.9428090415820631
0001980.jpg,2.611111111111111,1.1950332945836273,2.7777777777777777,1.3527990831890464,2.7777777777777777,1.114374293206496
0001981.jpg,3.111111111111111,1.1318329168362207,3.0555555555555554,1.2113299556429322,3.0,1.137592917989042
0001984.jpg,3.9444444444444446,0.9375953110592338,4.111111111111111,0.9002541398626666,3.8333333333333335,1.1504474832710558
0001988.jpg,3.0555555555555554,1.2113299556429322,3.0555555555555554,1.2589548523523144,2.888888888888889,1.278274981412284
0001989.jpg,3.5555555555555554,1.1490262999202834,3.6666666666666665,1.1375929179890423,3.4444444444444446,1.1991282236408358
0001990.jpg,3.2777777777777777,1.0178151661369075,3.2777777777777777,1.0740552924509195,3.0555555555555554,1.1099667309387473
0001991.jpg,3.611111111111111,1.2432826042324119,3.6666666666666665,1.137592917989042,3.6666666666666665,1.0289915108550531
0001992.jpg,2.888888888888889,1.2782749814122842,3.1666666666666665,1.200490095997562,2.888888888888889,1.2313975269103987
0001994.jpg,3.6666666666666665,1.3284223283101428,3.7222222222222223,1.3636264606493254,3.611111111111111,1.1950332945836275
0001995.jpg,3.1666666666666665,0.9235481451827988,3.388888888888889,1.0369008625190792,3.2222222222222223,0.9428090415820629
0001997.jpg,3.7777777777777777,1.1659661762602749,4.055555555555555,1.1099667309387473,4.0,1.137592917989042
0001999.jpg,3.0555555555555554,1.2113299556429322,3.2777777777777777,1.178511301977579,3.2222222222222223,1.1143742932064957
0002000.jpg,2.6666666666666665,0.9701425001453319,2.888888888888889,1.1826634392157036,3.111111111111111,1.0786096109392207
0002002.jpg,2.5555555555555554,0.9835244081556432,2.888888888888889,1.1826634392157038,2.4444444444444446,0.9217771979249535
0002004.jpg,3.611111111111111,0.9164438231805327,3.4444444444444446,1.041617645905367,3.5,1.0431851677040116
0002005.jpg,3.8333333333333335,1.0981267472114393,3.6666666666666665,1.3284223283101428,3.7777777777777777,1.165966176260275
0002008.jpg,3.111111111111111,1.2313975269103987,3.3333333333333335,1.137592917989042,3.111111111111111,1.1826634392157036
0002010.jpg,3.111111111111111,1.078609610939221,3.0,1.137592917989042,3.0555555555555554,1.055641551364534
0002011.jpg,2.611111111111111,1.0369008625190792,2.3333333333333335,1.3284223283101428,2.2222222222222223,1.0602749674192764
0002014.jpg,3.5555555555555554,1.247219128924647,3.3333333333333335,1.2366938848016846,3.6666666666666665,1.0846522890932808
0002019.jpg,3.0,1.0289915108550531,3.2222222222222223,1.1659661762602749,2.8333333333333335,1.0431851677040118
0002020.jpg,2.888888888888889,1.1826634392157036,3.0555555555555554,1.2113299556429324,2.7777777777777777,1.262842524557225
0002021.jpg,3.4444444444444446,1.1490262999202832,3.5,1.0981267472114393,3.6666666666666665,1.0846522890932808
0002022.jpg,3.5,1.0431851677040116,3.5,0.9851843661437779,3.611111111111111,1.0921586228732252
0002023.jpg,4.111111111111111,1.0226199851298272,3.9444444444444446,0.9375953110592338,3.8333333333333335,1.2947859237091257
0002024.jpg,3.2222222222222223,1.0602749674192764,3.2777777777777777,1.227410260553666,2.8333333333333335,1.3394467690277296
0002026.jpg,3.4444444444444446,1.464168996281919,3.4444444444444446,1.247219128924647,3.6666666666666665,1.2833778958394957
0002028.jpg,2.7777777777777777,1.0032626514091005,3.111111111111111,1.2313975269103985,2.888888888888889,1.078609610939221
0002031.jpg,3.5555555555555554,1.1490262999202832,3.611111111111111,1.2897281468629185,3.4444444444444446,1.247219128924647
0002032.jpg,3.5,1.465284553774253,3.7222222222222223,1.2274102605536659,3.5555555555555554,1.4234267774809048
0002033.jpg,3.888888888888889,1.1826634392157036,3.611111111111111,1.3779306261410682,3.7222222222222223,1.3636264606493258
0002036.jpg,3.8333333333333335,0.9235481451827988,3.8333333333333335,1.1504474832710556,3.888888888888889,1.1318329168362204
0002037.jpg,3.0,1.3284223283101428,3.1666666666666665,1.3394467690277294,2.8333333333333335,1.4245742398014511
0002039.jpg,3.5,1.2947859237091257,3.388888888888889,1.1950332945836273,3.5555555555555554,1.3382263161373769
0002041.jpg,2.7777777777777777,1.2153699778283713,3.0555555555555554,1.1617543641469048,2.9444444444444446,1.1617543641469048
0002042.jpg,4.055555555555555,1.0556415513645343,3.888888888888889,1.2313975269103985,3.8333333333333335,1.2004900959975617
0002043.jpg,3.7222222222222223,1.2274102605536659,3.7222222222222223,1.2274102605536659,3.8333333333333335,1.2004900959975622
0002046.jpg,3.1666666666666665,1.200490095997562,3.3333333333333335,1.2366938848016846,3.2777777777777777,1.0740552924509195
0002048.jpg,3.0555555555555554,1.3491706481792791,3.1666666666666665,1.294785923709126,2.9444444444444446,1.3491706481792793
0002050.jpg,3.3333333333333335,1.1881770515720091,3.388888888888889,1.0369008625190792,3.2777777777777777,1.127493605332358
0002053.jpg,3.2222222222222223,1.114374293206496,3.1666666666666665,1.1504474832710554,3.2777777777777777,1.178511301977579
0002054.jpg,3.6666666666666665,0.9701425001453319,3.388888888888889,1.0921586228732252,3.5555555555555554,1.0416176459053668
0002055.jpg,3.6666666666666665,1.1881770515720091,3.7777777777777777,1.114374293206496,3.6666666666666665,1.1881770515720091
0002056.jpg,3.111111111111111,1.1826634392157036,3.3333333333333335,1.2833778958394957,2.9444444444444446,1.2589548523523144
0002057.jpg,3.5,0.9235481451827989,3.4444444444444446,1.0416176459053668,3.5,1.1504474832710556
0002058.jpg,3.5555555555555554,1.0966377611066322,3.5555555555555554,1.1490262999202834,3.5555555555555554,1.0416176459053668
0002060.jpg,3.8333333333333335,0.985184366143778,3.6666666666666665,0.9701425001453319,3.6666666666666665,1.1881770515720091
0002061.jpg,3.0,1.0846522890932808,3.1666666666666665,1.1504474832710558,2.9444444444444446,1.055641551364534
0002063.jpg,3.611111111111111,0.9785276387866012,3.888888888888889,1.1318329168362207,3.611111111111111,1.2432826042324117
0002067.jpg,3.6666666666666665,1.0289915108550531,3.4444444444444446,1.1991282236408358,3.7222222222222223,1.0740552924509195
0002071.jpg,3.9444444444444446,1.055641551364534,3.888888888888889,0.8323523637957304,4.055555555555555,1.055641551364534
0002073.jpg,3.7777777777777777,1.114374293206496,3.388888888888889,1.1950332945836275,3.8333333333333335,1.0431851677040116
0002074.jpg,3.2222222222222223,1.262842524557225,3.1666666666666665,1.2485285456935955,3.2222222222222223,1.1659661762602749
0002079.jpg,3.6666666666666665,1.1375929179890423,3.7222222222222223,1.1274936053323583,3.7222222222222223,1.3636264606493254
0002081.jpg,4.111111111111111,1.1318329168362204,4.166666666666667,0.9851843661437778,4.222222222222222,1.0032626514091003
0002083.jpg,3.5555555555555554,1.247219128924647,3.6666666666666665,1.1881770515720094,3.111111111111111,1.5676467522593478
0002086.jpg,3.7777777777777777,1.2153699778283713,3.7222222222222223,1.274434386908933,3.6666666666666665,1.3719886811400708
0002087.jpg,3.611111111111111,1.1950332945836273,3.388888888888889,1.0921586228732252,3.611111111111111,1.0921586228732252
0002088.jpg,4.0,1.1881770515720091,4.055555555555555,0.9983646759294877,3.9444444444444446,1.1617543641469048
0002090.jpg,3.611111111111111,1.0369008625190792,3.5555555555555554,1.1490262999202834,3.3333333333333335,1.0846522890932808
0002097.jpg,3.611111111111111,1.4199788270537859,2.888888888888889,1.1826634392157036,2.9444444444444446,1.5519332240873458
0002102.jpg,4.0,1.0289915108550531,4.166666666666667,0.9851843661437778,3.888888888888889,1.3234931004459767
0002104.jpg,3.9444444444444446,1.2113299556429322,3.7222222222222223,1.1785113019775793,3.9444444444444446,1.055641551364534
0002105.jpg,3.8333333333333335,0.985184366143778,3.8333333333333335,0.9235481451827989,3.7777777777777777,1.0032626514091003
0002107.jpg,4.055555555555555,1.055641551364534,4.222222222222222,0.8782037520219094,4.166666666666667,0.9851843661437779
0002109.jpg,4.0,0.9701425001453319,3.1666666666666665,1.0981267472114393,3.9444444444444446,1.1099667309387473
0002111.jpg,3.7222222222222223,1.274434386908933,3.5555555555555554,1.0966377611066327,3.611111111111111,1.1950332945836273
0002113.jpg,3.5,0.985184366143778,3.5,1.0981267472114393,3.2222222222222223,1.1659661762602749
0002114.jpg,4.055555555555555,1.1099667309387473,3.611111111111111,1.2432826042324119,4.055555555555555,1.1617543641469046
0002115.jpg,3.611111111111111,1.2897281468629185,3.7222222222222223,1.2274102605536659,3.8333333333333335,1.2485285456935955
0002118.jpg,4.166666666666667,1.0431851677040116,3.888888888888889,1.3234931004459767,3.8333333333333335,1.3394467690277296
0002119.jpg,3.611111111111111,1.0921586228732252,3.7222222222222223,1.0740552924509192,3.388888888888889,1.0369008625190792
0002120.jpg,3.1666666666666665,1.0431851677040116,3.388888888888889,1.1447521637192346,3.1666666666666665,1.2485285456935953
0002121.jpg,2.9444444444444446,1.2113299556429324,3.1666666666666665,1.3394467690277296,3.0555555555555554,1.2589548523523144
0002122.jpg,3.9444444444444446,1.2113299556429322,3.9444444444444446,0.9375953110592338,3.8333333333333335,1.294785923709126
0002123.jpg,3.8333333333333335,1.3394467690277294,3.8333333333333335,1.2485285456935955,3.888888888888889,1.450715397105405
0002124.jpg,3.6666666666666665,1.137592917989042,3.611111111111111,0.9785276387866012,3.6666666666666665,1.1881770515720091
0002125.jpg,3.888888888888889,1.131832916836221,3.5555555555555554,1.0966377611066325,3.6666666666666665,1.3284223283101428
0002126.jpg,4.166666666666667,1.2004900959975617,4.055555555555555,1.1617543641469048,4.166666666666667,1.2485285456935953
0002127.jpg,4.166666666666667,1.0981267472114393,4.111111111111111,1.0786096109392205,3.9444444444444446,1.4337208778404376
0002129.jpg,3.7222222222222223,1.0178151661369075,3.5555555555555554,1.0416176459053668,3.5,0.8574929257125442
0002130.jpg,3.6666666666666665,1.137592917989042,3.5555555555555554,0.9835244081556432,3.388888888888889,1.1950332945836273
0002131.jpg,3.8333333333333335,1.0981267472114393,3.7222222222222223,1.1274936053323583,3.7777777777777777,1.1659661762602749
0002132.jpg,3.8333333333333335,1.0981267472114393,3.7222222222222223,1.0178151661369075,3.8333333333333335,0.985184366143778
0002133.jpg,3.6666666666666665,1.0846522890932808,3.388888888888889,1.0369008625190792,3.611111111111111,1.1447521637192346
0002134.jpg,4.111111111111111,1.0226199851298272,3.4444444444444446,1.1490262999202832,3.888888888888889,1.1318329168362207
0002135.jpg,3.5555555555555554,1.4234267774809048,3.1666666666666665,0.9851843661437779,3.611111111111111,1.0921586228732252
0002140.jpg,3.5,1.465284553774253,3.7222222222222223,1.227410260553666,3.7222222222222223,1.274434386908933
0002141.jpg,3.888888888888889,1.3672165321380638,3.888888888888889,1.1318329168362204,3.7222222222222223,1.274434386908933
0002143.jpg,3.3333333333333335,1.2833778958394957,3.1666666666666665,1.200490095997562,3.3333333333333335,1.283377895839496
0002144.jpg,3.611111111111111,1.2432826042324117,3.388888888888889,1.0921586228732252,3.5,1.200490095997562
0002147.jpg,3.8333333333333335,0.923548145182799,3.2777777777777777,1.1274936053323583,3.4444444444444446,0.9217771979249535
0002148.jpg,3.7777777777777777,1.2153699778283713,3.7222222222222223,1.178511301977579,3.6666666666666665,1.2366938848016846
0002151.jpg,4.111111111111111,0.9633818428657449,4.0,1.0846522890932808,3.9444444444444446,1.2113299556429322
0002154.jpg,3.7777777777777777,1.1143742932064957,3.5,1.0981267472114393,3.7222222222222223,1.2274102605536659
0002155.jpg,3.9444444444444446,1.1099667309387473,3.8333333333333335,1.2485285456935955,3.8333333333333335,1.2947859237091257
0002157.jpg,3.7777777777777777,1.2628425245572248,3.6666666666666665,1.084652289093281,3.6666666666666665,1.283377895839496
0002158.jpg,3.888888888888889,1.323493100445977,3.7777777777777777,1.114374293206496,3.7777777777777777,1.2628425245572248
0002159.jpg,3.9444444444444446,1.1099667309387473,3.888888888888889,1.078609610939221,3.7222222222222223,1.3197840980097757
0002160.jpg,3.2777777777777777,1.274434386908933,2.8333333333333335,1.0981267472114395,3.1666666666666665,1.3826657968874305
0002162.jpg,3.6666666666666665,1.137592917989042,3.5,1.0981267472114393,3.5,1.200490095997562
0002163.jpg,3.6666666666666665,1.2366938848016846,3.7222222222222223,1.1274936053323583,3.7222222222222223,1.1274936053323583
0002165.jpg,4.111111111111111,0.8323523637957304,3.7222222222222223,1.227410260553666,3.7777777777777777,1.3085940167422419
0002168.jpg,3.7222222222222223,1.0740552924509195,3.2777777777777777,1.0178151661369075,3.611111111111111,0.9785276387866012
0002169.jpg,4.277777777777778,0.9582800496696002,4.055555555555555,1.055641551364534,4.055555555555555,1.0556415513645343
0002171.jpg,3.5555555555555554,1.0416176459053665,3.111111111111111,1.1318329168362207,3.388888888888889,1.1447521637192346
0002172.jpg,3.6666666666666665,1.137592917989042,3.5555555555555554,1.0966377611066327,3.611111111111111,1.1447521637192346
0002173.jpg,4.0,1.137592917989042,4.111111111111111,1.078609610939221,4.222222222222222,1.0602749674192762
0002176.jpg,3.5555555555555554,1.3382263161373769,3.5,1.0431851677040116,3.6666666666666665,1.137592917989042
0002177.jpg,3.611111111111111,1.2432826042324119,3.388888888888889,0.9785276387866012,3.7777777777777777,1.114374293206496
0002179.jpg,3.7222222222222223,0.9582800496696001,3.5,1.1504474832710556,3.5,1.3394467690277294
0002182.jpg,3.8333333333333335,1.1504474832710556,3.8333333333333335,0.985184366143778,3.8333333333333335,1.200490095997562
0002183.jpg,4.111111111111111,1.1318329168362204,4.166666666666667,1.0431851677040116,4.111111111111111,1.1318329168362204
0002184.jpg,3.8333333333333335,0.8574929257125442,3.388888888888889,1.1950332945836273,3.611111111111111,1.1447521637192346
0002186.jpg,3.7222222222222223,1.0740552924509195,3.3333333333333335,1.137592917989042,3.5555555555555554,1.0416176459053668
0002187.jpg,3.7222222222222223,1.127493605332358,3.5555555555555554,1.0966377611066325,3.7222222222222223,1.127493605332358
0002188.jpg,3.1666666666666665,1.0981267472114393,2.888888888888889,1.078609610939221,3.3333333333333335,1.0846522890932808
0002190.jpg,3.611111111111111,1.1950332945836275,3.5,0.9851843661437779,3.5,1.1504474832710558
0002192.jpg,3.7222222222222223,0.9582800496696001,3.7777777777777777,0.9428090415820631,3.7222222222222223,1.0178151661369075
0002194.jpg,3.7777777777777777,1.0032626514091005,3.6666666666666665,1.2833778958394957,3.7222222222222223,1.1274936053323583
0002195.jpg,3.7222222222222223,1.127493605332358,3.5,1.1504474832710556,3.611111111111111,1.0921586228732252
0002196.jpg,3.9444444444444446,0.9375953110592338,3.7222222222222223,1.0178151661369075,3.9444444444444446,1.0556415513645343
0002198.jpg,4.0,1.0846522890932808,4.055555555555555,0.8726040960806521,3.9444444444444446,1.1617543641469046
0002199.jpg,3.7777777777777777,0.9428090415820632,3.9444444444444446,0.9375953110592338,3.6666666666666665,1.1881770515720091
0002200.jpg,3.1666666666666665,0.985184366143778,3.2222222222222223,0.9428090415820634,3.1666666666666665,0.985184366143778
0002202.jpg,3.7777777777777777,1.2628425245572248,3.6666666666666665,1.1375929179890423,3.8333333333333335,1.0981267472114393
0002203.jpg,4.0,1.0846522890932808,3.7222222222222223,1.0740552924509195,3.9444444444444446,1.1617543641469048
0002205.jpg,4.0,1.0289915108550531,3.8333333333333335,0.8574929257125442,3.8333333333333335,1.0431851677040116
0002207.jpg,3.3333333333333335,1.2366938848016846,3.4444444444444446,1.0966377611066325,3.2777777777777777,1.0740552924509192
0002208.jpg,3.1666666666666665,0.9235481451827989,3.2777777777777777,1.0178151661369075,3.0555555555555554,0.9983646759294876
0002209.jpg,3.3333333333333335,1.1881770515720091,3.0,1.0289915108550531,3.2222222222222223,1.165966176260275
0002210.jpg,3.5,1.0431851677040116,3.3333333333333335,0.970142500145332,3.2777777777777777,1.127493605332358
0002213.jpg,3.1666666666666665,1.2485285456935955,3.0,1.0289915108550531,3.3333333333333335,1.137592917989042
0002214.jpg,3.3333333333333335,1.3284223283101428,3.111111111111111,1.0226199851298272,3.2777777777777777,1.1785113019775793
0002221.jpg,3.2222222222222223,1.3527990831890462,2.888888888888889,1.1826634392157038,3.111111111111111,1.1826634392157036
0002222.jpg,3.388888888888889,1.0921586228732252,3.2777777777777777,0.8947924869885988,3.1666666666666665,1.2485285456935957
0002223.jpg,3.2777777777777777,1.3197840980097757,3.2777777777777777,1.178511301977579,3.1666666666666665,1.200490095997562
0002224.jpg,3.2222222222222223,1.3527990831890462,3.1666666666666665,1.1504474832710556,3.2222222222222223,1.2628425245572248
0002226.jpg,3.2777777777777777,1.3197840980097757,3.111111111111111,1.1318329168362207,3.2222222222222223,1.165966176260275
0002227.jpg,3.2222222222222223,1.2153699778283713,3.111111111111111,1.1826634392157036,3.2222222222222223,1.2153699778283713
0002229.jpg,4.166666666666667,1.0981267472114393,4.0,1.2366938848016846,3.888888888888889,1.3672165321380638
0002232.jpg,3.5555555555555554,1.0966377611066322,3.5,1.1504474832710556,3.4444444444444446,1.1490262999202832
0002234.jpg,3.611111111111111,1.1950332945836273,3.611111111111111,1.0369008625190792,3.5,1.200490095997562
0002236.jpg,3.388888888888889,0.9785276387866012,3.0555555555555554,1.2113299556429324,3.0555555555555554,0.9983646759294876
0002237.jpg,2.7222222222222223,0.751903901522118,3.0,0.7669649888473704,2.888888888888889,0.8323523637957304
0002239.jpg,3.388888888888889,0.9164438231805329,3.0,1.1881770515720094,3.2222222222222223,0.9428090415820634
0002243.jpg,3.9444444444444446,1.055641551364534,3.7222222222222223,1.178511301977579,3.7777777777777777,1.262842524557225
0002244.jpg,3.5,1.200490095997562,3.0555555555555554,1.055641551364534,3.4444444444444446,1.247219128924647
0002245.jpg,3.5555555555555554,1.1991282236408358,2.7777777777777777,1.114374293206496,3.1666666666666665,1.200490095997562
0002246.jpg,3.2222222222222223,1.3527990831890464,3.2222222222222223,0.9428090415820634,3.2777777777777777,1.0740552924509195
0002248.jpg,3.5,1.200490095997562,3.2777777777777777,1.0740552924509195,3.3333333333333335,1.2833778958394957
0002249.jpg,3.7777777777777777,1.0032626514091005,3.4444444444444446,1.247219128924647,3.388888888888889,1.1950332945836273
0002250.jpg,3.611111111111111,1.0369008625190792,3.5555555555555554,1.0416176459053668,3.3333333333333335,1.1881770515720091
0002251.jpg,3.9444444444444446,1.1617543641469048,3.5,1.1504474832710556,3.611111111111111,1.1950332945836273
0002252.jpg,3.611111111111111,1.2897281468629183,3.611111111111111,0.9785276387866014,3.4444444444444446,1.293523333527109
0002256.jpg,2.7777777777777777,1.0602749674192764,2.888888888888889,0.963381842865745,3.0555555555555554,0.9375953110592338
0002257.jpg,3.5,0.8574929257125442,3.0,1.0289915108550531,3.2777777777777777,0.9582800496696
0002259.jpg,3.5,1.1504474832710556,3.1666666666666665,1.1504474832710558,3.4444444444444446,0.9835244081556432
0002261.jpg,3.388888888888889,0.9785276387866012,3.2777777777777777,0.8264420947336314,3.2222222222222223,1.0032626514091005
0002262.jpg,3.7222222222222223,0.8947924869885988,3.6666666666666665,0.8401680504168059,3.611111111111111,1.0921586228732254
0002264.jpg,3.5555555555555554,0.9835244081556432,3.5,0.9235481451827988,3.2222222222222223,1.2153699778283713
0002265.jpg,3.388888888888889,1.1950332945836273,3.388888888888889,1.0369008625190792,3.3333333333333335,1.028991510855053
0002266.jpg,3.5555555555555554,1.0966377611066322,3.3333333333333335,1.0289915108550531,3.611111111111111,0.9164438231805327
0002267.jpg,3.5555555555555554,0.9217771979249536,3.111111111111111,0.9002541398626663,3.3333333333333335,0.8401680504168059
0002269.jpg,3.4444444444444446,1.293523333527109,3.1666666666666665,1.200490095997562,3.388888888888889,1.1950332945836273
0002271.jpg,2.9444444444444446,1.2113299556429322,3.0555555555555554,1.055641551364534,3.1666666666666665,1.200490095997562
0002273.jpg,3.8333333333333335,1.0431851677040116,3.5,0.985184366143778,3.5,1.2485285456935955
0002274.jpg,3.7777777777777777,1.165966176260275,3.7777777777777777,0.9428090415820634,3.5,1.0981267472114393
0002275.jpg,3.7222222222222223,1.127493605332358,3.7777777777777777,1.0032626514091005,3.4444444444444446,1.464168996281919
0002276.jpg,3.7222222222222223,1.227410260553666,3.7777777777777777,1.1659661762602749,3.6666666666666665,1.2833778958394957
0002279.jpg,3.0,1.0289915108550531,2.9444444444444446,1.055641551364534,2.6666666666666665,1.0289915108550531
0002280.jpg,2.888888888888889,1.078609610939221,2.888888888888889,1.1826634392157036,2.888888888888889,0.9633818428657449
0002281.jpg,2.611111111111111,1.1447521637192346,2.5555555555555554,1.247219128924647,2.388888888888889,1.1447521637192346
0002282.jpg,2.5,1.0981267472114393,2.8333333333333335,1.1504474832710558,2.611111111111111,1.0369008625190792
0002283.jpg,2.4444444444444446,0.8555852638929972,2.8333333333333335,1.0981267472114393,2.2222222222222223,0.8782037520219095
0002285.jpg,1.7777777777777777,0.8084520834544432,1.8333333333333333,1.0981267472114393,1.5555555555555556,0.7047921864945658
0002288.jpg,2.0555555555555554,0.8726040960806521,2.2777777777777777,1.0740552924509192,2.111111111111111,1.0226199851298272
0002289.jpg,2.611111111111111,1.1950332945836273,2.7222222222222223,1.274434386908933,2.7222222222222223,1.0740552924509195
0002290.jpg,2.0,0.7669649888473706,2.0555555555555554,1.0556415513645339,1.8888888888888888,0.7583952786593615
0002292.jpg,2.3333333333333335,1.0289915108550531,2.5,1.0981267472114393,2.3333333333333335,1.137592917989042
0002293.jpg,2.111111111111111,1.078609610939221,2.7222222222222223,1.1785113019775793,2.1666666666666665,1.1504474832710556
0002294.jpg,2.611111111111111,1.0921586228732252,2.888888888888889,1.1826634392157038,2.5,1.0431851677040116
0002295.jpg,2.611111111111111,1.0369008625190792,2.7222222222222223,1.1785113019775795,2.5,1.0981267472114393
0002297.jpg,2.2222222222222223,1.0032626514091003,2.5555555555555554,1.1991282236408356,2.2777777777777777,1.127493605332358
0002298.jpg,2.5,1.2485285456935955,2.5555555555555554,1.293523333527109,2.2777777777777777,1.0178151661369075
0002299.jpg,2.3333333333333335,1.0289915108550531,2.7777777777777777,1.262842524557225,2.0555555555555554,0.9983646759294876
0002300.jpg,2.2777777777777777,0.9582800496696001,2.388888888888889,1.092158622873225,2.111111111111111,0.7583952786593614
0002301.jpg,2.2777777777777777,1.0178151661369075,2.5555555555555554,1.293523333527109,2.2222222222222223,0.9428090415820632
0002302.jpg,2.0,0.9701425001453319,1.8888888888888888,1.1826634392157036,2.0555555555555554,1.1099667309387473
0002304.jpg,2.111111111111111,1.078609610939221,2.611111111111111,1.1447521637192346,2.2222222222222223,0.9428090415820632
0002305.jpg,2.2222222222222223,1.0602749674192764,2.3333333333333335,1.2833778958394957,2.0,1.0289915108550531
0002306.jpg,2.3333333333333335,0.9701425001453318,2.611111111111111,1.1950332945836273,2.3333333333333335,0.90748521297303
0002307.jpg,2.3333333333333335,1.1881770515720091,2.4444444444444446,1.1490262999202832,2.388888888888889,1.0921586228732252
0002308.jpg,1.6111111111111112,0.9164438231805327,1.5555555555555556,1.0416176459053668,1.3333333333333333,0.5940885257860047
0002309.jpg,1.8888888888888888,1.1318329168362207,1.8888888888888888,1.2313975269103985,1.7222222222222223,1.0740552924509192
0002310.jpg,2.0555555555555554,1.1617543641469048,2.2777777777777777,1.1785113019775793,1.8888888888888888,1.0226199851298274
0002311.jpg,2.3333333333333335,1.137592917989042,2.5555555555555554,1.1490262999202832,2.4444444444444446,0.9835244081556432
0002312.jpg,2.0,0.8401680504168058,2.388888888888889,1.1447521637192346,2.0555555555555554,0.802365782965103
0002316.jpg,2.3333333333333335,1.0289915108550531,2.7777777777777777,1.1659661762602749,2.3333333333333335,0.9701425001453318
0002318.jpg,1.7222222222222223,0.8264420947336313,2.111111111111111,1.078609610939221,1.6666666666666667,0.6859943405700354
0002322.jpg,2.1666666666666665,1.0981267472114393,2.388888888888889,1.2432826042324119,2.111111111111111,1.0226199851298272
0002323.jpg,2.2777777777777777,0.9582800496696,2.4444444444444446,1.247219128924647,2.1666666666666665,0.985184366143778
0002324.jpg,2.2777777777777777,0.9582800496696001,2.0,1.0289915108550531,2.1666666666666665,1.0431851677040116
0002327.jpg,2.5555555555555554,0.9835244081556432,2.888888888888889,1.1318329168362207,2.388888888888889,0.9164438231805327
0002328.jpg,2.5555555555555554,1.0966377611066325,2.9444444444444446,1.2113299556429322,2.388888888888889,1.0369008625190792
0002329.jpg,2.1666666666666665,0.985184366143778,2.2777777777777777,1.127493605332358,1.9444444444444444,0.8726040960806521
0002330.jpg,2.611111111111111,1.0369008625190792,2.7222222222222223,1.1785113019775793,2.388888888888889,0.9164438231805326
0002332.jpg,1.8888888888888888,0.8323523637957304,2.0,0.9074852129730302,1.7777777777777777,0.7320844981409595
0002333.jpg,2.1666666666666665,0.9235481451827988,2.611111111111111,1.2897281468629185,2.2222222222222223,1.0032626514091003
0002334.jpg,2.6666666666666665,1.028991510855053,2.7777777777777777,1.2153699778283713,2.4444444444444446,1.0416176459053665
0002336.jpg,2.5,0.9235481451827988,2.611111111111111,1.1950332945836273,2.5,0.985184366143778
0002337.jpg,1.7222222222222223,0.9582800496696002,1.6666666666666667,1.028991510855053,1.5555555555555556,0.7047921864945658
0002338.jpg,1.8888888888888888,0.9633818428657448,2.0555555555555554,1.1617543641469048,1.7777777777777777,1.0032626514091005
0002342.jpg,2.611111111111111,1.0921586228732252,2.6666666666666665,1.3284223283101428,2.2777777777777777,1.0740552924509195
0002343.jpg,2.2777777777777777,1.0178151661369075,2.5555555555555554,1.247219128924647,2.388888888888889,1.0921586228732252
0002347.jpg,2.6666666666666665,1.0289915108550531,2.8333333333333335,1.2485285456935957,2.7777777777777777,1.1143742932064957
0002349.jpg,2.7222222222222223,1.0178151661369075,2.888888888888889,1.078609610939221,2.611111111111111,1.1447521637192346
0002350.jpg,1.8888888888888888,0.8323523637957305,2.2222222222222223,0.8782037520219094,2.0,0.9701425001453319
0002352.jpg,2.5555555555555554,0.9835244081556432,2.611111111111111,1.0921586228732252,2.2777777777777777,1.0740552924509195
0002354.jpg,2.388888888888889,0.9785276387866012,2.5555555555555554,1.1490262999202832,2.1666666666666665,0.9235481451827988
0002355.jpg,2.3333333333333335,1.0846522890932808,2.388888888888889,1.2897281468629185,2.2777777777777777,1.1785113019775793
0002356.jpg,2.888888888888889,0.8323523637957304,3.2222222222222223,1.0032626514091005,2.7777777777777777,0.9428090415820634
0002358.jpg,2.2222222222222223,0.7320844981409595,2.4444444444444446,1.0416176459053668,2.1666666666666665,0.9235481451827988
0002359.jpg,2.2777777777777777,1.0178151661369075,2.611111111111111,1.3345582608616182,2.0,1.028991510855053
0002360.jpg,2.0555555555555554,0.8023657829651027,2.2777777777777777,0.8264420947336313,2.0555555555555554,0.9375953110592338
0002361.jpg,2.888888888888889,1.078609610939221,2.888888888888889,1.1826634392157036,2.6666666666666665,1.137592917989042
0002362.jpg,2.6666666666666665,1.0289915108550531,2.5555555555555554,1.247219128924647,2.4444444444444446,1.0416176459053668
0002363.jpg,2.5,0.7859052479933759,2.7222222222222223,1.1785113019775795,2.3333333333333335,0.8401680504168059
0002364.jpg,2.6666666666666665,1.1881770515720091,3.0555555555555554,1.1617543641469048,2.5555555555555554,1.247219128924647
0002365.jpg,3.0555555555555554,1.1617543641469048,3.2222222222222223,1.3085940167422416,3.0555555555555554,1.1099667309387473
0002367.jpg,2.611111111111111,0.9785276387866012,2.8333333333333335,1.0981267472114393,2.2777777777777777,0.8947924869885988
0002370.jpg,2.611111111111111,1.0369008625190792,2.7777777777777777,1.165966176260275,2.388888888888889,0.9785276387866011
0002371.jpg,2.0555555555555554,0.802365782965103,2.5555555555555554,1.0416176459053668,1.9444444444444444,0.9375953110592339
0002373.jpg,2.611111111111111,1.1447521637192344,2.7222222222222223,1.274434386908933,2.4444444444444446,1.0416176459053668
0002375.jpg,2.0555555555555554,0.9375953110592338,2.0,1.028991510855053,1.9444444444444444,0.7253576985527025
0002378.jpg,2.5555555555555554,1.0416176459053668,2.611111111111111,1.1950332945836273,2.5,0.9235481451827988
0002379.jpg,2.5,0.7859052479933758,2.6666666666666665,0.9074852129730301,2.2222222222222223,0.7320844981409595
0002381.jpg,2.4444444444444446,1.0966377611066325,2.5555555555555554,1.1991282236408356,2.2222222222222223,1.0032626514091005
0002382.jpg,2.0,0.8401680504168059,2.2777777777777777,1.0178151661369075,2.0,0.9701425001453319
0002383.jpg,1.8333333333333333,0.9851843661437779,2.1666666666666665,1.1504474832710558,1.9444444444444444,0.9983646759294874
0002384.jpg,2.388888888888889,0.9164438231805327,2.7777777777777777,1.3085940167422419,2.2777777777777777,1.0178151661369075
0002385.jpg,2.0,1.2366938848016846,1.8333333333333333,1.2947859237091257,1.7777777777777777,1.0602749674192764
0002386.jpg,2.2777777777777777,1.0178151661369075,2.4444444444444446,1.1991282236408356,2.111111111111111,0.9633818428657447
0002389.jpg,2.2777777777777777,1.0178151661369075,2.4444444444444446,1.293523333527109,2.1666666666666665,1.0981267472114393
0002390.jpg,2.4444444444444446,1.1490262999202832,2.4444444444444446,1.247219128924647,2.3333333333333335,1.137592917989042
0002392.jpg,2.0555555555555554,0.9375953110592338,2.388888888888889,1.1447521637192346,2.111111111111111,1.0226199851298272
0002395.jpg,2.7777777777777777,1.0032626514091005,2.611111111111111,1.0921586228732252,2.7222222222222223,1.0178151661369075
0002396.jpg,3.0,1.084652289093281,2.7222222222222223,1.0740552924509195,2.611111111111111,1.0921586228732252
0002398.jpg,2.5,1.1504474832710556,2.611111111111111,1.1447521637192346,2.4444444444444446,1.1991282236408356
0002399.jpg,1.8333333333333333,0.9235481451827989,2.0,1.0846522890932808,1.7777777777777777,0.7320844981409595
0002400.jpg,3.1666666666666665,1.200490095997562,3.4444444444444446,1.1991282236408358,2.9444444444444446,1.2113299556429322
0002403.jpg,2.1666666666666665,0.7071067811865474,2.4444444444444446,0.9835244081556432,2.0,0.6859943405700354
0002404.jpg,2.0,0.9074852129730302,2.4444444444444446,1.0416176459053668,1.8888888888888888,0.9002541398626663
0002405.jpg,1.8888888888888888,0.9633818428657448,1.7777777777777777,0.9428090415820632,1.7777777777777777,0.7320844981409595
0002406.jpg,2.388888888888889,1.0921586228732254,2.8333333333333335,1.0981267472114393,2.3333333333333335,0.9701425001453318
0002407.jpg,1.8888888888888888,1.0226199851298272,2.2222222222222223,1.2153699778283713,1.9444444444444444,1.0556415513645343
0002408.jpg,2.611111111111111,1.1447521637192344,2.7777777777777777,1.3085940167422419,2.7777777777777777,1.0602749674192766
0002412.jpg,1.8888888888888888,0.9002541398626663,2.111111111111111,1.1318329168362207,2.0555555555555554,1.1617543641469048
0002414.jpg,3.2222222222222223,1.262842524557225,3.1666666666666665,1.200490095997562,3.0555555555555554,1.3491706481792793
0002417.jpg,3.6666666666666665,1.137592917989042,3.4444444444444446,1.2935233335271092,3.2777777777777777,1.227410260553666
0002419.jpg,1.9444444444444444,1.1617543641469046,2.1666666666666665,1.2004900959975617,1.7777777777777777,1.0032626514091005
0002427.jpg,3.0,1.1881770515720094,3.111111111111111,1.2313975269103985,2.888888888888889,1.1318329168362207
0002428.jpg,4.277777777777778,0.8264420947336313,4.0,1.0289915108550531,4.277777777777778,0.8264420947336313
0002429.jpg,1.9444444444444444,0.802365782965103,2.2222222222222223,0.9428090415820634,1.9444444444444444,0.802365782965103
0002431.jpg,2.0555555555555554,0.8726040960806521,2.6666666666666665,1.0289915108550531,2.2777777777777777,0.8264420947336313
0002432.jpg,3.0,1.137592917989042,3.2222222222222223,1.114374293206496,2.888888888888889,1.1826634392157036
0002433.jpg,2.4444444444444446,0.9217771979249535,2.7222222222222223,1.127493605332358,2.5,0.985184366143778
0002434.jpg,3.111111111111111,1.078609610939221,3.0,1.1881770515720091,2.888888888888889,1.2313975269103985
0002436.jpg,2.5555555555555554,1.0416176459053665,2.611111111111111,1.1447521637192346,2.111111111111111,1.0786096109392207
0002437.jpg,2.7222222222222223,1.127493605332358,2.7777777777777777,1.114374293206496,2.5555555555555554,1.0966377611066322
0002438.jpg,1.9444444444444444,0.9375953110592339,2.2222222222222223,1.0032626514091005,2.0,1.0289915108550531
0002439.jpg,1.9444444444444444,1.1099667309387473,2.2777777777777777,1.3197840980097757,2.111111111111111,1.1318329168362207
0002440.jpg,3.6666666666666665,0.9701425001453319,3.4444444444444446,1.0416176459053668,3.6666666666666665,0.9074852129730301
0002442.jpg,3.0555555555555554,1.1617543641469048,3.3333333333333335,1.1881770515720091,2.8333333333333335,1.2485285456935957
0002443.jpg,2.388888888888889,0.8498365855987975,2.888888888888889,1.0226199851298272,2.3333333333333335,0.7669649888473702
0002444.jpg,1.8888888888888888,1.0226199851298272,2.0555555555555554,1.2113299556429324,2.0,1.0289915108550531
0002447.jpg,2.1666666666666665,0.9851843661437781,2.611111111111111,1.2897281468629185,2.111111111111111,0.9002541398626662
0002448.jpg,2.7777777777777777,1.3085940167422419,2.8333333333333335,1.3394467690277294,2.5,1.2947859237091257
0002449.jpg,3.4444444444444446,1.293523333527109,3.5,1.0981267472114393,3.4444444444444446,1.3382263161373769
0002450.jpg,3.1666666666666665,1.0981267472114393,3.4444444444444446,1.0416176459053668,3.0555555555555554,0.9983646759294875
0002451.jpg,3.388888888888889,1.092158622873225,3.611111111111111,1.0369008625190792,3.2777777777777777,0.8264420947336313
0002452.jpg,2.2777777777777777,1.1785113019775793,2.5,1.2485285456935955,2.3333333333333335,1.137592917989042
0002453.jpg,2.7777777777777777,1.165966176260275,2.7777777777777777,1.165966176260275,2.7222222222222223,1.1785113019775793
0002454.jpg,3.0,1.1881770515720094,3.1666666666666665,1.2485285456935957,2.9444444444444446,1.2113299556429322
0002455.jpg,2.8333333333333335,1.200490095997562,3.1666666666666665,1.200490095997562,2.8333333333333335,1.1504474832710556
0002456.jpg,4.222222222222222,0.9428090415820634,4.055555555555555,0.9983646759294875,4.166666666666667,0.985184366143778
0002457.jpg,3.3333333333333335,1.0846522890932808,3.388888888888889,1.0921586228732252,3.0555555555555554,1.1099667309387475
0002458.jpg,2.888888888888889,0.9002541398626663,2.9444444444444446,0.9983646759294875,2.611111111111111,0.8498365855987975
0002462.jpg,3.111111111111111,1.078609610939221,3.1666666666666665,1.0981267472114393,2.7222222222222223,1.178511301977579
0002463.jpg,2.2222222222222223,0.7320844981409593,2.2222222222222223,0.9428090415820634,2.3333333333333335,0.8401680504168058
0002464.jpg,2.2777777777777777,1.127493605332358,2.4444444444444446,1.293523333527109,2.2777777777777777,1.0740552924509195
0002465.jpg,2.0555555555555554,1.055641551364534,2.4444444444444446,1.247219128924647,2.0555555555555554,0.9375953110592338
0002467.jpg,3.7222222222222223,0.9582800496696002,3.611111111111111,1.1447521637192346,3.611111111111111,1.0369008625190792
0002468.jpg,3.2222222222222223,1.1659661762602749,3.111111111111111,1.1318329168362207,3.0555555555555554,1.1617543641469048
0002469.jpg,3.388888888888889,1.0921586228732252,3.111111111111111,1.1318329168362207,3.2222222222222223,1.0602749674192766
0002473.jpg,3.111111111111111,1.1826634392157036,2.9444444444444446,1.055641551364534,2.888888888888889,1.278274981412284
0002474.jpg,3.111111111111111,0.9002541398626663,2.9444444444444446,1.1617543641469048,2.8333333333333335,1.1504474832710558
0002477.jpg,3.3333333333333335,1.137592917989042,3.388888888888889,1.1950332945836273,3.388888888888889,0.9785276387866011
0002478.jpg,2.611111111111111,1.0369008625190794,3.0,1.0846522890932808,2.3333333333333335,0.8401680504168056
0002479.jpg,3.5555555555555554,1.0966377611066325,3.3333333333333335,1.1881770515720091,3.388888888888889,1.0921586228732252
0002480.jpg,3.388888888888889,1.1447521637192346,3.5555555555555554,0.7838233761296739,3.1666666666666665,1.0431851677040116
0002481.jpg,2.9444444444444446,0.9375953110592338,3.2222222222222223,1.0602749674192764,2.9444444444444446,1.1099667309387473
0002482.jpg,1.7222222222222223,0.8264420947336314,1.9444444444444444,1.055641551364534,1.7777777777777777,0.7320844981409595
0002484.jpg,3.8333333333333335,0.9851843661437779,3.7222222222222223,0.9582800496696002,3.7777777777777777,0.9428090415820634
0002485.jpg,2.9444444444444446,1.055641551364534,3.2222222222222223,1.0602749674192764,2.8333333333333335,1.0431851677040118
0002486.jpg,2.611111111111111,1.3345582608616182,2.888888888888889,1.2313975269103987,2.5,1.0981267472114393
0002487.jpg,3.111111111111111,1.078609610939221,3.2222222222222223,1.2153699778283713,2.7777777777777777,1.2153699778283713
0002488.jpg,3.5,1.1504474832710556,3.5555555555555554,0.9217771979249536,3.1666666666666665,1.0431851677040116
0002490.jpg,2.0,0.9701425001453321,2.5,1.200490095997562,2.2777777777777777,1.0740552924509195
0002492.jpg,3.3333333333333335,1.0289915108550531,3.5555555555555554,1.0416176459053668,3.388888888888889,1.1447521637192346
0002493.jpg,2.888888888888889,1.0786096109392211,3.0,1.084652289093281,3.0,1.1881770515720094
0002494.jpg,3.0555555555555554,1.1099667309387475,3.4444444444444446,1.0416176459053668,3.111111111111111,1.1318329168362204
0002495.jpg,3.5,1.3826657968874305,3.2222222222222223,1.2153699778283713,3.2777777777777777,1.3636264606493254
0002497.jpg,1.7222222222222223,1.178511301977579,1.7222222222222223,0.8947924869885988,1.8888888888888888,1.1826634392157038
0002498.jpg,2.4444444444444446,1.0966377611066325,3.1666666666666665,1.1504474832710558,2.5,1.2004900959975617
0002499.jpg,2.0555555555555554,1.0556415513645339,2.111111111111111,1.0226199851298272,2.111111111111111,0.9633818428657445
0002500.jpg,2.5,1.0981267472114393,2.611111111111111,1.1447521637192346,2.388888888888889,0.9785276387866012
0002503.jpg,2.3333333333333335,0.9701425001453319,2.6666666666666665,1.2366938848016846,2.2222222222222223,0.8782037520219093
0002504.jpg,3.111111111111111,1.2313975269103985,3.388888888888889,0.9785276387866012,3.0555555555555554,1.1617543641469048
0002507.jpg,3.0,1.0289915108550531,3.1666666666666665,1.0431851677040116,3.111111111111111,1.0786096109392211
0002510.jpg,3.0555555555555554,1.2113299556429322,3.111111111111111,1.1318329168362204,3.0,1.2366938848016846
0002511.jpg,3.0,1.1881770515720091,3.1666666666666665,1.1504474832710558,2.9444444444444446,1.2113299556429324
0002512.jpg,2.8333333333333335,1.0981267472114393,3.0555555555555554,1.055641551364534,2.888888888888889,0.9633818428657449
0002513.jpg,2.888888888888889,1.0226199851298274,3.0,1.2366938848016849,2.7222222222222223,1.127493605332358
0002515.jpg,3.2222222222222223,0.8782037520219096,3.4444444444444446,0.9835244081556432,3.1666666666666665,1.098126747211439
0002516.jpg,3.0,1.0846522890932808,3.2777777777777777,1.1785113019775793,3.0,1.0289915108550531
0002518.jpg,3.111111111111111,1.3234931004459767,3.388888888888889,1.2432826042324117,3.2222222222222223,1.1659661762602749
0002520.jpg,4.0,0.8401680504168058,4.0,1.0289915108550534,3.6666666666666665,1.0846522890932808
0002521.jpg,1.7777777777777777,0.8782037520219095,1.8333333333333333,0.9235481451827988,1.8333333333333333,1.0431851677040118
0002523.jpg,2.6666666666666665,1.0846522890932808,2.7222222222222223,1.3197840980097757,2.4444444444444446,1.1490262999202832
0002524.jpg,3.1666666666666665,1.2485285456935957,3.2222222222222223,1.165966176260275,3.2777777777777777,1.1785113019775793
0002525.jpg,2.888888888888889,1.0786096109392211,3.2222222222222223,1.114374293206496,2.9444444444444446,1.1099667309387473
0002527.jpg,2.7222222222222223,1.0178151661369077,2.8333333333333335,1.0981267472114393,2.6666666666666665,0.9701425001453319
0002530.jpg,3.6666666666666665,1.2366938848016846,3.9444444444444446,0.9983646759294874,3.5,1.1504474832710556
0002531.jpg,3.0555555555555554,1.2113299556429322,3.111111111111111,1.278274981412284,3.0,1.0846522890932806
0002533.jpg,2.9444444444444446,1.3491706481792793,3.111111111111111,1.2313975269103987,2.9444444444444446,1.3920878193318216
0002534.jpg,3.5,1.424574239801451,3.6666666666666665,1.2366938848016844,3.4444444444444446,1.1490262999202834
0002535.jpg,3.4444444444444446,1.0416176459053668,3.2777777777777777,1.0178151661369075,3.388888888888889,1.0921586228732252
0002536.jpg,3.2777777777777777,1.4061024795535124,3.5,1.1504474832710554,3.2777777777777777,1.2274102605536659
0002537.jpg,3.0555555555555554,1.2589548523523144,3.1666666666666665,1.2947859237091257,2.9444444444444446,1.2589548523523144
0002538.jpg,2.888888888888889,1.367216532138064,3.2777777777777777,1.1785113019775793,3.0,1.2366938848016846
0002540.jpg,3.6666666666666665,1.137592917989042,3.611111111111111,0.9785276387866011,3.3333333333333335,1.1881770515720094
0002541.jpg,3.2222222222222223,1.0602749674192762,3.5555555555555554,1.0966377611066325,3.0,1.0289915108550531
0002544.jpg,3.7777777777777777,1.0602749674192766,3.7777777777777777,1.0032626514091003,3.5555555555555554,0.9217771979249534
0002545.jpg,3.111111111111111,1.2313975269103985,3.3333333333333335,1.137592917989042,3.0555555555555554,0.9375953110592337
0002546.jpg,3.2777777777777777,1.3636264606493254,3.5555555555555554,1.2935233335271092,3.388888888888889,1.243282604232412
0002547.jpg,3.0,1.137592917989042,3.3333333333333335,1.0846522890932808,2.8333333333333335,1.0981267472114393
0002548.jpg,3.5555555555555554,1.1490262999202834,3.8333333333333335,0.7859052479933758,3.4444444444444446,1.041617645905367
0002550.jpg,2.6666666666666665,1.0289915108550531,2.888888888888889,1.1826634392157036,2.5555555555555554,1.247219128924647
0002551.jpg,2.7777777777777777,1.165966176260275,3.0555555555555554,1.1617543641469048,2.888888888888889,1.2313975269103987
0002555.jpg,3.5,1.0981267472114395,3.611111111111111,0.9164438231805327,3.388888888888889,0.9785276387866012
0002556.jpg,3.111111111111111,1.278274981412284,3.5,1.2485285456935955,3.0555555555555554,1.055641551364534
0002560.jpg,3.8333333333333335,0.985184366143778,4.055555555555555,0.8726040960806521,3.7222222222222223,1.127493605332358
0002561.jpg,3.7222222222222223,1.0740552924509192,3.7777777777777777,0.8084520834544433,3.3333333333333335,1.2366938848016844
0002563.jpg,3.2777777777777777,1.1785113019775793,3.388888888888889,1.0921586228732252,3.111111111111111,1.078609610939221
0002564.jpg,2.7777777777777777,1.0032626514091005,2.7777777777777777,1.1659661762602749,2.388888888888889,1.0921586228732252
0002566.jpg,2.888888888888889,1.0226199851298274,2.9444444444444446,1.2113299556429324,2.7777777777777777,1.114374293206496
0002569.jpg,3.111111111111111,1.078609610939221,3.2777777777777777,1.3197840980097757,3.111111111111111,1.0226199851298274
0002570.jpg,3.6666666666666665,1.137592917989042,3.9444444444444446,0.8726040960806521,3.611111111111111,1.0369008625190792
0002573.jpg,2.7222222222222223,1.0178151661369075,3.1666666666666665,0.9235481451827989,2.8333333333333335,1.0431851677040116
0002574.jpg,3.5,0.985184366143778,3.5,0.9851843661437781,3.2222222222222223,1.0602749674192764
0002577.jpg,3.8333333333333335,0.985184366143778,3.888888888888889,0.9002541398626663,3.5555555555555554,1.1490262999202832
0002578.jpg,3.3333333333333335,1.3284223283101428,3.4444444444444446,1.1490262999202832,3.5,0.985184366143778
0002579.jpg,2.5,1.0981267472114393,2.8333333333333335,1.2947859237091257,2.2222222222222223,1.1143742932064957
0002581.jpg,4.055555555555555,1.1099667309387473,4.111111111111111,1.1318329168362204,3.9444444444444446,1.0556415513645339
0002583.jpg,3.611111111111111,1.0369008625190792,3.7222222222222223,1.1785113019775793,3.4444444444444446,1.0966377611066325
0002584.jpg,3.6666666666666665,1.2366938848016846,3.4444444444444446,1.3814835257889049,3.5555555555555554,1.2935233335271092
0002585.jpg,2.7222222222222223,1.0740552924509197,2.7777777777777777,1.165966176260275,2.7222222222222223,1.1274936053323583
0002587.jpg,3.888888888888889,1.2313975269103985,4.055555555555555,1.2589548523523142,3.9444444444444446,1.1617543641469046
0002588.jpg,3.7222222222222223,1.178511301977579,3.7777777777777777,1.114374293206496,3.8333333333333335,1.0981267472114393
0002590.jpg,3.5555555555555554,1.3382263161373769,3.6666666666666665,1.0846522890932808,3.3333333333333335,1.2833778958394957
0002592.jpg,3.5555555555555554,1.1490262999202832,3.6666666666666665,0.9701425001453319,3.5555555555555554,1.0966377611066325
0002593.jpg,3.111111111111111,1.1826634392157038,2.7222222222222223,1.1785113019775795,2.9444444444444446,1.055641551364534
0002595.jpg,3.7777777777777777,0.6467616667635545,3.7222222222222223,0.7519039015221181,3.6666666666666665,0.7669649888473703
0002600.jpg,1.9444444444444444,1.1099667309387473,2.9444444444444446,1.055641551364534,2.0555555555555554,0.802365782965103
0002602.jpg,2.0,1.0289915108550531,2.5,1.1504474832710556,2.0555555555555554,1.211329955642932
0002605.jpg,3.4444444444444446,1.1991282236408358,3.2222222222222223,1.2153699778283713,3.1666666666666665,1.294785923709126
0002608.jpg,3.6666666666666665,0.9701425001453319,3.2777777777777777,1.0740552924509195,3.4444444444444446,1.0966377611066325
0002609.jpg,3.8333333333333335,0.985184366143778,3.8333333333333335,0.9235481451827989,3.7222222222222223,1.0740552924509192
0002612.jpg,2.111111111111111,1.078609610939221,2.611111111111111,1.1950332945836273,2.1666666666666665,1.2485285456935955
0002613.jpg,3.888888888888889,1.078609610939221,3.611111111111111,1.2432826042324119,3.888888888888889,1.0786096109392211
0002615.jpg,3.9444444444444446,1.1099667309387473,3.9444444444444446,1.055641551364534,4.111111111111111,1.0226199851298272
0002616.jpg,3.2222222222222223,1.2153699778283713,3.388888888888889,1.2432826042324119,3.5,1.0431851677040116
0002617.jpg,2.9444444444444446,0.9983646759294875,3.388888888888889,0.9785276387866012,2.888888888888889,0.9633818428657449
0002618.jpg,3.1666666666666665,1.2485285456935955,3.0,1.1881770515720094,3.0555555555555554,1.1617543641469048
0002619.jpg,3.7222222222222223,1.1785113019775793,3.5555555555555554,0.9835244081556432,3.5555555555555554,0.9835244081556432
0002620.jpg,4.055555555555555,0.9983646759294875,4.055555555555555,0.9375953110592338,4.0,1.0846522890932808
0002621.jpg,3.8333333333333335,1.0981267472114393,3.611111111111111,1.0921586228732254,3.5,1.3394467690277294
0002623.jpg,3.0555555555555554,0.9983646759294875,3.111111111111111,1.1826634392157036,2.7777777777777777,1.114374293206496
0002624.jpg,3.7777777777777777,1.2153699778283713,3.611111111111111,1.3345582608616182,3.611111111111111,1.2432826042324119
0002625.jpg,2.8333333333333335,1.0431851677040116,3.0555555555555554,1.1099667309387473,2.611111111111111,1.0369008625190794
0002626.jpg,3.1666666666666665,1.0981267472114393,3.1666666666666665,1.1504474832710558,3.1666666666666665,1.1504474832710556
0002628.jpg,3.5,1.200490095997562,3.6666666666666665,1.1881770515720091,3.5555555555555554,1.0966377611066325
0002629.jpg,3.7777777777777777,1.0032626514091003,3.5555555555555554,1.247219128924647,3.5555555555555554,1.1991282236408358
0002631.jpg,3.8333333333333335,1.0981267472114393,3.8333333333333335,1.0431851677040116,3.888888888888889,1.0786096109392207
0002632.jpg,3.9444444444444446,0.9375953110592338,3.8333333333333335,1.0981267472114395,3.7222222222222223,1.0178151661369075
0002633.jpg,2.7222222222222223,0.8947924869885989,3.0555555555555554,1.1617543641469046,2.4444444444444446,0.9217771979249534
0002635.jpg,3.111111111111111,1.2782749814122838,3.1666666666666665,1.3394467690277296,2.7222222222222223,1.1785113019775793
0002639.jpg,3.611111111111111,1.1447521637192346,3.5,1.2947859237091257,3.611111111111111,1.1950332945836275
0002640.jpg,3.8333333333333335,0.9235481451827988,3.5555555555555554,1.1490262999202834,3.5555555555555554,0.9835244081556431
0002643.jpg,2.9444444444444446,1.1617543641469048,3.0555555555555554,1.1617543641469048,3.1666666666666665,1.0981267472114393
0002644.jpg,2.6666666666666665,1.2366938848016846,2.8333333333333335,1.2485285456935955,2.8333333333333335,1.200490095997562
0002646.jpg,3.888888888888889,0.9633818428657449,4.0,0.8401680504168058,3.888888888888889,1.0226199851298272
0002647.jpg,3.3333333333333335,1.414213562373095,3.0,1.414213562373095,3.2222222222222223,1.5167905573187226
0002648.jpg,3.7777777777777777,1.2153699778283713,3.6666666666666665,1.028991510855053,3.5555555555555554,1.1991282236408358
0002649.jpg,4.0,0.90748521297303,3.8333333333333335,0.9235481451827989,3.9444444444444446,0.9983646759294875
0002653.jpg,4.0,1.283377895839496,4.055555555555555,0.9983646759294875,4.055555555555555,1.3048426644944466
0002654.jpg,3.388888888888889,1.2432826042324119,3.6666666666666665,0.9074852129730301,3.5555555555555554,1.0966377611066325
0002657.jpg,3.5555555555555554,1.0966377611066325,3.5,1.2485285456935955,3.2777777777777777,1.1274936053323579
0002658.jpg,3.7222222222222223,1.0178151661369075,3.388888888888889,1.1447521637192346,3.7777777777777777,1.0032626514091005
0002663.jpg,4.0,1.0846522890932808,3.888888888888889,1.0226199851298272,3.7777777777777777,1.3956046783744505
0002664.jpg,3.1666666666666665,1.1504474832710558,3.1666666666666665,1.1504474832710556,3.111111111111111,1.0226199851298272
0002667.jpg,3.7777777777777777,1.0602749674192764,3.611111111111111,1.0369008625190792,3.5555555555555554,1.1490262999202832
0002668.jpg,4.055555555555555,0.9983646759294875,3.9444444444444446,0.9983646759294874,3.888888888888889,1.2313975269103985
0002671.jpg,3.0555555555555554,1.3048426644944466,3.2222222222222223,1.3956046783744507,2.888888888888889,1.4095843729891318
0002675.jpg,3.611111111111111,1.2432826042324119,3.6666666666666665,0.9701425001453319,3.5555555555555554,1.247219128924647
0002680.jpg,3.111111111111111,1.2782749814122838,3.0555555555555554,1.3491706481792796,3.2222222222222223,1.262842524557225
0002683.jpg,3.8333333333333335,1.1504474832710556,3.7777777777777777,1.0602749674192764,3.8333333333333335,1.0431851677040116
0002684.jpg,3.7222222222222223,1.0740552924509195,3.888888888888889,1.1318329168362207,3.888888888888889,1.2313975269103985
0002685.jpg,3.611111111111111,1.0921586228732252,3.7222222222222223,1.127493605332358,3.3333333333333335,1.137592917989042
0002688.jpg,3.611111111111111,1.2897281468629183,3.611111111111111,1.3779306261410682,3.4444444444444446,1.3382263161373769
0002690.jpg,3.5555555555555554,1.381483525788905,3.6666666666666665,1.1881770515720094,3.4444444444444446,1.4234267774809048
0002694.jpg,4.055555555555555,1.055641551364534,4.166666666666667,1.0431851677040116,4.0,0.90748521297303
0002695.jpg,3.8333333333333335,1.0431851677040116,3.7222222222222223,1.274434386908933,3.7777777777777777,1.3085940167422419
0002700.jpg,3.888888888888889,0.9633818428657448,3.5,1.0981267472114395,3.5555555555555554,1.1490262999202834
0002701.jpg,4.055555555555555,1.1099667309387473,3.8333333333333335,1.2485285456935955,3.7777777777777777,1.3527990831890462
0002703.jpg,3.8333333333333335,1.1504474832710556,3.8333333333333335,1.200490095997562,3.7222222222222223,1.4061024795535124
0002704.jpg,4.0,1.137592917989042,3.611111111111111,1.1950332945836273,4.0,1.2833778958394957
0002710.jpg,3.611111111111111,0.6978023391872253,3.4444444444444446,0.9835244081556433,3.5555555555555554,0.9835244081556432
0002711.jpg,3.7222222222222223,1.0740552924509195,3.6666666666666665,1.2366938848016846,3.5555555555555554,1.1991282236408358
0002713.jpg,3.7222222222222223,1.2744343869089327,3.1666666666666665,1.2485285456935957,3.4444444444444446,1.247219128924647
0002715.jpg,3.5,1.1504474832710554,3.388888888888889,1.0921586228732252,3.2777777777777777,1.0178151661369073
0002716.jpg,3.0,1.1375929179890423,2.9444444444444446,1.3048426644944469,2.7777777777777777,1.2153699778283713
0002718.jpg,3.611111111111111,1.1447521637192346,3.3333333333333335,1.0289915108550531,3.611111111111111,1.1950332945836273
0002720.jpg,3.4444444444444446,1.293523333527109,3.2222222222222223,1.3527990831890464,3.4444444444444446,1.381483525788905
0002722.jpg,3.111111111111111,1.2313975269103987,3.111111111111111,1.323493100445977,3.2222222222222223,1.1659661762602749
0002724.jpg,3.611111111111111,1.0921586228732252,3.388888888888889,1.1447521637192346,3.5,1.0431851677040116
0002725.jpg,3.7777777777777777,1.262842524557225,3.7222222222222223,0.9582800496696001,3.7777777777777777,1.1659661762602749
0002728.jpg,3.5555555555555554,1.041617645905367,3.5555555555555554,1.1490262999202834,3.611111111111111,1.0921586228732252
0002729.jpg,3.7777777777777777,0.8084520834544433,3.1666666666666665,1.1504474832710558,3.3333333333333335,1.0846522890932808
0002730.jpg,3.7222222222222223,0.8264420947336314,3.3333333333333335,1.1375929179890423,3.388888888888889,1.1950332945836273
0002731.jpg,3.7777777777777777,1.0602749674192766,3.6666666666666665,0.9074852129730301,3.8333333333333335,0.9235481451827989
0002732.jpg,3.7777777777777777,1.0032626514091003,3.8333333333333335,1.2485285456935955,3.7777777777777777,1.0602749674192764
0002734.jpg,3.7222222222222223,1.0178151661369075,3.6666666666666665,1.084652289093281,3.5,1.2485285456935957
0002740.jpg,3.7777777777777777,1.0032626514091005,3.611111111111111,1.0369008625190792,3.5555555555555554,1.247219128924647
0002742.jpg,3.7222222222222223,1.4061024795535124,3.888888888888889,0.8323523637957304,3.7777777777777777,1.0032626514091003
0002744.jpg,4.111111111111111,0.9633818428657449,4.055555555555555,1.2113299556429322,4.055555555555555,1.1617543641469046
0002745.jpg,3.7777777777777777,1.1659661762602749,3.7222222222222223,1.1785113019775793,3.8333333333333335,1.0431851677040116
0002746.jpg,3.9444444444444446,0.9375953110592338,3.8333333333333335,0.985184366143778,3.6666666666666665,1.188177051572009
0002747.jpg,4.111111111111111,1.078609610939221,4.166666666666667,0.9235481451827988,4.111111111111111,0.9633818428657448
0002748.jpg,3.611111111111111,1.1447521637192346,3.5,1.1504474832710556,3.7222222222222223,1.127493605332358
0002749.jpg,3.8333333333333335,1.1504474832710556,3.5,1.504893977113651,3.8333333333333335,1.1504474832710556
0002750.jpg,3.4444444444444446,1.1991282236408358,3.5,1.0431851677040116,3.611111111111111,1.0921586228732252
0002751.jpg,3.611111111111111,1.3345582608616182,3.4444444444444446,1.1991282236408358,3.6666666666666665,1.0846522890932808
0002753.jpg,3.5555555555555554,0.9835244081556433,3.388888888888889,1.0921586228732252,3.4444444444444446,1.1490262999202832
0002754.jpg,3.2222222222222223,0.9428090415820634,3.2222222222222223,0.9428090415820635,3.2777777777777777,1.0740552924509195
0002756.jpg,3.8333333333333335,1.0981267472114393,3.8333333333333335,0.985184366143778,3.7222222222222223,1.274434386908933
0002758.jpg,3.7777777777777777,1.1659661762602749,3.611111111111111,1.2897281468629183,4.0,1.1375929179890423
0002762.jpg,3.7222222222222223,1.127493605332358,3.0555555555555554,1.3048426644944466,3.4444444444444446,1.247219128924647
0002763.jpg,3.388888888888889,1.1447521637192346,3.388888888888889,1.1950332945836273,3.4444444444444446,1.3814835257889047
0002764.jpg,4.166666666666667,0.985184366143778,4.0,1.137592917989042,4.055555555555555,1.055641551364534
0002765.jpg,3.611111111111111,1.1950332945836273,3.2777777777777777,1.1274936053323583,3.388888888888889,1.1447521637192346
0002769.jpg,3.5,1.200490095997562,3.2777777777777777,1.0740552924509195,3.5555555555555554,1.0966377611066325
0002770.jpg,3.388888888888889,1.3345582608616182,3.611111111111111,0.7775443160352296,3.5555555555555554,1.0966377611066325
0002771.jpg,3.6666666666666665,0.9074852129730301,3.5555555555555554,0.9217771979249536,3.611111111111111,0.9164438231805326
0002772.jpg,3.2222222222222223,1.114374293206496,3.0,1.1375929179890423,3.2777777777777777,1.0178151661369075
0002775.jpg,4.0,0.9701425001453318,3.3333333333333335,1.137592917989042,3.888888888888889,1.1826634392157036
0002777.jpg,3.611111111111111,1.1447521637192346,3.2777777777777777,1.2274102605536659,3.4444444444444446,1.1490262999202832
0002778.jpg,3.8333333333333335,1.0431851677040116,3.7222222222222223,1.127493605332358,3.8333333333333335,1.0431851677040116
0002779.jpg,3.5,1.2004900959975617,3.2777777777777777,1.1785113019775793,3.388888888888889,1.1950332945836273
0002780.jpg,3.5,1.0431851677040116,3.5,1.1504474832710558,3.5555555555555554,1.247219128924647
0002781.jpg,3.6666666666666665,0.9701425001453318,3.4444444444444446,1.0416176459053668,3.6666666666666665,0.9074852129730301
0002783.jpg,4.055555555555555,1.055641551364534,4.111111111111111,0.9633818428657448,4.222222222222222,0.9428090415820634
0002785.jpg,4.166666666666667,1.0981267472114393,4.055555555555555,0.872604096080652,4.277777777777778,1.0178151661369075
0002786.jpg,3.7222222222222223,0.7519039015221182,3.5,0.985184366143778,3.7777777777777777,1.0032626514091005
0002787.jpg,3.611111111111111,1.0369008625190792,3.388888888888889,0.9785276387866012,3.611111111111111,0.9785276387866012
0002788.jpg,3.6666666666666665,1.0846522890932808,3.2222222222222223,1.114374293206496,3.4444444444444446,1.0416176459053668
0002789.jpg,3.6666666666666665,0.9701425001453318,3.3333333333333335,0.970142500145332,3.6666666666666665,0.8401680504168059
0002791.jpg,3.611111111111111,1.1447521637192346,3.1666666666666665,1.0981267472114393,3.4444444444444446,0.9835244081556432
0002795.jpg,3.7777777777777777,1.0032626514091003,3.5,1.2485285456935955,3.6666666666666665,1.028991510855053
0002796.jpg,3.5555555555555554,0.9217771979249535,3.4444444444444446,0.8555852638929973,3.2777777777777777,1.1274936053323579
0002798.jpg,3.5555555555555554,0.9835244081556432,3.3333333333333335,1.137592917989042,3.5555555555555554,1.0416176459053668
0002799.jpg,4.0,1.2833778958394957,4.277777777777778,0.8947924869885987,4.111111111111111,1.0226199851298272
0002801.jpg,3.7777777777777777,1.0032626514091005,3.7222222222222223,1.1274936053323583,3.611111111111111,1.1950332945836273
0002802.jpg,3.6666666666666665,1.137592917989042,3.0555555555555554,1.4337208778404378,3.5,1.3394467690277294
0002803.jpg,3.8333333333333335,1.1504474832710556,3.7222222222222223,1.227410260553666,3.7222222222222223,1.1785113019775793
0002804.jpg,3.6666666666666665,1.1375929179890423,3.5555555555555554,1.1490262999202832,3.5555555555555554,1.247219128924647
0002805.jpg,3.611111111111111,1.1950332945836275,3.8333333333333335,1.0431851677040116,3.7222222222222223,1.1274936053323579
0002806.jpg,3.2222222222222223,1.114374293206496,3.388888888888889,0.9785276387866012,2.9444444444444446,1.1617543641469048
0002807.jpg,3.0,1.137592917989042,3.0,1.137592917989042,2.7222222222222223,1.127493605332358
0002808.jpg,2.7777777777777777,1.2153699778283713,2.9444444444444446,1.2589548523523144,2.611111111111111,1.2897281468629185
0002809.jpg,1.8333333333333333,0.985184366143778,1.9444444444444444,1.1617543641469048,1.6111111111111112,1.0369008625190792
0002810.jpg,2.2222222222222223,1.114374293206496,2.611111111111111,1.2432826042324119,2.2222222222222223,1.0602749674192764
0002811.jpg,2.1666666666666665,1.0981267472114393,2.5,1.3826657968874305,2.2777777777777777,1.1785113019775793
0002812.jpg,2.8333333333333335,1.2485285456935955,3.111111111111111,1.1318329168362207,2.4444444444444446,1.1991282236408356
0002814.jpg,2.6666666666666665,1.1375929179890423,2.5555555555555554,1.3814835257889049,2.388888888888889,1.1447521637192346
0002817.jpg,2.0,0.9701425001453319,2.5,1.0981267472114393,2.111111111111111,1.078609610939221
0002820.jpg,2.611111111111111,1.0369008625190792,2.8333333333333335,1.1504474832710556,2.5555555555555554,1.0416176459053668
0002824.jpg,2.611111111111111,1.0369008625190792,2.7777777777777777,1.1659661762602749,2.5555555555555554,1.0416176459053668
0002825.jpg,2.611111111111111,0.9785276387866011,2.611111111111111,1.1950332945836275,2.611111111111111,1.1447521637192346
0002826.jpg,2.4444444444444446,0.9835244081556432,2.9444444444444446,1.1099667309387473,2.4444444444444446,1.0416176459053668
0002829.jpg,2.5,1.0981267472114393,2.6666666666666665,1.3284223283101428,2.2222222222222223,1.114374293206496
0002831.jpg,2.4444444444444446,1.0416176459053668,2.5555555555555554,1.293523333527109,2.2777777777777777,1.0740552924509195
0002833.jpg,2.7222222222222223,1.0740552924509195,2.7777777777777777,1.2153699778283713,2.5,0.9235481451827988
0002834.jpg,2.2777777777777777,1.1785113019775793,2.5,1.2947859237091257,2.1666666666666665,1.1504474832710556
0002835.jpg,1.5555555555555556,0.7838233761296739,1.9444444444444444,1.1617543641469046,1.6111111111111112,0.9785276387866012
0002837.jpg,2.9444444444444446,0.9375953110592339,3.1666666666666665,1.1504474832710558,2.7222222222222223,1.0178151661369075
0002838.jpg,2.8333333333333335,1.0431851677040118,3.111111111111111,1.078609610939221,2.6666666666666665,1.084652289093281
0002841.jpg,2.4444444444444446,1.0416176459053668,2.5,1.2485285456935953,2.2777777777777777,1.127493605332358
0002845.jpg,2.6666666666666665,1.0846522890932808,2.9444444444444446,1.2113299556429322,2.3333333333333335,1.137592917989042
0002847.jpg,2.1666666666666665,1.200490095997562,2.3333333333333335,1.2366938848016846,2.111111111111111,1.1318329168362204
0002848.jpg,2.6666666666666665,1.0846522890932808,2.7222222222222223,1.227410260553666,2.5555555555555554,1.0966377611066322
0002852.jpg,2.611111111111111,1.1447521637192346,3.111111111111111,1.078609610939221,2.4444444444444446,1.1490262999202832
0002853.jpg,3.2222222222222223,1.0602749674192766,3.2222222222222223,1.2153699778283713,2.9444444444444446,1.2113299556429324
0002856.jpg,2.5555555555555554,1.0416176459053668,2.5555555555555554,1.3382263161373769,2.4444444444444446,1.0416176459053668
0002858.jpg,2.888888888888889,1.0226199851298272,2.888888888888889,1.1826634392157036,2.7777777777777777,1.1143742932064957
0002859.jpg,2.7777777777777777,0.8782037520219095,2.888888888888889,1.078609610939221,2.388888888888889,1.0369008625190792
0002860.jpg,2.9444444444444446,0.9983646759294877,3.2222222222222223,0.9428090415820634,2.7222222222222223,1.0740552924509195
0002861.jpg,2.388888888888889,0.9785276387866011,2.5555555555555554,1.1991282236408356,2.2222222222222223,0.9428090415820634
0002862.jpg,2.3333333333333335,1.137592917989042,2.4444444444444446,1.1991282236408358,2.2777777777777777,1.0178151661369075
0002863.jpg,2.5555555555555554,0.9217771979249535,2.8333333333333335,1.0981267472114393,2.5555555555555554,0.9835244081556432
0002865.jpg,2.6666666666666665,1.137592917989042,2.8333333333333335,1.1504474832710556,2.611111111111111,1.1447521637192346
0002869.jpg,2.5,1.1504474832710554,2.7777777777777777,1.2153699778283713,2.3333333333333335,1.1881770515720091
0002872.jpg,2.5,1.0981267472114393,2.7222222222222223,1.227410260553666,2.4444444444444446,1.1490262999202832
0002873.jpg,3.2222222222222223,1.0602749674192764,2.611111111111111,1.1447521637192346,2.7777777777777777,1.114374293206496
0002875.jpg,2.8333333333333335,1.0431851677040116,2.7777777777777777,1.3527990831890462,2.7777777777777777,1.0602749674192764
0002877.jpg,2.7222222222222223,1.1274936053323583,3.0555555555555554,1.1099667309387473,2.611111111111111,1.0921586228732252
0002881.jpg,2.9444444444444446,0.9983646759294875,2.888888888888889,1.2313975269103985,2.8333333333333335,1.0981267472114393
0002882.jpg,2.0555555555555554,0.8726040960806521,2.388888888888889,1.195033294583627,2.0,0.90748521297303
0002883.jpg,3.2222222222222223,0.8782037520219095,3.1666666666666665,1.0431851677040116,3.1666666666666665,0.9235481451827989
0002887.jpg,2.2222222222222223,1.0602749674192764,2.3333333333333335,1.2366938848016846,2.2222222222222223,1.0602749674192764
0002889.jpg,2.3333333333333335,0.9701425001453318,2.611111111111111,1.1950332945836273,2.2777777777777777,1.0178151661369075
0002890.jpg,1.8888888888888888,0.9633818428657447,2.1666666666666665,1.0981267472114393,1.8333333333333333,0.9235481451827988
0002891.jpg,2.5,1.098126747211439,2.888888888888889,1.1826634392157038,2.4444444444444446,1.0966377611066322
0002892.jpg,2.7222222222222223,1.0178151661369075,2.8333333333333335,1.2947859237091257,2.388888888888889,1.0921586228732252
0002894.jpg,2.5555555555555554,0.9835244081556432,2.5555555555555554,1.1490262999202832,2.5555555555555554,1.0966377611066325
0002897.jpg,2.2777777777777777,1.3197840980097757,2.2777777777777777,1.3197840980097757,2.0,1.2366938848016846
0002899.jpg,2.8333333333333335,0.9851843661437779,3.0555555555555554,1.1617543641469048,2.888888888888889,0.9633818428657449
0002904.jpg,2.388888888888889,1.1950332945836273,2.5,1.200490095997562,2.5555555555555554,1.1490262999202832
0002906.jpg,2.5,1.1504474832710556,2.5555555555555554,1.293523333527109,2.4444444444444446,1.0966377611066322
0002907.jpg,2.5555555555555554,1.0416176459053668,2.6666666666666665,1.1375929179890423,2.5,1.0981267472114393
0002908.jpg,3.1666666666666665,0.985184366143778,3.2222222222222223,1.1659661762602749,2.8333333333333335,1.1504474832710558
0002910.jpg,2.2222222222222223,1.262842524557225,2.3333333333333335,1.3719886811400708,2.0,1.1881770515720094
0002912.jpg,2.7777777777777777,1.0602749674192764,2.888888888888889,1.1318329168362204,2.5,1.0431851677040116
0002917.jpg,2.9444444444444446,1.055641551364534,3.0555555555555554,1.0556415513645339,2.5,1.3394467690277294
0002922.jpg,2.611111111111111,0.9785276387866012,3.0555555555555554,1.1099667309387473,2.7777777777777777,0.9428090415820634
0002923.jpg,2.5,1.200490095997562,2.5555555555555554,1.247219128924647,2.388888888888889,1.1447521637192346
0002925.jpg,3.111111111111111,1.078609610939221,2.9444444444444446,1.1617543641469048,2.7222222222222223,1.127493605332358
0002928.jpg,2.111111111111111,1.078609610939221,2.2777777777777777,1.227410260553666,2.1666666666666665,1.0981267472114393
0002929.jpg,2.9444444444444446,1.2113299556429322,3.2777777777777777,1.1785113019775793,2.611111111111111,1.0921586228732252
0002930.jpg,3.1666666666666665,0.9851843661437779,3.388888888888889,0.9164438231805327,3.111111111111111,0.9002541398626663
0002931.jpg,2.7777777777777777,1.0602749674192764,2.888888888888889,1.1318329168362204,2.388888888888889,0.9785276387866011
0002933.jpg,2.388888888888889,1.0369008625190792,2.7222222222222223,0.9582800496696001,2.2777777777777777,0.8947924869885988
0002934.jpg,2.2777777777777777,1.0740552924509192,2.5555555555555554,1.1991282236408356,2.111111111111111,1.0226199851298272
0002938.jpg,3.611111111111111,0.8498365855987975,3.4444444444444446,0.9835244081556432,3.2222222222222223,1.0032626514091005
0002941.jpg,2.111111111111111,1.278274981412284,2.5,1.3394467690277294,1.9444444444444444,1.1617543641469048
0002942.jpg,1.9444444444444444,0.8726040960806521,2.2222222222222223,1.1659661762602749,2.0,0.9074852129730302
0002948.jpg,3.2222222222222223,1.0602749674192764,3.3333333333333335,1.137592917989042,3.5,0.8574929257125442
0002951.jpg,3.2777777777777777,0.8947924869885988,3.3333333333333335,0.9074852129730302,3.1666666666666665,0.985184366143778
0002953.jpg,3.2222222222222223,1.0602749674192766,2.9444444444444446,1.2589548523523144,3.0,1.084652289093281
0002955.jpg,2.5555555555555554,0.9217771979249535,2.388888888888889,0.9785276387866012,2.5555555555555554,0.9835244081556432
0002957.jpg,2.3333333333333335,0.9701425001453319,2.6666666666666665,1.0846522890932808,2.388888888888889,0.9164438231805326
0002958.jpg,2.9444444444444446,1.2589548523523144,3.2777777777777777,1.274434386908933,2.8333333333333335,1.0981267472114393
0002961.jpg,3.3333333333333335,0.9074852129730301,3.111111111111111,1.0786096109392211,3.0555555555555554,1.055641551364534
0002962.jpg,2.8333333333333335,1.0431851677040116,2.7777777777777777,1.3085940167422419,2.8333333333333335,1.0431851677040116
0002968.jpg,2.611111111111111,1.3779306261410682,2.7777777777777777,1.2153699778283713,2.6666666666666665,1.137592917989042
0002969.jpg,2.8333333333333335,1.0431851677040116,2.7777777777777777,1.0032626514091003,2.5555555555555554,0.9835244081556432
0002970.jpg,3.1666666666666665,1.0981267472114395,3.1666666666666665,1.1504474832710558,3.0555555555555554,1.1099667309387475
0002972.jpg,3.0555555555555554,1.1099667309387475,3.3333333333333335,1.0289915108550531,3.0,1.1881770515720091
0002974.jpg,1.7777777777777777,0.9428090415820634,2.0555555555555554,1.055641551364534,1.7222222222222223,0.7519039015221181
0002978.jpg,3.3333333333333335,0.9074852129730301,3.3333333333333335,0.9701425001453319,3.2222222222222223,1.0032626514091005
0002980.jpg,2.7777777777777777,1.0032626514091005,3.0555555555555554,1.1099667309387475,2.611111111111111,1.1447521637192346
0002981.jpg,2.6666666666666665,1.0846522890932808,2.6666666666666665,1.1881770515720091,2.5555555555555554,0.9835244081556432
0002982.jpg,3.5,0.985184366143778,3.5555555555555554,1.1490262999202832,3.2222222222222223,1.114374293206496
0002983.jpg,3.5555555555555554,1.0416176459053668,3.2222222222222223,1.1659661762602749,3.4444444444444446,1.0416176459053668
0002985.jpg,2.6666666666666665,0.9701425001453318,2.7777777777777777,1.0032626514091005,2.6666666666666665,1.028991510855053
0002986.jpg,2.7222222222222223,1.127493605332358,2.9444444444444446,1.1617543641469048,2.7777777777777777,1.2153699778283713
0002987.jpg,2.7777777777777777,1.0032626514091003,2.9444444444444446,1.3920878193318216,2.4444444444444446,0.9217771979249535
0002990.jpg,2.388888888888889,0.9164438231805327,2.611111111111111,1.1447521637192346,2.4444444444444446,1.0416176459053668
0002992.jpg,3.388888888888889,0.9785276387866012,3.2222222222222223,1.114374293206496,3.1666666666666665,0.9851843661437779
0002993.jpg,3.5555555555555554,1.247219128924647,3.6666666666666665,1.0846522890932808,3.7222222222222223,0.9582800496696001
0002996.jpg,2.9444444444444446,1.0556415513645339,3.0,1.328422328310143,2.7222222222222223,1.0178151661369075
0002997.jpg,3.1666666666666665,1.0431851677040116,3.0555555555555554,1.1617543641469048,2.888888888888889,1.078609610939221
0002998.jpg,3.3333333333333335,1.2366938848016846,3.3333333333333335,1.2366938848016846,3.2222222222222223,1.2153699778283713
0002999.jpg,3.0,0.9701425001453319,3.3333333333333335,0.9701425001453319,2.9444444444444446,0.9375953110592338
0003000.jpg,3.0,1.1375929179890423,3.0555555555555554,1.055641551364534,2.7777777777777777,1.0032626514091003
0003002.jpg,3.6666666666666665,0.9701425001453319,3.5,0.985184366143778,3.4444444444444446,1.1490262999202832
0003003.jpg,3.7222222222222223,1.227410260553666,3.8333333333333335,0.9235481451827989,3.7222222222222223,0.9582800496696001
0003004.jpg,3.3333333333333335,0.90748521297303,3.2777777777777777,1.0740552924509195,3.111111111111111,0.9633818428657449
0003005.jpg,3.2222222222222223,1.0602749674192764,3.3333333333333335,0.9701425001453319,3.1666666666666665,0.9851843661437779
0003006.jpg,3.111111111111111,1.078609610939221,3.0555555555555554,1.1099667309387475,2.888888888888889,1.0226199851298272
0003007.jpg,2.611111111111111,0.9164438231805327,2.611111111111111,1.0921586228732252,2.5555555555555554,0.9835244081556431
0003008.jpg,2.2777777777777777,1.227410260553666,2.8333333333333335,0.985184366143778,2.2777777777777777,1.127493605332358
0003009.jpg,4.555555555555555,0.783823376129674,4.333333333333333,1.0289915108550531,4.5,0.7859052479933758
0003011.jpg,1.6111111111111112,0.6978023391872252,1.8888888888888888,1.0226199851298272,1.5555555555555556,0.7047921864945658
0003014.jpg,2.7777777777777777,1.0032626514091003,2.8333333333333335,1.0981267472114393,2.6666666666666665,1.0846522890932808
0003015.jpg,2.5555555555555554,0.9835244081556432,2.6666666666666665,1.2366938848016846,2.5,0.9235481451827989
0003016.jpg,2.7222222222222223,1.0178151661369075,2.6666666666666665,1.1375929179890423,2.5,0.9235481451827989
0003019.jpg,3.6666666666666665,1.0846522890932808,3.4444444444444446,1.1991282236408358,3.2777777777777777,1.227410260553666
0003021.jpg,2.9444444444444446,1.1099667309387475,2.9444444444444446,1.055641551364534,2.7222222222222223,1.0178151661369075
0003022.jpg,3.0,1.0846522890932808,3.1666666666666665,1.0431851677040116,2.9444444444444446,1.1099667309387473
0003024.jpg,2.4444444444444446,0.7838233761296737,2.6666666666666665,1.028991510855053,2.3333333333333335,0.8401680504168059
0003028.jpg,2.5555555555555554,0.9217771979249535,2.7777777777777777,1.165966176260275,2.5555555555555554,0.983524408155643
0003029.jpg,2.888888888888889,1.1318329168362207,2.611111111111111,1.2432826042324119,2.7222222222222223,1.127493605332358
0003030.jpg,2.888888888888889,1.0226199851298272,3.0555555555555554,1.3048426644944466,2.888888888888889,1.0226199851298272
0003031.jpg,2.8333333333333335,1.0431851677040116,2.888888888888889,1.2313975269103987,2.6666666666666665,1.0846522890932808
0003032.jpg,2.9444444444444446,1.1617543641469048,3.2222222222222223,1.114374293206496,2.8333333333333335,1.1504474832710556
0003033.jpg,3.2777777777777777,1.127493605332358,3.4444444444444446,0.9217771979249535,2.888888888888889,1.078609610939221
0003037.jpg,3.1666666666666665,1.0981267472114393,3.2222222222222223,1.2153699778283713,3.0555555555555554,1.055641551364534
0003039.jpg,2.7777777777777777,1.114374293206496,3.0555555555555554,1.055641551364534,2.611111111111111,1.0369008625190792
0003040.jpg,4.333333333333333,0.7669649888473704,4.055555555555555,0.9983646759294875,4.055555555555555,0.9375953110592338
0003042.jpg,3.5,0.9235481451827989,3.4444444444444446,1.0416176459053668,3.3333333333333335,0.9701425001453318
0003044.jpg,2.611111111111111,0.9164438231805329,2.388888888888889,1.0921586228732252,2.611111111111111,1.0369008625190792
0003046.jpg,2.9444444444444446,1.055641551364534,3.1666666666666665,1.1504474832710558,3.0,1.137592917989042
0003047.jpg,1.8333333333333333,0.7859052479933758,1.9444444444444444,0.9375953110592338,1.6111111111111112,0.6076849889141857
0003048.jpg,3.611111111111111,1.0369008625190792,3.5,1.0981267472114393,3.388888888888889,1.1950332945836273
0003049.jpg,2.0555555555555554,0.9375953110592337,2.4444444444444446,1.0416176459053668,2.2777777777777777,0.8947924869885987
0003050.jpg,3.4444444444444446,1.0416176459053668,3.5555555555555554,1.0966377611066322,3.5,0.985184366143778
0003051.jpg,3.111111111111111,0.9002541398626663,3.1666666666666665,1.1504474832710556,3.0,1.0846522890932808
0003053.jpg,3.1666666666666665,1.0431851677040118,3.4444444444444446,1.1490262999202832,3.2222222222222223,0.9428090415820634
0003054.jpg,3.7222222222222223,1.0740552924509195,3.7777777777777777,1.0602749674192764,3.7222222222222223,1.0740552924509192
0003055.jpg,3.0,1.1375929179890423,3.5,0.9235481451827988,3.0,1.084652289093281
0003056.jpg,3.8333333333333335,0.9235481451827989,3.611111111111111,1.1447521637192346,3.5555555555555554,1.1991282236408358
0003057.jpg,3.0555555555555554,1.1099667309387475,3.4444444444444446,1.0966377611066325,3.111111111111111,1.078609610939221
0003058.jpg,4.0,1.0846522890932808,3.888888888888889,1.0226199851298272,4.0,0.8401680504168059
0003060.jpg,2.888888888888889,1.078609610939221,2.7222222222222223,1.0178151661369075,3.0,0.970142500145332
0003061.jpg,3.2222222222222223,1.0602749674192766,3.388888888888889,1.1447521637192346,3.2222222222222223,1.0602749674192764
0003062.jpg,2.2222222222222223,0.8084520834544433,2.3333333333333335,1.0289915108550531,2.1666666666666665,0.7859052479933758
0003065.jpg,2.611111111111111,0.9785276387866012,2.7222222222222223,0.9582800496696002,2.6666666666666665,1.084652289093281
0003066.jpg,4.444444444444445,0.8555852638929972,4.444444444444445,0.8555852638929972,4.444444444444445,0.7838233761296739
0003067.jpg,2.5,0.7859052479933758,2.9444444444444446,0.9983646759294876,2.4444444444444446,0.7838233761296739
0003068.jpg,3.5,1.1504474832710556,3.4444444444444446,1.1991282236408356,3.0,1.0289915108550531
0003069.jpg,2.8333333333333335,0.9851843661437781,3.1666666666666665,1.1504474832710558,2.6666666666666665,1.1881770515720091
0003070.jpg,2.8333333333333335,0.8574929257125443,3.0,1.137592917989042,2.5555555555555554,0.8555852638929972
0003074.jpg,3.611111111111111,1.0921586228732254,3.7222222222222223,0.9582800496696001,3.5555555555555554,0.9217771979249535
0003075.jpg,2.7777777777777777,1.0032626514091005,3.0555555555555554,1.055641551364534,2.8333333333333335,0.9851843661437781
0003076.jpg,2.388888888888889,1.0369008625190792,3.0,1.283377895839496,2.4444444444444446,0.9217771979249535
0003077.jpg,3.2777777777777777,1.127493605332358,3.1666666666666665,1.200490095997562,3.4444444444444446,1.247219128924647
0003078.jpg,3.6666666666666665,1.1881770515720094,3.4444444444444446,1.1490262999202832,3.5555555555555554,1.247219128924647
0003079.jpg,2.6666666666666665,0.970142500145332,3.0,1.0846522890932808,2.7777777777777777,1.0602749674192764
0003080.jpg,3.2222222222222223,1.0032626514091005,3.3333333333333335,1.1881770515720091,2.9444444444444446,1.055641551364534
0003081.jpg,3.6666666666666665,1.137592917989042,3.5,1.0431851677040116,3.5555555555555554,1.0966377611066325
0003082.jpg,2.6666666666666665,0.8401680504168059,3.111111111111111,1.0226199851298272,2.611111111111111,0.9164438231805327
0003083.jpg,2.5555555555555554,0.7838233761296739,3.0,1.084652289093281,2.611111111111111,0.9164438231805327
0003085.jpg,2.2777777777777777,1.227410260553666,2.7222222222222223,1.274434386908933,2.3333333333333335,1.0846522890932808
0003086.jpg,3.0,1.0846522890932808,2.888888888888889,1.1826634392157038,2.8333333333333335,1.0981267472114393
0003090.jpg,2.6666666666666665,1.1881770515720091,2.8333333333333335,1.2485285456935955,2.7777777777777777,1.1659661762602749
0003095.jpg,3.0555555555555554,0.9983646759294876,3.3333333333333335,1.0846522890932808,3.2222222222222223,1.0032626514091003
0003096.jpg,3.0,1.0289915108550531,3.3333333333333335,1.137592917989042,3.0,1.1881770515720091
0003097.jpg,2.888888888888889,1.1318329168362207,3.0555555555555554,1.2113299556429324,2.6666666666666665,1.1375929179890423
0003099.jpg,3.0,1.2366938848016846,2.7222222222222223,1.3197840980097755,2.9444444444444446,1.3048426644944469
0003100.jpg,2.5555555555555554,1.0966377611066322,3.0,1.283377895839496,2.5,0.985184366143778
0003102.jpg,4.0,1.3284223283101428,4.055555555555555,0.9983646759294876,4.111111111111111,1.078609610939221
0003103.jpg,2.9444444444444446,1.1099667309387473,3.2222222222222223,1.0032626514091003,2.888888888888889,1.0226199851298272
0003104.jpg,4.0,1.1881770515720091,4.111111111111111,1.078609610939221,3.8333333333333335,1.3394467690277292
0003105.jpg,3.3333333333333335,1.137592917989042,3.5555555555555554,0.9835244081556432,2.9444444444444446,0.9983646759294875
0003108.jpg,3.2777777777777777,1.274434386908933,3.4444444444444446,1.0416176459053668,3.2222222222222223,1.114374293206496
0003111.jpg,3.888888888888889,1.2313975269103985,3.611111111111111,1.1950332945836275,3.6666666666666665,1.3284223283101428
0003112.jpg,3.9444444444444446,1.3048426644944466,3.7222222222222223,1.0740552924509195,3.7222222222222223,1.1785113019775793
0003113.jpg,3.2222222222222223,1.114374293206496,3.611111111111111,0.7775443160352297,3.2777777777777777,1.0178151661369075
0003115.jpg,3.7222222222222223,1.0740552924509195,3.611111111111111,1.0369008625190794,3.5555555555555554,1.0966377611066325
0003117.jpg,3.6666666666666665,1.137592917989042,3.7777777777777777,0.9428090415820632,3.7777777777777777,1.0032626514091005
0003119.jpg,3.5555555555555554,1.4234267774809048,3.2777777777777777,1.0740552924509195,3.5555555555555554,1.1991282236408358
0003120.jpg,3.7222222222222223,1.0178151661369075,3.5,0.9851843661437781,3.5,1.200490095997562
0003121.jpg,3.2222222222222223,1.0602749674192764,3.3333333333333335,1.084652289093281,3.2222222222222223,1.0032626514091005
0003122.jpg,3.4444444444444446,1.1490262999202832,3.5,0.985184366143778,3.611111111111111,1.0369008625190792
0003123.jpg,3.111111111111111,1.1826634392157036,2.9444444444444446,1.3920878193318216,2.9444444444444446,1.4337208778404378
0003127.jpg,2.888888888888889,1.078609610939221,3.1666666666666665,1.0431851677040116,2.7777777777777777,0.9428090415820634
0003129.jpg,3.7222222222222223,1.2744343869089327,3.7777777777777777,1.262842524557225,3.7222222222222223,1.3197840980097755
0003130.jpg,3.7777777777777777,1.114374293206496,3.6666666666666665,1.2833778958394957,3.5555555555555554,1.0966377611066322
0003133.jpg,3.888888888888889,1.078609610939221,3.888888888888889,1.078609610939221,3.6666666666666665,1.328422328310143
0003136.jpg,3.4444444444444446,1.0966377611066325,3.5,1.0431851677040116,3.388888888888889,1.0921586228732252
0003137.jpg,3.9444444444444446,1.2113299556429322,4.0,1.2366938848016846,3.8333333333333335,1.3826657968874305
0003138.jpg,3.888888888888889,1.078609610939221,3.888888888888889,1.078609610939221,3.7222222222222223,1.1785113019775793
0003139.jpg,3.111111111111111,1.078609610939221,3.5555555555555554,1.0416176459053668,3.3333333333333335,0.9701425001453319
0003143.jpg,3.5555555555555554,1.1991282236408358,3.7222222222222223,1.274434386908933,3.7222222222222223,1.1274936053323583
0003145.jpg,3.9444444444444446,1.055641551364534,3.7777777777777777,0.9428090415820634,3.6666666666666665,1.2366938848016846
0003146.jpg,2.7777777777777777,1.0032626514091005,3.2222222222222223,1.1659661762602749,2.7222222222222223,0.9582800496696001
0003147.jpg,2.9444444444444446,1.1617543641469048,3.2777777777777777,0.9582800496696,3.0,1.0289915108550531
0003152.jpg,3.9444444444444446,0.9983646759294875,4.111111111111111,0.9633818428657448,3.7777777777777777,1.114374293206496
0003154.jpg,1.4444444444444444,0.6156987634551992,1.6666666666666667,0.9074852129730301,1.7222222222222223,0.8947924869885988
0003159.jpg,3.8333333333333335,1.0981267472114393,3.888888888888889,0.9002541398626663,3.888888888888889,1.0226199851298272
0003160.jpg,3.611111111111111,1.1447521637192346,3.2777777777777777,1.274434386908933,3.6666666666666665,1.0289915108550531
0003162.jpg,3.6666666666666665,1.2833778958394957,3.7777777777777777,1.0602749674192766,3.7222222222222223,1.1785113019775793
0003163.jpg,3.8333333333333335,1.200490095997562,4.055555555555555,1.1099667309387473,3.888888888888889,1.2313975269103985
0003164.jpg,3.611111111111111,1.1950332945836275,3.2777777777777777,1.3636264606493254,3.5555555555555554,1.2472191289246473
0003165.jpg,3.8333333333333335,1.2947859237091257,4.055555555555555,0.9983646759294875,3.7777777777777777,1.262842524557225
0003167.jpg,3.6666666666666665,1.3719886811400708,3.7777777777777777,1.0602749674192764,3.888888888888889,1.1318329168362204
0003172.jpg,3.7222222222222223,1.274434386908933,4.0,1.1881770515720091,3.6666666666666665,1.4142135623730951
0003173.jpg,2.7777777777777777,1.0602749674192766,2.9444444444444446,1.1617543641469048,2.7222222222222223,0.9582800496696001
0003174.jpg,2.7222222222222223,1.1785113019775795,2.9444444444444446,1.2589548523523144,2.7222222222222223,1.0178151661369075
0003175.jpg,3.3333333333333335,1.1881770515720091,3.3333333333333335,1.0846522890932808,3.111111111111111,1.078609610939221
0003177.jpg,3.5,1.0981267472114393,3.5,0.8574929257125442,3.4444444444444446,0.9217771979249535
0003179.jpg,2.9444444444444446,1.2113299556429324,2.8333333333333335,1.1504474832710558,2.8333333333333335,1.0981267472114393
0003181.jpg,3.7777777777777777,1.165966176260275,3.8333333333333335,1.1504474832710556,3.7222222222222223,1.1785113019775795
0003182.jpg,3.9444444444444446,0.8023657829651029,3.5,1.294785923709126,3.7222222222222223,1.1274936053323583
0003183.jpg,3.5555555555555554,1.293523333527109,3.2777777777777777,1.4473324572571655,3.5,1.4245742398014511
0003185.jpg,2.7777777777777777,1.4775000967674123,2.888888888888889,1.278274981412284,2.7222222222222223,1.319784098009776
0003186.jpg,3.5555555555555554,1.0416176459053668,3.5,0.985184366143778,3.388888888888889,1.1950332945836273
0003188.jpg,4.055555555555555,1.3491706481792793,4.111111111111111,1.367216532138064,4.111111111111111,1.1826634392157036
0003190.jpg,3.888888888888889,1.1826634392157036,3.7777777777777777,1.1143742932064957,3.8333333333333335,1.0431851677040116
0003191.jpg,3.9444444444444446,0.8726040960806521,3.888888888888889,1.1318329168362207,4.0,0.9701425001453318
0003193.jpg,3.6666666666666665,1.0846522890932808,3.5555555555555554,1.0966377611066327,3.388888888888889,1.2897281468629183
0003194.jpg,3.611111111111111,1.2432826042324119,3.6666666666666665,1.137592917989042,3.4444444444444446,1.1490262999202832
0003195.jpg,4.0,1.1881770515720094,3.9444444444444446,1.1099667309387475,3.9444444444444446,1.1617543641469046
0003196.jpg,3.7222222222222223,1.4061024795535124,4.0,1.137592917989042,4.055555555555555,1.1617543641469046
0003198.jpg,3.8333333333333335,1.2485285456935957,3.8333333333333335,1.1504474832710556,3.7222222222222223,1.227410260553666
0003200.jpg,3.9444444444444446,1.2589548523523144,4.055555555555555,1.1099667309387473,3.9444444444444446,1.2113299556429322
0003201.jpg,3.7222222222222223,1.1274936053323583,3.7777777777777777,0.9428090415820634,3.6666666666666665,1.137592917989042
0003203.jpg,3.111111111111111,1.1318329168362207,2.9444444444444446,1.1099667309387475,3.3333333333333335,1.137592917989042
0003204.jpg,3.888888888888889,1.0226199851298272,3.7777777777777777,1.0602749674192764,3.7222222222222223,1.127493605332358
0003207.jpg,2.7777777777777777,1.114374293206496,2.888888888888889,1.2782749814122842,2.888888888888889,1.1826634392157036
0003209.jpg,3.9444444444444446,1.1099667309387473,4.0,1.137592917989042,4.0,1.2833778958394957
0003211.jpg,3.8333333333333335,1.2004900959975617,3.888888888888889,1.078609610939221,3.6666666666666665,1.3719886811400708
0003214.jpg,3.388888888888889,1.1447521637192346,3.5555555555555554,1.0966377611066325,3.5,1.200490095997562
0003215.jpg,3.7777777777777777,1.2153699778283713,3.7777777777777777,1.114374293206496,3.6666666666666665,1.3284223283101428
0003220.jpg,3.111111111111111,1.2782749814122842,3.388888888888889,1.2432826042324119,3.2222222222222223,1.114374293206496
0003221.jpg,3.9444444444444446,1.1099667309387473,3.9444444444444446,0.9983646759294874,3.6666666666666665,1.2833778958394957
0003222.jpg,4.055555555555555,0.9375953110592338,3.8333333333333335,1.1504474832710556,3.8333333333333335,1.1504474832710556
0003224.jpg,3.3333333333333335,1.0289915108550531,3.4444444444444446,1.0966377611066325,3.388888888888889,1.0921586228732252
0003228.jpg,3.4444444444444446,1.1490262999202832,3.2222222222222223,1.2153699778283713,3.5555555555555554,1.0966377611066325
0003229.jpg,2.9444444444444446,1.055641551364534,3.111111111111111,1.078609610939221,3.0,1.0289915108550531
0003232.jpg,4.0,0.8401680504168059,3.9444444444444446,0.639137490706142,3.7222222222222223,0.8947924869885988
0003234.jpg,3.888888888888889,0.9633818428657448,3.3333333333333335,1.137592917989042,3.5555555555555554,1.0966377611066325
0003235.jpg,3.8333333333333335,1.1504474832710556,3.7777777777777777,1.1143742932064957,3.8333333333333335,0.9235481451827989
0003237.jpg,3.4444444444444446,1.1490262999202834,3.3333333333333335,1.137592917989042,3.3333333333333335,1.0289915108550531
0003238.jpg,3.888888888888889,0.9633818428657448,3.7222222222222223,0.9582800496696002,3.8333333333333335,0.985184366143778
0003239.jpg,3.611111111111111,1.1447521637192346,3.5,1.0431851677040118,3.5,1.0981267472114393
0003240.jpg,3.388888888888889,1.0369008625190792,3.2777777777777777,1.127493605332358,3.2777777777777777,1.1785113019775793
0003242.jpg,3.1666666666666665,1.1504474832710556,2.9444444444444446,1.2589548523523144,3.2222222222222223,1.114374293206496
0003243.jpg,3.611111111111111,1.1447521637192346,3.5,0.9235481451827988,3.2777777777777777,1.0178151661369075
0003244.jpg,3.5555555555555554,1.247219128924647,3.888888888888889,1.078609610939221,3.611111111111111,1.2432826042324119
0003247.jpg,3.888888888888889,1.278274981412284,4.111111111111111,1.0786096109392207,3.8333333333333335,1.2485285456935953
0003248.jpg,3.611111111111111,0.7775443160352294,3.6666666666666665,0.970142500145332,3.3333333333333335,0.9701425001453318
0003250.jpg,3.7777777777777777,1.0602749674192764,3.611111111111111,1.1447521637192346,3.5555555555555554,1.0966377611066325
0003251.jpg,3.388888888888889,1.092158622873225,3.2222222222222223,1.165966176260275,3.3333333333333335,1.137592917989042
0003253.jpg,3.7777777777777777,1.3085940167422419,3.7222222222222223,1.3197840980097757,3.6666666666666665,1.4552137502179978
0003254.jpg,3.7777777777777777,1.2153699778283713,3.6666666666666665,1.1881770515720091,3.6666666666666665,1.3284223283101428
0003255.jpg,3.888888888888889,1.3234931004459767,4.111111111111111,1.022619985129827,3.7777777777777777,1.2628425245572248
0003256.jpg,3.611111111111111,1.1447521637192346,3.6666666666666665,1.2833778958394957,3.5,1.2947859237091257
0003257.jpg,3.4444444444444446,0.9835244081556432,3.1666666666666665,1.0981267472114395,3.4444444444444446,0.7838233761296739
0003260.jpg,3.7777777777777777,1.114374293206496,3.4444444444444446,1.1490262999202834,3.8333333333333335,1.200490095997562
0003261.jpg,3.7222222222222223,1.1785113019775793,3.3333333333333335,1.0846522890932808,3.8333333333333335,0.8574929257125442
0003264.jpg,3.888888888888889,1.078609610939221,3.9444444444444446,1.2589548523523144,3.9444444444444446,1.1099667309387473
0003265.jpg,3.7222222222222223,0.9582800496696001,3.388888888888889,1.1950332945836273,3.7222222222222223,0.8947924869885989
0003266.jpg,3.8333333333333335,1.1504474832710556,3.4444444444444446,1.1490262999202832,3.5,1.2485285456935955
0003268.jpg,3.9444444444444446,1.2589548523523144,4.111111111111111,1.078609610939221,3.8333333333333335,1.2947859237091257
0003272.jpg,3.6666666666666665,1.1881770515720091,3.611111111111111,1.0921586228732254,3.5555555555555554,1.0966377611066325
0003274.jpg,3.388888888888889,0.7775443160352294,3.388888888888889,0.9164438231805329,3.5,0.8574929257125441
0003275.jpg,2.6666666666666665,0.9701425001453318,2.9444444444444446,1.1617543641469048,2.7222222222222223,1.0178151661369075
0003277.jpg,3.5,1.1504474832710556,3.388888888888889,1.0921586228732252,3.3333333333333335,1.1375929179890423
0003282.jpg,3.9444444444444446,1.1099667309387473,3.7777777777777777,1.0032626514091005,4.0,1.0846522890932808
0003284.jpg,4.055555555555555,1.1099667309387473,3.9444444444444446,1.109966730938747,3.888888888888889,1.278274981412284
0003285.jpg,3.9444444444444446,1.2589548523523144,3.7222222222222223,1.2274102605536659,3.7777777777777777,1.262842524557225
0003286.jpg,2.5555555555555554,0.9835244081556432,2.611111111111111,1.2432826042324119,2.4444444444444446,1.1490262999202832
0003288.jpg,3.9444444444444446,0.9983646759294875,3.7777777777777777,1.0032626514091005,3.8333333333333335,1.0981267472114393
0003291.jpg,3.888888888888889,1.3672165321380638,3.888888888888889,1.1318329168362207,3.7777777777777777,1.3956046783744505
0003292.jpg,3.888888888888889,1.1826634392157036,3.7222222222222223,1.0740552924509195,3.611111111111111,1.0921586228732252
0003294.jpg,4.111111111111111,1.022619985129827,4.222222222222222,0.8084520834544431,3.888888888888889,1.1826634392157036
0003296.jpg,4.222222222222222,0.9428090415820634,3.888888888888889,1.1318329168362207,4.055555555555555,1.055641551364534
0003297.jpg,3.7222222222222223,1.127493605332358,3.6666666666666665,1.0289915108550531,3.888888888888889,1.0226199851298272
0003298.jpg,3.9444444444444446,1.1099667309387473,3.8333333333333335,1.0981267472114393,3.611111111111111,1.3345582608616182
0003300.jpg,3.5,1.200490095997562,3.4444444444444446,1.1490262999202836,3.2777777777777777,1.127493605332358
0003302.jpg,4.055555555555555,0.9983646759294875,4.0,0.8401680504168059,3.7777777777777777,1.114374293206496
0003303.jpg,3.7222222222222223,1.127493605332358,3.5555555555555554,1.4234267774809048,3.6666666666666665,1.2366938848016846
0003304.jpg,3.7222222222222223,0.8264420947336314,3.388888888888889,0.9785276387866012,3.4444444444444446,0.9217771979249535
0003306.jpg,3.5,1.1504474832710556,3.4444444444444446,1.0966377611066325,3.388888888888889,1.0369008625190792
0003307.jpg,3.7777777777777777,1.1143742932064957,3.7777777777777777,1.114374293206496,3.8333333333333335,1.0431851677040116
0003308.jpg,4.277777777777778,1.1785113019775793,4.388888888888889,1.1447521637192346,4.333333333333333,0.90748521297303
0003309.jpg,4.0,1.0846522890932808,3.5555555555555554,1.0416176459053665,4.0,0.7669649888473704
0003310.jpg,3.9444444444444446,1.1099667309387473,3.7777777777777777,1.0032626514091005,4.055555555555555,1.1617543641469048
0003311.jpg,3.8333333333333335,1.0981267472114393,4.055555555555555,1.055641551364534,3.7777777777777777,1.3527990831890462
0003312.jpg,4.055555555555555,1.2589548523523144,4.055555555555555,1.2113299556429322,4.111111111111111,1.078609610939221
0003313.jpg,3.8333333333333335,1.1504474832710558,3.9444444444444446,0.9375953110592338,3.7222222222222223,1.227410260553666
0003314.jpg,2.1666666666666665,1.0431851677040116,2.4444444444444446,1.0416176459053668,2.111111111111111,0.8323523637957303
0003316.jpg,2.9444444444444446,0.9983646759294876,3.2777777777777777,1.0740552924509195,2.9444444444444446,1.055641551364534
0003317.jpg,2.1666666666666665,1.2485285456935953,2.2222222222222223,1.437135858965388,2.2222222222222223,1.2628425245572248
0003318.jpg,2.5,1.2485285456935955,2.5,1.2004900959975617,2.1666666666666665,1.0431851677040116
0003319.jpg,3.1666666666666665,1.1504474832710558,3.5,0.8574929257125442,3.1666666666666665,1.200490095997562
0003320.jpg,3.388888888888889,1.1447521637192346,3.5555555555555554,0.9835244081556435,3.2777777777777777,1.127493605332358
0003321.jpg,3.0555555555555554,1.2113299556429324,3.2222222222222223,1.2153699778283713,2.8333333333333335,1.200490095997562
0003322.jpg,2.6666666666666665,1.4552137502179978,3.0555555555555554,1.3048426644944469,2.4444444444444446,1.293523333527109
0003323.jpg,3.111111111111111,1.1318329168362204,3.611111111111111,0.9164438231805327,3.0555555555555554,1.2589548523523142
0003325.jpg,2.3333333333333335,1.4552137502179978,2.5,1.504893977113651,2.2222222222222223,1.352799083189046
0003326.jpg,2.4444444444444446,1.3382263161373769,2.7777777777777777,1.3527990831890464,2.388888888888889,1.2432826042324119
0003328.jpg,2.0,1.1881770515720094,2.2777777777777777,1.5264551613058026,2.0,1.084652289093281
0003330.jpg,3.0555555555555554,1.055641551364534,2.9444444444444446,1.1099667309387473,2.611111111111111,1.1950332945836273
0003331.jpg,2.7777777777777777,1.114374293206496,3.0,1.1881770515720094,2.7222222222222223,1.1785113019775793
0003334.jpg,3.2777777777777777,0.8264420947336313,3.388888888888889,0.9164438231805329,3.2222222222222223,1.0602749674192764
0003335.jpg,2.8333333333333335,1.0431851677040118,2.8333333333333335,1.2485285456935955,2.611111111111111,0.9164438231805329
0003339.jpg,2.8333333333333335,1.0431851677040116,2.8333333333333335,1.0981267472114395,2.7222222222222223,1.127493605332358
0003341.jpg,2.888888888888889,1.2313975269103985,3.388888888888889,1.0921586228732252,3.0,1.2366938848016846
0003342.jpg,2.3333333333333335,1.137592917989042,2.7777777777777777,1.3956046783744507,2.2222222222222223,1.1143742932064957
0003345.jpg,2.3333333333333335,1.2366938848016846,2.5555555555555554,1.1490262999202832,2.5,1.2485285456935953
0003346.jpg,2.8333333333333335,1.200490095997562,3.1666666666666665,1.200490095997562,2.611111111111111,1.092158622873225
0003348.jpg,2.611111111111111,1.0921586228732252,2.8333333333333335,1.2004900959975617,2.5555555555555554,1.247219128924647
0003350.jpg,3.111111111111111,1.1826634392157036,3.4444444444444446,1.1490262999202832,2.888888888888889,1.078609610939221
0003352.jpg,2.5555555555555554,1.0966377611066325,2.5555555555555554,1.1490262999202832,2.5,1.1504474832710556
0003353.jpg,2.888888888888889,1.278274981412284,3.0555555555555554,1.2589548523523146,2.7222222222222223,1.274434386908933
0003354.jpg,2.6666666666666665,1.137592917989042,2.7777777777777777,1.3527990831890462,2.7222222222222223,1.127493605332358
0003356.jpg,2.5,1.1504474832710558,2.5555555555555554,0.9835244081556432,2.111111111111111,0.9633818428657445
0003357.jpg,3.5,0.9851843661437779,3.6666666666666665,0.9074852129730301,3.2777777777777777,1.0740552924509195
0003359.jpg,2.0,1.084652289093281,2.388888888888889,1.3345582608616184,2.0,1.084652289093281
0003360.jpg,2.4444444444444446,1.293523333527109,2.6666666666666665,1.2833778958394957,2.611111111111111,1.2432826042324119
0003361.jpg,2.888888888888889,1.1826634392157036,3.111111111111111,1.2313975269103985,2.7222222222222223,1.1274936053323583
0003362.jpg,2.1666666666666665,1.1504474832710554,2.3333333333333335,1.0846522890932808,2.1666666666666665,0.9235481451827989
0003363.jpg,3.1666666666666665,0.9235481451827988,3.3333333333333335,1.0846522890932808,3.0,0.9074852129730301
0003370.jpg,3.0,1.1375929179890423,3.2222222222222223,1.2153699778283713,3.0,1.1375929179890423
0003371.jpg,3.2777777777777777,1.1785113019775793,3.3333333333333335,1.0846522890932808,3.388888888888889,0.9785276387866012
0003374.jpg,2.7777777777777777,1.1659661762602749,3.0555555555555554,1.3920878193318216,2.4444444444444446,1.1991282236408358
0003375.jpg,2.3333333333333335,1.188177051572009,2.4444444444444446,1.293523333527109,2.1666666666666665,1.1504474832710556
0003376.jpg,2.5555555555555554,1.1490262999202834,3.0,1.2833778958394957,2.6666666666666665,1.1881770515720094
0003377.jpg,2.7222222222222223,1.227410260553666,3.2222222222222223,1.0032626514091005,2.8333333333333335,1.0981267472114393
0003378.jpg,2.5,0.9851843661437778,2.5555555555555554,1.1490262999202834,2.5555555555555554,1.0966377611066322
0003379.jpg,3.611111111111111,1.0921586228732254,3.7777777777777777,1.1659661762602749,3.5,1.098126747211439
0003380.jpg,2.7777777777777777,1.1659661762602749,2.888888888888889,1.4095843729891318,2.5555555555555554,1.247219128924647
0003382.jpg,2.388888888888889,1.2432826042324119,2.888888888888889,1.367216532138064,2.4444444444444446,1.247219128924647
0003384.jpg,2.0555555555555554,1.1617543641469046,2.3333333333333335,1.2366938848016846,1.8888888888888888,1.0226199851298274
0003387.jpg,2.9444444444444446,1.3491706481792793,3.3333333333333335,1.2366938848016846,3.111111111111111,1.0226199851298272
0003388.jpg,3.0555555555555554,1.2113299556429322,3.2222222222222223,1.2153699778283713,2.888888888888889,0.9633818428657449
0003390.jpg,3.0,0.9701425001453319,3.3333333333333335,1.137592917989042,2.888888888888889,1.0226199851298272
0003393.jpg,2.2222222222222223,1.0032626514091005,2.3333333333333335,1.2366938848016846,2.3333333333333335,1.0846522890932808
0003394.jpg,2.0555555555555554,0.9375953110592337,2.3333333333333335,1.2366938848016846,2.0,0.9074852129730301
0003398.jpg,2.3333333333333335,1.137592917989042,2.4444444444444446,1.1490262999202832,2.2222222222222223,1.2153699778283713
0003399.jpg,1.8888888888888888,1.1318329168362207,1.7222222222222223,0.8947924869885987,1.9444444444444444,1.1099667309387473
0003400.jpg,2.611111111111111,1.0921586228732252,2.7222222222222223,1.3197840980097757,2.5,1.2485285456935953
0003402.jpg,2.611111111111111,0.9164438231805327,2.8333333333333335,1.1504474832710558,2.2777777777777777,1.0740552924509195
0003403.jpg,2.2222222222222223,0.8782037520219095,2.6666666666666665,0.9701425001453318,2.2222222222222223,0.9428090415820631
0003404.jpg,2.611111111111111,1.0921586228732252,2.5,1.2004900959975617,2.5555555555555554,1.1490262999202832
0003405.jpg,2.611111111111111,1.1447521637192346,2.8333333333333335,1.2485285456935955,2.388888888888889,1.1447521637192346
0003406.jpg,1.8888888888888888,0.9633818428657449,2.388888888888889,1.2432826042324119,1.9444444444444444,0.9375953110592338
0003409.jpg,2.888888888888889,1.450715397105405,3.0,1.2833778958394957,2.8333333333333335,1.2485285456935955
0003413.jpg,2.888888888888889,1.1826634392157036,2.7777777777777777,1.114374293206496,2.611111111111111,1.0921586228732254
0003415.jpg,1.9444444444444444,0.9983646759294875,2.0555555555555554,0.8726040960806521,1.6111111111111112,0.6978023391872252
0003417.jpg,2.9444444444444446,1.1617543641469048,2.888888888888889,1.278274981412284,2.8333333333333335,1.1504474832710556
0003418.jpg,2.888888888888889,1.1318329168362204,3.0,1.3284223283101428,2.8333333333333335,1.200490095997562
0003419.jpg,2.888888888888889,1.278274981412284,2.9444444444444446,1.1099667309387473,2.888888888888889,1.278274981412284
0003420.jpg,3.0555555555555554,1.1617543641469046,3.111111111111111,1.1826634392157036,3.111111111111111,1.1826634392157036
0003421.jpg,1.3888888888888888,0.6978023391872252,1.3333333333333333,0.48507125007266594,1.2777777777777777,0.5745131499601418
0003423.jpg,2.7777777777777777,1.3085940167422419,2.9444444444444446,1.3491706481792793,2.7777777777777777,1.4371358589653878
0003425.jpg,3.2777777777777777,1.1274936053323579,3.4444444444444446,1.1991282236408358,3.388888888888889,1.1950332945836273
0003426.jpg,2.7222222222222223,1.227410260553666,3.0,1.328422328310143,2.7777777777777777,1.2153699778283713
0003427.jpg,2.8333333333333335,1.0981267472114393,2.9444444444444446,1.2589548523523146,2.388888888888889,1.1447521637192344
0003428.jpg,4.444444444444445,0.7838233761296739,4.333333333333333,0.9074852129730301,4.388888888888889,0.7775443160352293
0003432.jpg,2.9444444444444446,1.3048426644944466,3.111111111111111,1.278274981412284,3.0555555555555554,1.2589548523523144
0003434.jpg,1.7222222222222223,1.0178151661369075,1.7777777777777777,1.0032626514091005,1.6666666666666667,0.8401680504168059
0003437.jpg,2.6666666666666665,1.1881770515720091,3.0555555555555554,1.4337208778404378,2.5555555555555554,1.1490262999202834
0003440.jpg,3.0555555555555554,1.1617543641469046,3.2777777777777777,1.127493605332358,3.111111111111111,1.1826634392157036
0003441.jpg,3.111111111111111,1.1318329168362207,3.2777777777777777,1.0178151661369075,3.111111111111111,1.0226199851298272
0003442.jpg,3.5,0.8574929257125442,3.5555555555555554,0.9835244081556432,3.388888888888889,0.9164438231805327
0003444.jpg,2.0555555555555554,0.8726040960806521,2.2777777777777777,1.0178151661369075,1.8888888888888888,0.9633818428657449
0003449.jpg,2.7222222222222223,1.3197840980097757,3.0,1.3284223283101428,2.7222222222222223,1.2274102605536659
0003450.jpg,3.0,1.1375929179890423,3.2777777777777777,1.1785113019775793,3.111111111111111,1.1826634392157038
0003452.jpg,2.6666666666666665,1.137592917989042,2.9444444444444446,1.2589548523523144,2.7777777777777777,1.1659661762602749
0003455.jpg,2.611111111111111,0.9785276387866012,2.7777777777777777,1.0602749674192764,2.3333333333333335,1.0846522890932808
0003456.jpg,2.111111111111111,0.9633818428657448,2.2222222222222223,1.0602749674192766,2.111111111111111,0.9633818428657445
0003457.jpg,2.5555555555555554,1.3382263161373769,2.9444444444444446,1.3048426644944469,2.6666666666666665,1.0846522890932808
0003458.jpg,2.8333333333333335,1.3826657968874305,2.9444444444444446,1.3048426644944469,2.5555555555555554,1.3814835257889047
0003459.jpg,2.7222222222222223,1.274434386908933,2.9444444444444446,1.1617543641469048,2.888888888888889,1.1318329168362207
0003460.jpg,2.3333333333333335,1.0846522890932806,2.9444444444444446,0.9983646759294875,2.1666666666666665,1.0981267472114393
0003462.jpg,2.5555555555555554,1.0966377611066322,2.3333333333333335,1.3719886811400708,2.5555555555555554,1.0966377611066325
0003463.jpg,2.7777777777777777,1.165966176260275,3.0555555555555554,0.9983646759294875,2.8333333333333335,1.0431851677040116
0003465.jpg,2.8333333333333335,1.1504474832710556,3.111111111111111,1.278274981412284,2.888888888888889,1.078609610939221
0003468.jpg,2.611111111111111,1.2897281468629185,3.0555555555555554,1.2589548523523144,2.7222222222222223,1.0740552924509195
0003469.jpg,2.7777777777777777,1.0602749674192766,3.0,1.1375929179890423,2.8333333333333335,1.1504474832710556
0003470.jpg,3.0,1.0289915108550531,2.9444444444444446,1.055641551364534,2.9444444444444446,1.1099667309387475
0003472.jpg,2.888888888888889,1.278274981412284,2.9444444444444446,1.3048426644944469,3.0555555555555554,1.2589548523523144
0003474.jpg,3.111111111111111,1.0226199851298272,3.2222222222222223,1.2153699778283713,2.888888888888889,1.0786096109392211
0003478.jpg,3.0555555555555554,1.2113299556429324,3.3333333333333335,1.2366938848016846,3.0555555555555554,0.9375953110592338
0003479.jpg,2.2222222222222223,0.9428090415820631,2.611111111111111,1.1950332945836273,2.3333333333333335,0.9701425001453318
0003480.jpg,3.7777777777777777,1.114374293206496,3.6666666666666665,1.137592917989042,3.388888888888889,1.2432826042324119
0003481.jpg,3.388888888888889,1.0921586228732252,3.5555555555555554,1.1490262999202832,3.2222222222222223,1.2153699778283713
0003482.jpg,3.5,1.200490095997562,3.3333333333333335,1.3284223283101428,3.388888888888889,1.1950332945836273
0003484.jpg,3.5,0.985184366143778,3.4444444444444446,1.0416176459053668,3.1666666666666665,1.1504474832710558
0003485.jpg,2.0,0.9074852129730299,2.2222222222222223,0.9428090415820635,2.0555555555555554,0.802365782965103
0003486.jpg,3.888888888888889,1.2313975269103987,4.055555555555555,0.9375953110592338,4.0,1.028991510855053
0003487.jpg,4.444444444444445,0.7838233761296738,4.388888888888889,0.9164438231805326,4.055555555555555,1.3920878193318216
0003488.jpg,2.3333333333333335,0.90748521297303,2.611111111111111,1.1950332945836273,2.111111111111111,0.9633818428657447
0003490.jpg,2.7777777777777777,1.0032626514091008,2.9444444444444446,1.055641551364534,2.7222222222222223,1.1274936053323583
0003491.jpg,3.0,1.137592917989042,2.8333333333333335,1.1504474832710558,2.9444444444444446,0.9983646759294877
0003494.jpg,3.0555555555555554,1.1617543641469048,3.1666666666666665,1.1504474832710556,2.888888888888889,1.367216532138064
0003496.jpg,3.111111111111111,1.078609610939221,2.888888888888889,1.2313975269103985,3.0555555555555554,0.9983646759294876
0003497.jpg,2.8333333333333335,1.0981267472114393,3.0,1.1881770515720094,2.888888888888889,1.2313975269103987
0003498.jpg,2.0,0.9074852129730301,2.0555555555555554,1.2589548523523144,1.8888888888888888,0.9633818428657448
0003499.jpg,2.388888888888889,1.334558260861618,2.5,1.3826657968874303,2.2222222222222223,1.3085940167422416
0003500.jpg,2.888888888888889,1.1826634392157036,2.7777777777777777,1.262842524557225,2.7222222222222223,1.227410260553666
0003502.jpg,2.4444444444444446,1.3382263161373766,2.8333333333333335,1.4245742398014511,2.3333333333333335,1.188177051572009
0003503.jpg,2.9444444444444446,1.2589548523523144,3.111111111111111,1.1318329168362207,3.111111111111111,1.1826634392157036
0003505.jpg,3.6666666666666665,1.0846522890932808,3.7222222222222223,1.0740552924509195,3.6666666666666665,0.9701425001453319
0003506.jpg,2.888888888888889,1.2782749814122842,3.0555555555555554,1.2113299556429322,2.9444444444444446,1.1617543641469048
0003507.jpg,3.5,1.0431851677040116,3.2777777777777777,1.227410260553666,3.2222222222222223,1.0032626514091005
0003508.jpg,2.6666666666666665,1.1881770515720094,2.5555555555555554,1.247219128924647,2.611111111111111,1.1950332945836273
0003509.jpg,2.6666666666666665,1.137592917989042,2.8333333333333335,1.2485285456935957,2.4444444444444446,1.0416176459053668
0003510.jpg,3.611111111111111,1.4199788270537859,3.5555555555555554,1.1991282236408358,3.3333333333333335,1.137592917989042
0003512.jpg,3.5555555555555554,0.9835244081556433,3.4444444444444446,1.1991282236408358,3.4444444444444446,0.9835244081556432
0003515.jpg,3.0,1.137592917989042,3.0555555555555554,1.1617543641469048,2.7222222222222223,1.127493605332358
0003516.jpg,3.2222222222222223,1.1659661762602749,3.0,1.2366938848016846,2.888888888888889,1.2313975269103985
0003517.jpg,2.3333333333333335,1.3719886811400706,2.388888888888889,1.3779306261410682,2.3333333333333335,1.414213562373095
0003522.jpg,2.611111111111111,1.0369008625190792,2.5555555555555554,1.0966377611066325,2.4444444444444446,0.9835244081556432
0003525.jpg,2.5,1.098126747211439,2.5,1.0981267472114393,2.2777777777777777,1.0178151661369075
0003528.jpg,3.5555555555555554,1.247219128924647,3.8333333333333335,0.985184366143778,3.3333333333333335,1.2833778958394957
0003529.jpg,3.7777777777777777,1.3527990831890462,3.5,1.2947859237091257,3.388888888888889,1.4199788270537859
0003530.jpg,3.7777777777777777,1.262842524557225,3.6666666666666665,1.1881770515720091,3.611111111111111,1.3345582608616182
0003532.jpg,3.2777777777777777,1.1785113019775793,3.6666666666666665,1.0846522890932808,3.111111111111111,1.323493100445977
0003535.jpg,3.7777777777777777,1.1659661762602749,3.5555555555555554,1.0416176459053668,3.5555555555555554,1.1991282236408358
0003537.jpg,3.388888888888889,1.0921586228732252,3.4444444444444446,1.1991282236408358,3.3333333333333335,1.0846522890932808
0003538.jpg,3.888888888888889,1.078609610939221,3.8333333333333335,1.0981267472114393,3.8333333333333335,1.0981267472114393
0003540.jpg,3.888888888888889,0.9002541398626662,3.7777777777777777,0.8782037520219095,3.7222222222222223,0.8947924869885988
0003541.jpg,4.0,0.9074852129730301,3.888888888888889,0.9633818428657449,3.888888888888889,0.8323523637957304
0003542.jpg,4.166666666666667,1.3394467690277294,4.166666666666667,1.2485285456935957,4.055555555555555,1.4337208778404378
0003543.jpg,3.888888888888889,1.1318329168362207,3.888888888888889,0.8323523637957304,3.8333333333333335,1.0431851677040116
0003544.jpg,2.0,1.1881770515720091,2.3333333333333335,1.2366938848016846,1.9444444444444444,1.1099667309387473
0003545.jpg,2.5555555555555554,1.0416176459053668,2.8333333333333335,1.2485285456935957,2.6666666666666665,1.137592917989042
0003546.jpg,2.4444444444444446,1.2472191289246468,2.611111111111111,1.3779306261410682,2.2777777777777777,1.227410260553666
0003548.jpg,3.111111111111111,1.0226199851298272,3.2222222222222223,1.0602749674192764,3.0,1.2366938848016846
0003549.jpg,3.888888888888889,1.1826634392157034,4.055555555555555,1.2113299556429322,3.7222222222222223,1.3197840980097757
0003550.jpg,3.5555555555555554,1.4641689962819193,3.388888888888889,1.2897281468629185,3.611111111111111,1.3779306261410682
0003551.jpg,3.4444444444444446,1.3814835257889049,3.3333333333333335,1.2833778958394957,3.5,1.0981267472114393
0003552.jpg,4.388888888888889,1.0921586228732252,4.5,0.8574929257125441,4.444444444444445,0.7047921864945659
0003557.jpg,3.7222222222222223,1.3636264606493251,3.8333333333333335,1.3394467690277294,3.3333333333333335,1.137592917989042
0003558.jpg,3.4444444444444446,1.247219128924647,3.388888888888889,1.2432826042324119,3.1666666666666665,1.1504474832710556
0003561.jpg,3.6666666666666665,1.0846522890932808,3.611111111111111,1.0369008625190794,3.5,0.985184366143778
0003562.jpg,3.611111111111111,1.1447521637192346,3.5555555555555554,0.9217771979249535,3.3333333333333335,1.137592917989042
0003564.jpg,3.0555555555555554,1.055641551364534,3.0555555555555554,1.2589548523523144,3.0555555555555554,1.055641551364534
0003565.jpg,3.7222222222222223,1.274434386908933,3.611111111111111,0.9785276387866012,3.5,1.1504474832710556
0003566.jpg,2.2222222222222223,1.2153699778283713,2.2222222222222223,1.262842524557225,2.2777777777777777,1.227410260553666
0003569.jpg,4.444444444444445,0.9217771979249535,4.555555555555555,0.7047921864945659,4.277777777777778,1.1785113019775793
0003571.jpg,2.7777777777777777,1.1659661762602749,2.9444444444444446,1.1099667309387473,2.8333333333333335,1.2485285456935955
0003573.jpg,3.0555555555555554,1.3491706481792791,3.2222222222222223,1.1659661762602749,3.1666666666666665,1.1504474832710554
0003577.jpg,3.2777777777777777,1.0178151661369075,3.388888888888889,1.0921586228732252,3.0555555555555554,1.1099667309387473
0003578.jpg,3.7777777777777777,1.114374293206496,3.7222222222222223,0.9582800496696001,3.7777777777777777,0.9428090415820634
0003581.jpg,3.5555555555555554,1.1991282236408356,3.7222222222222223,1.1785113019775793,3.611111111111111,1.0921586228732252
0003582.jpg,2.888888888888889,1.1318329168362204,3.0,1.2366938848016846,2.9444444444444446,1.2113299556429322
0003583.jpg,1.8333333333333333,1.1504474832710556,1.8888888888888888,0.9002541398626666,1.6111111111111112,0.6978023391872251
0003584.jpg,3.5555555555555554,1.1490262999202834,3.4444444444444446,0.8555852638929972,3.4444444444444446,1.0416176459053668
0003585.jpg,2.9444444444444446,1.1099667309387473,3.111111111111111,1.1826634392157036,3.1666666666666665,1.1504474832710554
0003587.jpg,4.0,0.9701425001453318,3.8333333333333335,1.0981267472114395,3.6666666666666665,1.137592917989042
0003588.jpg,2.8333333333333335,1.200490095997562,3.111111111111111,1.2313975269103987,3.0,1.1375929179890423
0003589.jpg,3.0,1.1375929179890423,3.2222222222222223,1.262842524557225,2.888888888888889,1.2782749814122842
0003590.jpg,3.9444444444444446,1.1617543641469048,3.8333333333333335,1.1504474832710558,3.6666666666666665,1.1881770515720094
0003591.jpg,3.7222222222222223,1.1785113019775793,3.611111111111111,1.0369008625190794,3.388888888888889,1.3345582608616182
0003596.jpg,3.611111111111111,1.1950332945836273,3.2222222222222223,1.3527990831890462,3.4444444444444446,1.3382263161373769
0003600.jpg,3.888888888888889,1.2782749814122838,4.166666666666667,1.0431851677040116,3.888888888888889,1.2782749814122842
0003603.jpg,3.888888888888889,1.2313975269103985,4.166666666666667,1.200490095997562,3.888888888888889,1.078609610939221
0003606.jpg,3.611111111111111,1.2432826042324117,3.5,1.2485285456935955,3.2777777777777777,1.227410260553666
0003607.jpg,3.6666666666666665,1.1881770515720091,3.611111111111111,1.1950332945836275,3.5,1.1504474832710556
0003608.jpg,3.6666666666666665,1.2366938848016846,3.5555555555555554,1.1991282236408358,3.388888888888889,1.2897281468629183
0003609.jpg,3.388888888888889,1.2897281468629185,3.1666666666666665,1.2485285456935957,3.4444444444444446,1.247219128924647
0003610.jpg,3.111111111111111,1.0786096109392211,3.3333333333333335,1.084652289093281,3.111111111111111,1.1318329168362207
0003611.jpg,2.6666666666666665,1.1881770515720094,2.5555555555555554,1.1490262999202832,2.5555555555555554,1.0966377611066325
0003614.jpg,3.0555555555555554,1.2589548523523144,3.0,1.328422328310143,3.0555555555555554,1.2113299556429324
0003615.jpg,4.0,1.1881770515720094,3.7222222222222223,1.227410260553666,3.7222222222222223,1.3197840980097757
0003616.jpg,3.1666666666666665,0.9235481451827989,3.3333333333333335,1.0846522890932808,3.111111111111111,0.9633818428657449
0003617.jpg,3.388888888888889,0.8498365855987975,3.3333333333333335,1.0846522890932808,3.3333333333333335,1.028991510855053
0003619.jpg,3.2777777777777777,1.178511301977579,3.5,0.985184366143778,3.111111111111111,1.1826634392157036
0003620.jpg,3.888888888888889,1.2313975269103985,3.888888888888889,1.1318329168362207,3.888888888888889,1.1318329168362204
0003621.jpg,3.2777777777777777,1.0178151661369075,3.2222222222222223,1.114374293206496,3.2222222222222223,1.0602749674192764
0003625.jpg,3.7222222222222223,1.178511301977579,3.5555555555555554,1.0966377611066325,3.5555555555555554,1.041617645905367
0003628.jpg,3.888888888888889,0.9633818428657448,3.7777777777777777,1.114374293206496,3.8333333333333335,0.985184366143778
0003629.jpg,2.6666666666666665,1.084652289093281,2.8333333333333335,1.0981267472114393,2.7222222222222223,1.0178151661369075
0003631.jpg,3.0555555555555554,1.055641551364534,3.3333333333333335,0.9701425001453319,3.111111111111111,1.1826634392157036
0003633.jpg,3.3333333333333335,1.0846522890932808,3.2777777777777777,1.1785113019775793,3.111111111111111,1.2313975269103985
0003634.jpg,3.2777777777777777,1.1274936053323583,3.4444444444444446,0.9835244081556432,3.111111111111111,1.1318329168362207
0003635.jpg,4.0,1.137592917989042,3.9444444444444446,0.9375953110592338,3.9444444444444446,0.9983646759294875
0003638.jpg,3.7777777777777777,1.2153699778283713,3.5,1.0981267472114395,3.7777777777777777,1.3956046783744505
0003639.jpg,3.0,1.283377895839496,3.388888888888889,1.0369008625190792,3.0555555555555554,1.1617543641469044
0003640.jpg,3.1666666666666665,1.294785923709126,3.1666666666666665,1.0431851677040116,3.0555555555555554,1.055641551364534
0003643.jpg,3.888888888888889,1.1826634392157036,4.055555555555555,0.8726040960806521,3.8333333333333335,1.1504474832710556
0003644.jpg,4.166666666666667,0.985184366143778,4.055555555555555,1.1617543641469048,3.9444444444444446,1.0556415513645339
0003646.jpg,4.055555555555555,1.1099667309387473,4.111111111111111,0.8323523637957304,3.7222222222222223,1.178511301977579
0003648.jpg,4.0,1.028991510855053,3.9444444444444446,0.9983646759294875,3.8333333333333335,0.9851843661437779
0003649.jpg,4.055555555555555,1.0556415513645343,3.888888888888889,1.1318329168362207,3.888888888888889,1.3234931004459767
0003650.jpg,4.111111111111111,0.9002541398626663,3.888888888888889,0.9002541398626663,4.111111111111111,1.0226199851298272
0003651.jpg,4.111111111111111,1.1318329168362207,4.222222222222222,0.8782037520219095,4.333333333333333,0.8401680504168058
0003652.jpg,4.222222222222222,1.0032626514091005,4.0,0.9074852129730301,3.888888888888889,1.2313975269103985
0003654.jpg,2.9444444444444446,1.3048426644944466,3.0555555555555554,1.1617543641469048,2.888888888888889,1.323493100445977
0003655.jpg,3.7222222222222223,1.274434386908933,3.5555555555555554,1.247219128924647,3.611111111111111,1.2432826042324119
0003657.jpg,3.6666666666666665,1.3719886811400706,3.611111111111111,1.1950332945836273,3.611111111111111,1.2432826042324119
0003659.jpg,3.9444444444444446,1.1617543641469046,4.055555555555555,1.1099667309387473,3.888888888888889,1.367216532138064
0003660.jpg,3.9444444444444446,0.9983646759294875,3.888888888888889,1.1318329168362204,3.9444444444444446,1.1617543641469048
0003662.jpg,3.9444444444444446,1.1099667309387473,3.888888888888889,1.0226199851298272,3.6666666666666665,1.0289915108550531
0003666.jpg,3.0,1.1881770515720094,2.888888888888889,1.1826634392157036,3.2222222222222223,1.2153699778283713
0003667.jpg,3.5,1.5048939771136507,3.2777777777777777,1.4874200148759578,3.4444444444444446,1.542428269748795
0003669.jpg,3.2222222222222223,1.114374293206496,3.2222222222222223,1.1659661762602749,3.2222222222222223,1.2153699778283713
0003670.jpg,3.3333333333333335,1.137592917989042,3.111111111111111,1.1826634392157038,3.388888888888889,1.2432826042324117
0003671.jpg,3.5555555555555554,1.0416176459053668,3.5,0.8574929257125442,3.5555555555555554,0.9217771979249535
0003672.jpg,3.7777777777777777,1.3085940167422419,3.5555555555555554,1.503807803044236,3.611111111111111,1.3345582608616182
0003674.jpg,3.7777777777777777,1.2153699778283713,3.888888888888889,1.0226199851298272,3.6666666666666665,1.2833778958394957
0003675.jpg,3.611111111111111,1.2432826042324119,3.4444444444444446,1.1991282236408356,3.4444444444444446,1.247219128924647
0003677.jpg,3.611111111111111,1.3345582608616182,3.5,0.985184366143778,3.5,1.2485285456935955
0003678.jpg,3.8333333333333335,1.0981267472114393,3.6666666666666665,0.9074852129730302,3.611111111111111,1.2897281468629183
0003679.jpg,3.611111111111111,0.9164438231805326,3.5555555555555554,1.0966377611066327,3.5555555555555554,0.9835244081556432
0003680.jpg,3.7222222222222223,1.0740552924509195,3.2777777777777777,1.1785113019775793,3.4444444444444446,1.247219128924647
0003681.jpg,1.5,0.7859052479933758,1.5555555555555556,0.7838233761296739,1.6111111111111112,0.8498365855987975
0003684.jpg,3.7777777777777777,1.262842524557225,3.888888888888889,1.078609610939221,3.7777777777777777,1.0602749674192766
0003685.jpg,3.7777777777777777,1.1659661762602749,3.611111111111111,1.0921586228732252,3.611111111111111,1.0921586228732252
0003686.jpg,3.9444444444444446,1.1617543641469046,3.888888888888889,1.1826634392157036,3.888888888888889,1.278274981412284
0003687.jpg,2.6666666666666665,0.9074852129730302,2.611111111111111,0.9785276387866012,2.5555555555555554,1.0966377611066325
0003688.jpg,3.2222222222222223,1.114374293206496,3.1666666666666665,1.0981267472114393,2.888888888888889,1.1826634392157036
0003689.jpg,3.0,1.084652289093281,2.888888888888889,1.078609610939221,2.9444444444444446,1.055641551364534
0003691.jpg,3.888888888888889,0.8323523637957303,3.7222222222222223,0.9582800496696002,3.5555555555555554,1.0416176459053668
0003694.jpg,3.888888888888889,1.1826634392157036,4.0,1.1881770515720091,3.9444444444444446,1.2113299556429322
0003695.jpg,3.6666666666666665,0.9701425001453319,3.888888888888889,0.7583952786593615,3.7222222222222223,1.0178151661369075
0003696.jpg,3.7222222222222223,1.227410260553666,3.5555555555555554,1.1490262999202832,3.611111111111111,1.0921586228732252
0003698.jpg,4.055555555555555,0.9375953110592337,3.7777777777777777,0.9428090415820635,3.8333333333333335,0.985184366143778
0003699.jpg,3.7777777777777777,1.114374293206496,4.055555555555555,0.9375953110592337,3.7222222222222223,1.1785113019775793
0003701.jpg,4.055555555555555,0.9983646759294876,3.7222222222222223,1.0740552924509195,3.9444444444444446,1.1099667309387473
0003702.jpg,3.7222222222222223,1.4061024795535124,3.7777777777777777,0.8782037520219095,3.6666666666666665,1.0846522890932808
0003703.jpg,3.611111111111111,1.576999716098631,3.7222222222222223,1.274434386908933,4.0,1.028991510855053
0003704.jpg,3.611111111111111,0.9785276387866012,3.388888888888889,1.0369008625190792,3.5,0.985184366143778
0003705.jpg,3.1666666666666665,0.9235481451827989,3.388888888888889,0.8498365855987975,3.3333333333333335,0.90748521297303
0003706.jpg,3.8333333333333335,0.985184366143778,3.888888888888889,1.0226199851298272,3.8333333333333335,1.200490095997562
0003707.jpg,3.9444444444444446,0.9983646759294874,3.7777777777777777,1.0032626514091005,3.888888888888889,1.078609610939221
0003711.jpg,3.6666666666666665,0.9701425001453319,3.1666666666666665,1.2485285456935955,3.2777777777777777,1.178511301977579
0003712.jpg,3.3333333333333335,1.2366938848016846,3.2777777777777777,1.3636264606493254,3.4444444444444446,1.247219128924647
0003713.jpg,3.2777777777777777,1.0740552924509195,3.1666666666666665,1.2485285456935955,3.1666666666666665,0.9851843661437779
0003714.jpg,3.8333333333333335,1.0981267472114393,3.611111111111111,1.419978827053786,3.7777777777777777,1.2153699778283713
0003716.jpg,3.8333333333333335,1.0981267472114393,3.8333333333333335,1.0981267472114395,3.7222222222222223,1.4061024795535124
0003717.jpg,3.2777777777777777,1.127493605332358,3.3333333333333335,1.1881770515720091,3.2222222222222223,1.0602749674192766
0003720.jpg,3.7777777777777777,1.3085940167422419,3.7777777777777777,1.262842524557225,3.9444444444444446,1.2113299556429322
0003724.jpg,4.0,1.137592917989042,4.111111111111111,0.9633818428657449,3.9444444444444446,1.2589548523523144
0003727.jpg,3.5555555555555554,1.1490262999202834,3.611111111111111,1.0921586228732254,3.5555555555555554,1.1991282236408358
0003728.jpg,3.5555555555555554,1.293523333527109,3.5555555555555554,1.0416176459053668,3.7222222222222223,1.227410260553666
0003729.jpg,3.8333333333333335,0.9851843661437781,3.6666666666666665,1.1881770515720091,3.611111111111111,1.1447521637192346
0003731.jpg,3.5555555555555554,1.1490262999202832,3.5555555555555554,1.0966377611066325,3.7222222222222223,1.0740552924509195
0003733.jpg,3.4444444444444446,1.1991282236408358,3.4444444444444446,1.0966377611066325,3.5555555555555554,1.1991282236408358
0003734.jpg,3.6666666666666665,1.0289915108550531,3.5,1.2004900959975617,3.5,1.1504474832710556
0003735.jpg,3.7777777777777777,1.1659661762602749,3.6666666666666665,1.137592917989042,3.6666666666666665,1.1375929179890423
0003738.jpg,3.611111111111111,1.0921586228732252,3.6666666666666665,1.0846522890932808,3.5,1.1504474832710556
0003740.jpg,3.0555555555555554,1.1617543641469048,3.3333333333333335,1.0846522890932808,3.111111111111111,1.1826634392157038
0003741.jpg,3.6666666666666665,1.137592917989042,3.6666666666666665,0.9701425001453319,3.5,1.2947859237091257
0003743.jpg,3.611111111111111,1.5769997160986313,3.8333333333333335,1.2485285456935953,3.7777777777777777,1.5550886320704589
0003744.jpg,3.5555555555555554,1.1490262999202832,3.388888888888889,1.1950332945836273,3.611111111111111,1.1447521637192344
0003749.jpg,3.3333333333333335,1.2833778958394957,3.1666666666666665,1.0981267472114393,3.3333333333333335,1.137592917989042
0003751.jpg,3.7777777777777777,1.0602749674192766,3.611111111111111,1.0369008625190794,3.611111111111111,1.2432826042324119
0003752.jpg,3.7222222222222223,1.274434386908933,3.611111111111111,1.0921586228732252,3.6666666666666665,1.2366938848016846
0003754.jpg,3.7777777777777777,1.2628425245572248,3.7222222222222223,1.127493605332358,3.7777777777777777,1.3085940167422419
0003755.jpg,3.8333333333333335,1.0981267472114393,3.7777777777777777,1.0032626514091003,3.611111111111111,1.3345582608616182
0003756.jpg,4.055555555555555,0.9983646759294876,4.277777777777778,0.8947924869885987,4.0,1.137592917989042
0003761.jpg,3.9444444444444446,1.1099667309387473,3.7222222222222223,1.227410260553666,3.8333333333333335,1.3394467690277294
0003763.jpg,3.7222222222222223,1.1274936053323583,3.5,1.2485285456935955,3.7222222222222223,1.1785113019775793
0003765.jpg,3.611111111111111,1.1447521637192346,3.5,1.2485285456935955,3.611111111111111,1.1447521637192346
0003768.jpg,3.5555555555555554,1.1991282236408356,3.5,1.2004900959975617,3.5555555555555554,1.0966377611066322
0003769.jpg,3.5,1.2485285456935955,3.2222222222222223,1.1659661762602749,3.2222222222222223,1.3085940167422419
0003770.jpg,3.5555555555555554,1.381483525788905,3.5555555555555554,1.0966377611066325,3.2222222222222223,1.3085940167422419
0003773.jpg,2.111111111111111,1.3234931004459767,2.0,1.137592917989042,2.4444444444444446,1.4234267774809048
0003776.jpg,3.888888888888889,1.078609610939221,4.055555555555555,0.802365782965103,3.7777777777777777,1.0602749674192764
0003778.jpg,2.2777777777777777,1.3636264606493254,1.9444444444444444,1.1099667309387473,2.3333333333333335,1.4552137502179978
0003780.jpg,3.2777777777777777,1.1785113019775793,3.388888888888889,1.0921586228732252,3.2222222222222223,1.2153699778283713
0003783.jpg,1.9444444444444444,0.639137490706142,2.0555555555555554,1.055641551364534,2.111111111111111,0.8323523637957303
0003785.jpg,2.7222222222222223,1.127493605332358,2.8333333333333335,1.3826657968874305,2.5,1.0431851677040116
0003789.jpg,3.388888888888889,0.9785276387866011,3.3333333333333335,1.0846522890932808,3.111111111111111,1.0226199851298272
0003791.jpg,2.3333333333333335,0.7669649888473704,2.611111111111111,1.0369008625190792,2.111111111111111,0.6763995415945231
0003794.jpg,2.8333333333333335,1.1504474832710556,2.7777777777777777,1.165966176260275,2.5555555555555554,1.0416176459053668
0003796.jpg,2.611111111111111,0.978527638786601,2.9444444444444446,1.2589548523523146,2.6666666666666665,1.028991510855053
0003797.jpg,1.8888888888888888,0.7583952786593615,1.9444444444444444,0.802365782965103,1.7777777777777777,0.7320844981409595
0003799.jpg,2.7777777777777777,1.114374293206496,3.0,1.2366938848016846,2.7222222222222223,1.127493605332358
0003800.jpg,2.3333333333333335,1.0289915108550531,2.3333333333333335,0.9074852129730302,2.1666666666666665,0.9235481451827989
0003802.jpg,2.8333333333333335,1.0431851677040116,3.0,1.1881770515720094,2.7222222222222223,1.127493605332358
0003804.jpg,2.111111111111111,1.022619985129827,2.2777777777777777,1.178511301977579,1.8888888888888888,0.8323523637957305
0003805.jpg,2.2222222222222223,1.0032626514091005,2.5555555555555554,1.1991282236408358,2.2222222222222223,1.0032626514091005
0003806.jpg,2.388888888888889,0.9164438231805327,2.611111111111111,1.0369008625190792,2.3333333333333335,0.7669649888473703
0003807.jpg,2.7777777777777777,1.114374293206496,3.0555555555555554,0.9983646759294875,2.6666666666666665,1.0289915108550531
0003808.jpg,2.7222222222222223,1.1274936053323583,3.111111111111111,1.1826634392157038,2.6666666666666665,1.0846522890932808
0003809.jpg,2.7777777777777777,1.0032626514091005,2.7777777777777777,1.2153699778283713,2.5,1.0981267472114393
0003810.jpg,2.388888888888889,1.0921586228732252,2.6666666666666665,1.137592917989042,2.2777777777777777,1.0740552924509192
0003812.jpg,2.7222222222222223,1.0740552924509192,2.7222222222222223,1.2274102605536659,2.4444444444444446,1.1490262999202832
0003814.jpg,3.0,1.0846522890932808,3.2222222222222223,1.1659661762602749,2.7222222222222223,1.178511301977579
0003819.jpg,3.111111111111111,1.0226199851298272,3.1666666666666665,0.985184366143778,3.111111111111111,0.9633818428657449
0003820.jpg,3.5555555555555554,1.0416176459053665,3.5555555555555554,0.8555852638929972,3.2777777777777777,0.9582800496696002
0003821.jpg,3.2777777777777777,0.9582800496696001,3.388888888888889,1.0369008625190792,3.2222222222222223,1.0032626514091005
0003822.jpg,3.8333333333333335,1.0431851677040116,3.9444444444444446,0.9983646759294875,3.6666666666666665,1.137592917989042
0003824.jpg,2.888888888888889,1.278274981412284,3.0555555555555554,1.3048426644944469,3.0,1.2366938848016846
0003830.jpg,3.1666666666666665,1.200490095997562,3.1666666666666665,1.200490095997562,3.0555555555555554,1.1099667309387473
0003832.jpg,2.388888888888889,1.0369008625190792,2.5,1.1504474832710556,2.3333333333333335,1.0846522890932808
0003833.jpg,2.611111111111111,1.0921586228732252,2.5555555555555554,1.1991282236408358,2.388888888888889,1.0921586228732254
0003835.jpg,2.9444444444444446,1.055641551364534,3.2222222222222223,1.165966176260275,3.0,1.0289915108550531
0003836.jpg,2.7777777777777777,1.0602749674192764,3.111111111111111,1.0226199851298272,2.5,0.9851843661437779
0003840.jpg,3.7222222222222223,1.227410260553666,3.7222222222222223,1.1274936053323583,3.611111111111111,1.2897281468629185
0003841.jpg,2.8333333333333335,1.0981267472114395,3.111111111111111,1.078609610939221,2.9444444444444446,1.1099667309387473
0003844.jpg,2.0555555555555554,1.1099667309387473,2.4444444444444446,1.293523333527109,1.9444444444444444,1.1099667309387473
0003845.jpg,3.2222222222222223,1.1659661762602749,3.4444444444444446,1.0966377611066327,3.2222222222222223,1.0602749674192766
0003851.jpg,1.6111111111111112,0.7775443160352296,1.8333333333333333,0.9235481451827989,1.6111111111111112,0.6978023391872252
0003852.jpg,1.6666666666666667,0.7669649888473704,1.8888888888888888,0.7583952786593615,1.5555555555555556,0.7047921864945659
0003853.jpg,2.611111111111111,1.1950332945836273,3.0,1.137592917989042,2.5,1.2947859237091257
0003854.jpg,4.055555555555555,1.055641551364534,4.111111111111111,1.0226199851298272,3.8333333333333335,1.3394467690277294
0003855.jpg,3.5,1.3826657968874305,3.5,1.2485285456935955,3.4444444444444446,1.3382263161373769
0003856.jpg,3.2222222222222223,1.437135858965388,3.5555555555555554,1.0966377611066325,3.0555555555555554,1.2113299556429322
0003857.jpg,2.111111111111111,0.9002541398626662,2.3333333333333335,1.0289915108550531,2.0555555555555554,0.8726040960806521
0003858.jpg,2.8333333333333335,1.1504474832710556,2.6666666666666665,1.2833778958394957,2.9444444444444446,1.1099667309387473
0003859.jpg,2.5555555555555554,1.247219128924647,2.8333333333333335,1.2485285456935955,2.611111111111111,1.3345582608616182
0003861.jpg,2.4444444444444446,0.8555852638929972,2.7222222222222223,1.1274936053323583,2.2777777777777777,0.8947924869885987
0003863.jpg,3.1666666666666665,1.2947859237091257,3.4444444444444446,1.1490262999202832,3.111111111111111,1.0786096109392207
0003865.jpg,4.444444444444445,0.783823376129674,4.444444444444445,1.0416176459053668,4.277777777777778,1.127493605332358
0003867.jpg,3.0,1.1881770515720091,3.3333333333333335,0.9701425001453318,2.7222222222222223,1.1785113019775793
0003870.jpg,4.222222222222222,1.165966176260275,4.333333333333333,1.1881770515720091,4.333333333333333,1.0846522890932808
0003874.jpg,3.0555555555555554,0.9983646759294875,3.3333333333333335,1.0289915108550531,3.0555555555555554,1.1099667309387475
0003876.jpg,2.1666666666666665,0.9235481451827987,2.3333333333333335,1.137592917989042,1.8888888888888888,0.8323523637957304
0003878.jpg,2.5555555555555554,0.9835244081556432,2.7777777777777777,1.165966176260275,2.4444444444444446,0.9835244081556431
0003879.jpg,4.166666666666667,1.0431851677040116,3.9444444444444446,1.2589548523523144,4.111111111111111,1.078609610939221
0003883.jpg,2.388888888888889,1.2432826042324119,2.888888888888889,1.367216532138064,2.5,1.200490095997562
0003884.jpg,3.2222222222222223,1.3527990831890462,3.6666666666666665,1.0289915108550531,3.2777777777777777,1.2274102605536659
0003888.jpg,2.7777777777777777,1.1659661762602749,2.888888888888889,1.1826634392157036,2.6666666666666665,1.1375929179890423
0003889.jpg,2.4444444444444446,1.1991282236408356,2.7222222222222223,1.227410260553666,2.5,1.1504474832710556
0003890.jpg,2.6666666666666665,1.0289915108550531,3.111111111111111,1.0226199851298272,2.7222222222222223,1.0178151661369075
0003893.jpg,3.2222222222222223,1.114374293206496,3.0555555555555554,1.1099667309387473,3.0,1.137592917989042
0003897.jpg,2.388888888888889,1.0369008625190792,2.5,1.1504474832710556,2.2777777777777777,1.0178151661369075
0003898.jpg,2.6666666666666665,1.137592917989042,2.9444444444444446,1.2113299556429322,2.7777777777777777,1.114374293206496
0003901.jpg,2.9444444444444446,1.1617543641469048,3.0555555555555554,1.3491706481792793,3.0,1.0846522890932808
0003904.jpg,2.888888888888889,1.0786096109392211,2.7777777777777777,1.2153699778283713,2.888888888888889,1.2313975269103985
0003905.jpg,3.0,1.0846522890932808,3.0,1.1881770515720094,3.0,1.1881770515720091
0003907.jpg,2.5,1.098126747211439,3.0,1.084652289093281,2.611111111111111,1.0369008625190792
0003908.jpg,2.6666666666666665,1.0289915108550531,2.8333333333333335,1.1504474832710556,2.8333333333333335,1.0981267472114393
0003910.jpg,3.8333333333333335,1.0431851677040114,3.7777777777777777,1.0602749674192764,3.6666666666666665,1.084652289093281
0003911.jpg,4.111111111111111,1.0226199851298272,4.111111111111111,1.078609610939221,4.111111111111111,1.0226199851298272
0003912.jpg,3.0555555555555554,1.2113299556429322,3.2777777777777777,1.3197840980097757,3.388888888888889,1.2432826042324119
0003913.jpg,2.9444444444444446,1.1617543641469048,3.0555555555555554,1.4337208778404378,3.111111111111111,1.1318329168362207
0003914.jpg,4.333333333333333,1.084652289093281,4.555555555555555,0.8555852638929972,4.333333333333333,1.0846522890932808
0003915.jpg,3.0,1.137592917989042,3.2777777777777777,0.9582800496696002,3.1666666666666665,1.1504474832710554
0003916.jpg,3.8333333333333335,0.923548145182799,3.7222222222222223,1.0740552924509195,3.7222222222222223,1.1785113019775793
0003921.jpg,3.5555555555555554,1.1991282236408358,3.7222222222222223,1.0178151661369075,3.5,1.1504474832710556
0003923.jpg,2.6666666666666665,0.9074852129730301,3.0,1.084652289093281,2.5555555555555554,0.855585263892997
0003924.jpg,3.111111111111111,1.1826634392157038,3.2777777777777777,1.0740552924509197,3.111111111111111,1.078609610939221
0003927.jpg,2.888888888888889,1.1318329168362207,2.9444444444444446,1.1099667309387473,3.0,1.0846522890932808
0003928.jpg,4.444444444444445,0.8555852638929973,4.222222222222222,1.1143742932064957,4.333333333333333,0.9074852129730301
0003929.jpg,2.8333333333333335,1.200490095997562,3.2777777777777777,1.2744343869089327,2.8333333333333335,1.200490095997562
0003931.jpg,3.111111111111111,1.078609610939221,3.2222222222222223,1.114374293206496,3.0,1.2366938848016846
0003932.jpg,3.2222222222222223,1.4371358589653878,3.611111111111111,1.1447521637192346,3.2222222222222223,1.2153699778283713
0003934.jpg,3.111111111111111,1.0226199851298272,2.8333333333333335,1.3394467690277294,3.0555555555555554,1.1099667309387473
0003935.jpg,2.888888888888889,1.1318329168362207,3.111111111111111,1.078609610939221,2.7222222222222223,1.3197840980097757
0003936.jpg,2.7777777777777777,1.0032626514091003,2.7222222222222223,1.1785113019775793,2.4444444444444446,1.0966377611066325
0003937.jpg,2.9444444444444446,1.1617543641469048,3.2222222222222223,1.165966176260275,3.111111111111111,1.1318329168362207
0003939.jpg,3.111111111111111,1.078609610939221,2.5,1.0981267472114393,3.111111111111111,1.0226199851298272
0003940.jpg,2.611111111111111,1.4199788270537859,2.2222222222222223,1.262842524557225,2.611111111111111,1.4199788270537859
0003942.jpg,3.8333333333333335,1.2947859237091257,3.888888888888889,1.1318329168362207,4.0,1.0846522890932808
0003943.jpg,3.611111111111111,1.1950332945836275,3.8333333333333335,1.0431851677040116,3.6666666666666665,1.1881770515720091
0003944.jpg,3.4444444444444446,0.9835244081556432,3.6666666666666665,0.970142500145332,3.1666666666666665,1.0431851677040116
0003946.jpg,3.6666666666666665,1.084652289093281,3.888888888888889,0.9633818428657449,3.4444444444444446,1.0966377611066325
0003949.jpg,2.9444444444444446,1.3920878193318216,3.0,1.4142135623730951,2.8333333333333335,1.3394467690277294
0003950.jpg,4.166666666666667,1.2004900959975617,4.333333333333333,1.1881770515720094,4.277777777777778,1.0740552924509195
0003951.jpg,2.9444444444444446,1.055641551364534,3.0555555555555554,1.1099667309387473,2.8333333333333335,1.0431851677040116
0003955.jpg,1.8333333333333333,1.1504474832710556,1.9444444444444444,0.9375953110592338,1.6666666666666667,0.8401680504168059
0003956.jpg,2.7222222222222223,1.0178151661369075,2.888888888888889,1.0786096109392207,3.0,0.90748521297303
0003958.jpg,2.888888888888889,1.078609610939221,3.0,1.2366938848016846,2.888888888888889,1.1826634392157036
0003959.jpg,3.2777777777777777,1.178511301977579,3.2777777777777777,1.0178151661369075,3.2222222222222223,1.0032626514091003
0003960.jpg,3.5555555555555554,1.1991282236408358,3.888888888888889,0.8323523637957304,3.5555555555555554,1.1991282236408358
0003961.jpg,3.388888888888889,1.0921586228732252,3.611111111111111,1.0369008625190792,3.2777777777777777,1.0740552924509195
0003964.jpg,3.1666666666666665,1.0981267472114393,2.9444444444444446,1.2589548523523144,2.888888888888889,1.278274981412284
0003965.jpg,3.8333333333333335,1.294785923709126,3.9444444444444446,1.2113299556429322,3.888888888888889,1.1826634392157036
0003969.jpg,3.888888888888889,1.1318329168362207,3.7777777777777777,1.114374293206496,3.8333333333333335,1.0981267472114393
0003970.jpg,3.1666666666666665,1.2947859237091257,3.5,1.0431851677040116,3.0555555555555554,1.3491706481792793
0003971.jpg,3.0555555555555554,1.1617543641469048,2.8333333333333335,1.200490095997562,2.888888888888889,1.1318329168362207
0003972.jpg,3.7777777777777777,1.4775000967674123,4.0,1.1881770515720091,3.8333333333333335,1.465284553774253
0003973.jpg,4.0,0.9701425001453318,3.7777777777777777,1.114374293206496,3.888888888888889,1.1826634392157036
0003974.jpg,4.5,0.7071067811865476,4.666666666666667,0.5940885257860047,4.388888888888889,1.0921586228732252
0003975.jpg,3.111111111111111,1.2313975269103987,3.3333333333333335,1.1881770515720091,3.2777777777777777,1.178511301977579
0003979.jpg,3.611111111111111,1.1447521637192346,3.888888888888889,1.0226199851298272,3.5,1.1504474832710556
0003981.jpg,3.611111111111111,1.3779306261410682,3.7222222222222223,1.0178151661369075,3.6666666666666665,1.3719886811400706
0003985.jpg,4.111111111111111,0.9633818428657449,4.111111111111111,0.8323523637957304,3.888888888888889,1.1826634392157036
0003987.jpg,3.0555555555555554,1.2589548523523142,3.2777777777777777,1.227410260553666,3.0555555555555554,1.1099667309387473
0003988.jpg,3.8333333333333335,1.1504474832710556,4.0,0.9701425001453319,3.9444444444444446,1.1617543641469046
0003989.jpg,4.388888888888889,0.8498365855987974,4.666666666666667,0.5940885257860047,4.5,0.8574929257125442
0003991.jpg,3.3333333333333335,1.0846522890932808,3.1666666666666665,1.2485285456935955,2.9444444444444446,1.3048426644944469
0003992.jpg,3.9444444444444446,1.1617543641469048,3.888888888888889,1.1318329168362207,3.888888888888889,1.1318329168362207
0003994.jpg,3.888888888888889,1.1318329168362207,4.277777777777778,0.751903901522118,4.111111111111111,1.078609610939221
0003995.jpg,2.1666666666666665,1.2947859237091257,2.0,1.0289915108550531,2.2222222222222223,1.2628425245572248
0003998.jpg,2.888888888888889,1.1826634392157036,3.111111111111111,1.1318329168362207,2.9444444444444446,1.055641551364534
0004001.jpg,3.0,1.137592917989042,3.111111111111111,1.078609610939221,2.9444444444444446,1.1099667309387473
0004002.jpg,3.888888888888889,1.1826634392157036,3.7222222222222223,1.1785113019775793,3.6666666666666665,1.2366938848016846
0004003.jpg,3.1666666666666665,0.985184366143778,3.0555555555555554,1.0556415513645343,3.111111111111111,1.0786096109392207
0004004.jpg,4.0,0.90748521297303,3.8333333333333335,1.0431851677040116,3.8333333333333335,0.9235481451827989
0004006.jpg,2.611111111111111,1.092158622873225,2.5555555555555554,1.293523333527109,2.4444444444444446,1.1991282236408358
0004007.jpg,3.2777777777777777,1.2274102605536659,3.2777777777777777,1.5264551613058026,2.9444444444444446,1.3920878193318216
0004008.jpg,3.7222222222222223,1.2744343869089327,3.5,1.294785923709126,3.388888888888889,1.2897281468629185
0004009.jpg,3.7777777777777777,1.2628425245572248,3.7222222222222223,1.0178151661369075,3.8333333333333335,1.0431851677040116
0004010.jpg,3.0555555555555554,1.055641551364534,3.2222222222222223,1.1659661762602749,2.9444444444444446,1.1617543641469046
0004011.jpg,1.7777777777777777,0.9428090415820635,2.1666666666666665,0.8574929257125442,2.0555555555555554,1.1099667309387473
0004013.jpg,4.0,1.028991510855053,4.0,1.028991510855053,3.8333333333333335,1.200490095997562
0004014.jpg,3.5555555555555554,1.247219128924647,3.8333333333333335,0.985184366143778,3.5,1.2004900959975617
0004015.jpg,3.388888888888889,1.0921586228732252,3.5555555555555554,0.8555852638929973,3.2777777777777777,1.0740552924509195
0004016.jpg,3.9444444444444446,1.1099667309387473,3.611111111111111,1.0921586228732252,3.5,1.1504474832710556
0004017.jpg,4.388888888888889,0.8498365855987975,4.333333333333333,1.0289915108550531,4.444444444444445,1.0416176459053668
0004021.jpg,4.222222222222222,0.9428090415820632,3.9444444444444446,0.9983646759294875,3.888888888888889,1.2313975269103985
0004022.jpg,3.7777777777777777,1.262842524557225,3.7777777777777777,1.2153699778283713,3.8333333333333335,1.1504474832710558
0004023.jpg,3.2222222222222223,1.114374293206496,3.388888888888889,1.2432826042324117,3.1666666666666665,1.2485285456935957
0004024.jpg,4.166666666666667,0.9235481451827989,4.055555555555555,1.2113299556429327,3.9444444444444446,0.9983646759294875
0004025.jpg,1.9444444444444444,0.9983646759294875,1.8888888888888888,1.0786096109392211,1.7222222222222223,0.8947924869885988
0004026.jpg,4.055555555555555,1.055641551364534,4.222222222222222,0.8084520834544434,4.055555555555555,1.109966730938747
0004027.jpg,3.1666666666666665,0.9851843661437778,3.2777777777777777,1.1274936053323583,3.0555555555555554,0.9375953110592339
0004029.jpg,3.8333333333333335,1.2485285456935955,3.888888888888889,1.2313975269103987,3.8333333333333335,1.2485285456935955
0004030.jpg,3.111111111111111,1.4095843729891318,3.0555555555555554,1.2589548523523144,2.9444444444444446,1.3491706481792793
0004031.jpg,2.888888888888889,1.1826634392157036,3.1666666666666665,1.0981267472114393,2.888888888888889,1.1318329168362207
0004032.jpg,2.888888888888889,1.2313975269103985,3.111111111111111,1.2313975269103987,3.0,1.2366938848016846
0004034.jpg,4.111111111111111,0.9633818428657449,3.9444444444444446,0.9983646759294874,3.7777777777777777,1.262842524557225
0004035.jpg,3.5,1.3826657968874305,3.7222222222222223,1.2274102605536659,3.388888888888889,1.3779306261410682
0004037.jpg,3.9444444444444446,1.1099667309387473,3.611111111111111,1.0369008625190794,3.7777777777777777,1.0032626514091005
0004038.jpg,3.111111111111111,1.4907119849998598,3.2222222222222223,1.262842524557225,3.0555555555555554,1.3048426644944466
0004039.jpg,4.222222222222222,0.8782037520219095,4.0,1.0289915108550531,4.055555555555555,0.9375953110592337
0004040.jpg,3.8333333333333335,1.2004900959975617,4.055555555555555,0.872604096080652,3.7777777777777777,1.114374293206496
0004042.jpg,3.888888888888889,1.2313975269103987,3.6666666666666665,1.3284223283101428,3.6666666666666665,1.414213562373095
0004043.jpg,3.7777777777777777,1.1659661762602749,3.7222222222222223,1.127493605332358,3.7222222222222223,1.1785113019775793
0004044.jpg,4.222222222222222,0.8782037520219094,4.222222222222222,1.0032626514091003,4.166666666666667,0.985184366143778
0004045.jpg,2.7777777777777777,1.2153699778283713,2.888888888888889,1.2782749814122842,2.7222222222222223,1.319784098009776
0004046.jpg,2.2777777777777777,1.0178151661369075,2.611111111111111,1.1447521637192346,2.0555555555555554,0.802365782965103
0004049.jpg,4.111111111111111,0.9002541398626663,4.277777777777778,0.6691131580686884,4.222222222222222,0.7320844981409595
0004051.jpg,3.888888888888889,1.2313975269103983,3.7222222222222223,1.127493605332358,3.6666666666666665,1.137592917989042
0004052.jpg,2.8333333333333335,1.465284553774253,3.0,1.1881770515720094,3.0,1.4950900031928038
0004056.jpg,3.7222222222222223,1.227410260553666,3.6666666666666665,1.1375929179890423,3.5555555555555554,1.1991282236408358
0004058.jpg,4.0,1.0289915108550531,3.888888888888889,1.1318329168362204,3.7777777777777777,1.2153699778283713
0004059.jpg,4.222222222222222,0.9428090415820632,3.888888888888889,0.9002541398626663,3.9444444444444446,1.2589548523523144
0004060.jpg,4.333333333333333,0.7669649888473704,4.444444444444445,0.7047921864945659,4.277777777777778,0.8264420947336314
0004061.jpg,3.1666666666666665,1.3394467690277294,3.2777777777777777,1.1274936053323583,3.111111111111111,1.078609610939221
0004063.jpg,3.6666666666666665,1.4552137502179976,3.7777777777777777,1.516790557318723,3.8333333333333335,1.3394467690277292
0004064.jpg,3.888888888888889,1.1826634392157036,4.0,1.1881770515720091,3.611111111111111,1.500544563459581
0004065.jpg,4.055555555555555,0.8726040960806521,4.0,1.0289915108550531,3.8333333333333335,0.985184366143778
0004066.jpg,3.3333333333333335,1.1375929179890418,3.611111111111111,1.0369008625190792,3.388888888888889,1.0369008625190792
0004069.jpg,4.055555555555555,1.055641551364534,3.9444444444444446,1.055641551364534,3.7777777777777777,1.3085940167422419
0004072.jpg,4.222222222222222,0.9428090415820632,4.277777777777778,0.8947924869885988,4.277777777777778,1.0178151661369075
0004074.jpg,3.5,1.4245742398014511,3.7777777777777777,1.165966176260275,3.5555555555555554,1.1991282236408358
0004075.jpg,2.7777777777777777,1.308594016742242,2.9444444444444446,1.1099667309387473,2.8333333333333335,1.2485285456935955
0004076.jpg,3.6666666666666665,1.3719886811400708,3.9444444444444446,1.2589548523523142,3.7777777777777777,1.3085940167422416
0004077.jpg,4.0,1.0846522890932808,4.166666666666667,0.9851843661437778,3.9444444444444446,1.1617543641469046
0004082.jpg,2.1666666666666665,1.1504474832710554,2.2777777777777777,1.0740552924509195,1.9444444444444444,1.0556415513645343
0004083.jpg,4.055555555555555,1.1617543641469048,3.888888888888889,0.9002541398626662,4.0,1.1375929179890423
0004085.jpg,4.055555555555555,0.9375953110592339,3.888888888888889,1.2313975269103985,3.9444444444444446,0.9983646759294874
0004086.jpg,4.055555555555555,0.872604096080652,3.9444444444444446,1.1099667309387473,3.9444444444444446,0.8023657829651026
0004088.jpg,2.6666666666666665,1.1881770515720091,2.5,1.3394467690277294,2.611111111111111,1.3345582608616182
0004090.jpg,4.055555555555555,0.9983646759294875,3.8333333333333335,1.0981267472114395,4.0,1.137592917989042
0004091.jpg,4.0,0.8401680504168055,3.9444444444444446,0.802365782965103,3.7222222222222223,1.0740552924509195
0004096.jpg,3.9444444444444446,0.8726040960806521,3.6666666666666665,1.0289915108550531,3.888888888888889,1.0226199851298272
0004097.jpg,4.111111111111111,1.2313975269103985,3.7222222222222223,1.1274936053323583,4.055555555555555,1.2589548523523144
0004100.jpg,4.166666666666667,1.1504474832710556,4.111111111111111,1.1318329168362207,4.166666666666667,1.0431851677040116
0004102.jpg,3.888888888888889,1.078609610939221,3.7777777777777777,1.0032626514091005,3.611111111111111,1.0921586228732252
0004103.jpg,3.8333333333333335,1.0431851677040116,3.7222222222222223,1.127493605332358,3.8333333333333335,0.9235481451827989
0004104.jpg,4.333333333333333,0.7669649888473704,4.333333333333333,0.7669649888473704,4.277777777777778,0.8947924869885986
0004108.jpg,4.0,1.0846522890932808,3.8333333333333335,1.0431851677040116,3.888888888888889,0.9633818428657449
0004109.jpg,4.222222222222222,0.8782037520219095,4.0,0.9701425001453318,4.055555555555555,1.1617543641469046
0004110.jpg,2.888888888888889,1.323493100445977,3.111111111111111,1.2782749814122842,3.111111111111111,1.323493100445977
0004111.jpg,4.166666666666667,0.9851843661437779,3.3333333333333335,1.2366938848016846,4.055555555555555,1.055641551364534
0004112.jpg,3.9444444444444446,1.1099667309387473,3.6666666666666665,0.9074852129730301,3.611111111111111,1.0369008625190792
0004113.jpg,3.7222222222222223,0.8947924869885988,3.4444444444444446,0.9217771979249535,3.5555555555555554,1.0966377611066325
0004114.jpg,4.111111111111111,1.1826634392157036,4.0,1.1881770515720091,4.055555555555555,1.1099667309387473
0004115.jpg,3.8333333333333335,1.294785923709126,3.888888888888889,1.078609610939221,4.111111111111111,0.9633818428657448
0004118.jpg,4.055555555555555,1.3048426644944466,3.8333333333333335,1.4245742398014511,4.166666666666667,0.985184366143778
0004122.jpg,2.611111111111111,1.0921586228732254,2.7222222222222223,1.2744343869089327,2.5,1.0981267472114393
0004125.jpg,2.7222222222222223,1.274434386908933,2.7777777777777777,1.262842524557225,2.6666666666666665,1.2833778958394957
0004126.jpg,2.888888888888889,1.2313975269103985,3.2222222222222223,1.0032626514091005,3.0,1.0846522890932808
0004127.jpg,2.4444444444444446,0.9835244081556432,2.6666666666666665,0.9074852129730302,2.5,1.0431851677040116
0004129.jpg,2.7777777777777777,1.0032626514091005,3.2222222222222223,1.114374293206496,3.0555555555555554,0.9983646759294876
0004130.jpg,2.7777777777777777,1.2153699778283713,3.1666666666666665,1.2947859237091257,2.5555555555555554,1.1991282236408356
0004133.jpg,3.5,1.2947859237091257,3.6666666666666665,0.9701425001453318,3.7222222222222223,1.0178151661369073
0004134.jpg,3.6666666666666665,1.137592917989042,3.5,0.9235481451827989,3.5555555555555554,0.9835244081556432
0004135.jpg,3.2777777777777777,1.1785113019775793,3.388888888888889,1.0921586228732252,3.1666666666666665,1.0431851677040116
0004137.jpg,3.611111111111111,1.0921586228732252,3.6666666666666665,0.9074852129730301,3.5,1.0981267472114393
0004139.jpg,2.5,1.2947859237091257,2.7777777777777777,1.262842524557225,2.4444444444444446,1.3814835257889049
0004142.jpg,2.888888888888889,1.278274981412284,3.1666666666666665,1.200490095997562,2.9444444444444446,1.3048426644944469
0004143.jpg,2.8333333333333335,1.1504474832710556,3.2222222222222223,1.1659661762602749,2.8333333333333335,1.1504474832710556
0004144.jpg,2.0555555555555554,0.8726040960806521,2.3333333333333335,0.9074852129730301,2.1666666666666665,1.0431851677040116
0004146.jpg,2.0555555555555554,0.8726040960806521,2.3333333333333335,1.0846522890932806,2.0,1.137592917989042
0004148.jpg,2.4444444444444446,1.1991282236408356,2.611111111111111,1.2432826042324119,2.611111111111111,1.0369008625190792
0004149.jpg,4.111111111111111,0.9633818428657448,4.166666666666667,0.8574929257125442,4.333333333333333,0.8401680504168058
0004150.jpg,2.2777777777777777,1.127493605332358,3.0,1.2366938848016849,2.5,1.1504474832710556
0004152.jpg,4.222222222222222,1.114374293206496,4.388888888888889,0.6978023391872253,4.222222222222222,1.0032626514091005
0004153.jpg,3.2222222222222223,1.437135858965388,3.5,1.0981267472114393,3.5555555555555554,1.247219128924647
0004154.jpg,3.9444444444444446,1.2589548523523144,4.055555555555555,1.2113299556429322,4.0,1.0846522890932808
0004159.jpg,2.7777777777777777,1.114374293206496,2.9444444444444446,1.2589548523523144,2.7777777777777777,1.165966176260275
0004160.jpg,3.0,1.328422328310143,3.2777777777777777,1.0740552924509195,2.9444444444444446,1.2589548523523144
0004162.jpg,3.4444444444444446,1.1991282236408358,3.388888888888889,1.1447521637192346,3.2222222222222223,1.2153699778283713
0004163.jpg,3.2777777777777777,1.2744343869089327,3.5,1.2947859237091257,3.1666666666666665,1.0981267472114393
0004164.jpg,2.7222222222222223,1.0178151661369075,2.9444444444444446,1.2589548523523144,2.611111111111111,0.8498365855987975
0004165.jpg,3.9444444444444446,1.3491706481792793,4.0,1.2833778958394957,4.0,1.2366938848016846
0004169.jpg,3.8333333333333335,1.1504474832710556,3.888888888888889,1.022619985129827,3.7222222222222223,1.274434386908933
0004170.jpg,3.2222222222222223,1.114374293206496,3.2222222222222223,1.3085940167422419,3.2222222222222223,1.1659661762602749
0004171.jpg,3.4444444444444446,1.3814835257889049,3.611111111111111,1.0921586228732254,3.3333333333333335,1.4552137502179978
0004173.jpg,3.6666666666666665,1.1881770515720091,3.5555555555555554,1.247219128924647,3.388888888888889,1.1950332945836273
0004175.jpg,3.4444444444444446,1.0966377611066325,3.611111111111111,1.0369008625190792,3.5,1.0431851677040116
0004176.jpg,2.5,0.857492925712544,3.0555555555555554,1.1099667309387475,2.611111111111111,0.8498365855987974
0004177.jpg,3.0555555555555554,1.1617543641469048,3.388888888888889,1.1950332945836275,3.0555555555555554,1.1617543641469048
0004180.jpg,3.1666666666666665,0.9851843661437778,3.2222222222222223,1.0602749674192764,2.9444444444444446,1.055641551364534
0004182.jpg,3.0555555555555554,1.1617543641469048,3.3333333333333335,1.1881770515720091,3.111111111111111,1.078609610939221
0004184.jpg,3.4444444444444446,1.464168996281919,3.4444444444444446,1.1991282236408358,3.5,1.2004900959975617
0004187.jpg,2.8333333333333335,1.2485285456935955,3.3333333333333335,1.3284223283101428,2.9444444444444446,1.1617543641469046
0004188.jpg,3.4444444444444446,1.1490262999202832,3.2777777777777777,1.2274102605536659,3.3333333333333335,1.0846522890932808
0004189.jpg,4.333333333333333,0.90748521297303,4.111111111111111,1.0786096109392211,4.166666666666667,1.2004900959975617
0004190.jpg,4.055555555555555,1.2589548523523144,4.0,1.2833778958394957,3.888888888888889,1.3234931004459767
0004192.jpg,3.0,1.1375929179890423,3.388888888888889,1.2432826042324119,3.0,1.084652289093281
0004193.jpg,4.277777777777778,1.0178151661369075,4.388888888888889,0.7775443160352296,4.277777777777778,1.0178151661369075
0004194.jpg,4.166666666666667,1.0981267472114393,3.7777777777777777,1.0602749674192764,3.888888888888889,1.0226199851298274
0004196.jpg,4.277777777777778,1.0740552924509195,4.5,0.8574929257125442,4.277777777777778,1.1785113019775793
0004198.jpg,2.8333333333333335,1.2947859237091257,3.0,1.283377895839496,2.888888888888889,1.1826634392157036
0004199.jpg,4.5,0.7071067811865476,4.222222222222222,1.1659661762602749,4.055555555555555,1.1617543641469048
0004200.jpg,4.0,0.9701425001453318,3.8333333333333335,1.1504474832710556,3.7777777777777777,1.0602749674192764
0004201.jpg,3.8333333333333335,1.2485285456935955,3.6666666666666665,1.188177051572009,3.611111111111111,1.3779306261410682
0004203.jpg,3.4444444444444446,1.0966377611066325,3.4444444444444446,1.0966377611066325,3.5,1.0981267472114393
0004204.jpg,1.7777777777777777,0.8782037520219095,2.1666666666666665,0.7071067811865476,2.0,0.9074852129730301
0004207.jpg,3.2777777777777777,1.227410260553666,3.2777777777777777,1.2274102605536659,3.2222222222222223,1.1659661762602749
0004208.jpg,3.2777777777777777,1.2274102605536659,3.4444444444444446,1.1991282236408356,3.111111111111111,1.1318329168362207
0004210.jpg,3.4444444444444446,1.293523333527109,3.611111111111111,1.0369008625190794,3.388888888888889,1.0369008625190792
0004211.jpg,3.8333333333333335,1.200490095997562,3.8333333333333335,0.9235481451827989,3.888888888888889,0.9633818428657449
0004212.jpg,4.166666666666667,1.0981267472114393,4.222222222222222,0.8782037520219096,4.055555555555555,1.1099667309387473
0004213.jpg,4.111111111111111,1.3234931004459767,4.055555555555555,1.2589548523523146,4.055555555555555,1.1617543641469046
0004214.jpg,4.277777777777778,0.9582800496696002,4.0,1.028991510855053,4.0,1.0846522890932808
0004215.jpg,4.333333333333333,0.840168050416806,4.222222222222222,1.114374293206496,4.333333333333333,0.9701425001453319
0004216.jpg,4.0,1.0846522890932808,4.166666666666667,0.9235481451827988,4.111111111111111,1.0226199851298272
0004217.jpg,3.2777777777777777,1.3197840980097755,3.4444444444444446,1.247219128924647,3.388888888888889,1.1950332945836273
0004220.jpg,3.1666666666666665,1.0431851677040116,3.3333333333333335,1.0289915108550531,3.2222222222222223,1.1143742932064957
0004221.jpg,3.0555555555555554,1.2113299556429324,3.1666666666666665,1.1504474832710556,3.111111111111111,1.1318329168362207
0004222.jpg,2.8333333333333335,1.200490095997562,2.7222222222222223,1.3197840980097757,2.6666666666666665,1.2366938848016846
0004223.jpg,2.5555555555555554,1.1490262999202832,2.7777777777777777,1.0032626514091005,2.6666666666666665,1.0289915108550531
0004224.jpg,3.7777777777777777,1.3956046783744507,3.5,1.0431851677040116,3.611111111111111,1.2432826042324119
0004226.jpg,2.1666666666666665,0.9235481451827989,2.2777777777777777,1.0740552924509195,2.1666666666666665,0.9235481451827989
0004230.jpg,3.1666666666666665,1.0431851677040116,3.2222222222222223,1.0602749674192766,3.2222222222222223,0.8782037520219095
0004231.jpg,3.6666666666666665,1.137592917989042,3.4444444444444446,1.2472191289246473,3.388888888888889,1.0921586228732252
0004232.jpg,4.0,1.2366938848016846,4.055555555555555,0.9983646759294876,3.9444444444444446,1.055641551364534
0004233.jpg,4.5,0.9851843661437779,4.666666666666667,0.5940885257860045,4.611111111111111,0.8498365855987975
0004234.jpg,3.388888888888889,1.0369008625190794,3.388888888888889,1.1447521637192346,3.3333333333333335,1.0289915108550531
0004235.jpg,3.8333333333333335,1.2485285456935955,3.7777777777777777,1.1659661762602749,3.888888888888889,1.1826634392157038
0004236.jpg,3.2222222222222223,1.3085940167422419,3.388888888888889,1.1950332945836273,3.3333333333333335,1.1881770515720091
0004237.jpg,3.8333333333333335,1.1504474832710556,3.7777777777777777,1.2153699778283713,3.7777777777777777,1.2153699778283713
0004241.jpg,3.388888888888889,1.5769997160986313,3.5555555555555554,1.1991282236408356,3.388888888888889,1.4199788270537859
0004242.jpg,3.2777777777777777,1.274434386908933,3.111111111111111,1.078609610939221,3.1666666666666665,1.200490095997562
0004244.jpg,4.166666666666667,1.2485285456935953,4.111111111111111,1.1318329168362204,4.166666666666667,0.985184366143778
0004245.jpg,3.7777777777777777,0.9428090415820634,3.7777777777777777,1.1143742932064957,3.7777777777777777,1.0032626514091005
0004251.jpg,3.0,1.1375929179890423,3.3333333333333335,1.1881770515720091,3.1666666666666665,1.098126747211439
0004252.jpg,3.0555555555555554,1.0556415513645339,3.2222222222222223,1.1659661762602749,2.9444444444444446,1.1617543641469048
0004253.jpg,3.6666666666666665,0.9074852129730301,3.6666666666666665,0.8401680504168059,3.5555555555555554,0.9835244081556432
0004258.jpg,4.111111111111111,0.8323523637957304,3.7222222222222223,0.8264420947336314,3.8333333333333335,1.0431851677040116
0004259.jpg,4.111111111111111,0.8323523637957304,3.8333333333333335,0.9235481451827989,3.9444444444444446,0.9983646759294875
0004263.jpg,4.0,1.0846522890932808,3.6666666666666665,1.0289915108550531,3.9444444444444446,1.2113299556429322
0004264.jpg,2.7777777777777777,0.9428090415820634,3.0,0.9701425001453319,2.888888888888889,0.9002541398626663
0004265.jpg,3.611111111111111,1.1447521637192346,3.611111111111111,1.0921586228732254,3.388888888888889,1.1447521637192346
0004268.jpg,3.9444444444444446,1.3491706481792793,4.055555555555555,1.055641551364534,4.055555555555555,1.109966730938747
0004270.jpg,4.333333333333333,1.0289915108550531,4.555555555555555,0.783823376129674,4.277777777777778,1.1785113019775793
0004272.jpg,3.888888888888889,0.9002541398626662,3.6666666666666665,1.2833778958394957,3.8333333333333335,0.9235481451827989
0004273.jpg,4.222222222222222,0.8084520834544434,4.222222222222222,1.114374293206496,4.222222222222222,0.8782037520219095
0004274.jpg,4.055555555555555,1.2113299556429322,4.111111111111111,1.0226199851298272,3.9444444444444446,1.3048426644944466
0004276.jpg,3.4444444444444446,1.1991282236408358,3.611111111111111,1.1950332945836273,3.3333333333333335,1.1881770515720091
0004278.jpg,3.9444444444444446,1.055641551364534,3.8333333333333335,1.0981267472114393,3.888888888888889,1.1826634392157036
0004280.jpg,3.9444444444444446,1.055641551364534,3.888888888888889,1.0226199851298272,3.888888888888889,1.1318329168362207
0004283.jpg,3.4444444444444446,1.0966377611066325,3.6666666666666665,0.9701425001453319,3.5,0.8574929257125442
0004285.jpg,3.7777777777777777,1.0602749674192764,3.611111111111111,1.1447521637192346,3.4444444444444446,1.1490262999202832
0004289.jpg,3.9444444444444446,1.3048426644944466,3.6666666666666665,1.3284223283101428,3.8333333333333335,1.200490095997562
0004290.jpg,3.9444444444444446,1.055641551364534,3.5,1.0431851677040118,3.7777777777777777,1.0032626514091005
0004291.jpg,3.9444444444444446,1.2113299556429322,3.888888888888889,0.8323523637957304,3.9444444444444446,0.9983646759294875
0004294.jpg,2.9444444444444446,1.4741786236338814,3.0555555555555554,1.1099667309387475,3.111111111111111,1.323493100445977
0004295.jpg,3.9444444444444446,1.2113299556429322,3.888888888888889,1.1826634392157036,3.8333333333333335,1.200490095997562
0004296.jpg,3.888888888888889,1.367216532138064,4.0,1.137592917989042,3.8333333333333335,1.200490095997562
0004297.jpg,3.7777777777777777,1.516790557318723,4.0,1.283377895839496,3.9444444444444446,1.2589548523523144
0004298.jpg,3.5555555555555554,0.9217771979249535,3.111111111111111,1.367216532138064,3.4444444444444446,1.1490262999202832
0004301.jpg,4.055555555555555,1.3048426644944466,4.166666666666667,1.0431851677040116,3.9444444444444446,1.2589548523523144
0004302.jpg,3.888888888888889,1.0226199851298272,3.611111111111111,1.2432826042324119,3.6666666666666665,1.1881770515720091
0004303.jpg,3.8333333333333335,1.1504474832710556,3.9444444444444446,1.0556415513645339,3.7777777777777777,1.2628425245572248
0004304.jpg,2.5555555555555554,0.8555852638929973,2.7222222222222223,0.9582800496696001,2.611111111111111,0.9164438231805326
0004306.jpg,2.2777777777777777,0.8947924869885989,2.6666666666666665,1.0846522890932808,2.1666666666666665,0.9235481451827987
0004307.jpg,2.4444444444444446,1.0966377611066325,2.6666666666666665,0.9701425001453319,2.388888888888889,1.1447521637192346
0004308.jpg,2.8333333333333335,1.0981267472114395,2.6666666666666665,0.9074852129730301,2.7222222222222223,1.1785113019775793
0004309.jpg,3.7777777777777777,1.308594016742242,3.9444444444444446,1.1099667309387473,3.6666666666666665,1.2366938848016846
0004312.jpg,3.111111111111111,1.1318329168362204,3.0555555555555554,1.2589548523523144,3.0,1.1375929179890423
0004313.jpg,3.4444444444444446,1.3382263161373769,3.2222222222222223,1.3527990831890464,3.2222222222222223,1.3956046783744507
0004314.jpg,3.8333333333333335,1.3826657968874305,4.0,1.2366938848016846,3.888888888888889,1.278274981412284
0004315.jpg,3.5,1.2947859237091257,3.4444444444444446,1.1991282236408358,3.4444444444444446,1.2935233335271092
0004316.jpg,4.333333333333333,1.0846522890932808,4.333333333333333,1.0846522890932808,4.166666666666667,1.3394467690277294
0004317.jpg,3.4444444444444446,1.247219128924647,3.388888888888889,1.1950332945836273,3.2777777777777777,1.127493605332358
0004319.jpg,3.2222222222222223,1.2153699778283713,3.4444444444444446,1.1991282236408358,3.388888888888889,1.0921586228732252
0004322.jpg,2.7777777777777777,1.0032626514091005,2.9444444444444446,0.9375953110592338,2.888888888888889,0.8323523637957304
0004323.jpg,4.0,1.1881770515720091,3.9444444444444446,1.2589548523523144,4.166666666666667,0.985184366143778
0004324.jpg,4.055555555555555,1.1617543641469048,4.388888888888889,0.8498365855987975,3.888888888888889,1.367216532138064
0004326.jpg,4.055555555555555,1.2589548523523144,3.9444444444444446,1.2589548523523144,4.0,1.1881770515720091
0004327.jpg,4.055555555555555,0.872604096080652,4.166666666666667,1.0431851677040116,3.9444444444444446,0.9983646759294875
0004328.jpg,4.277777777777778,0.9582800496696001,4.166666666666667,1.294785923709126,4.333333333333333,0.9701425001453319
0004329.jpg,3.5,0.9235481451827988,3.388888888888889,1.0369008625190792,3.388888888888889,1.1950332945836273
0004330.jpg,3.111111111111111,1.0226199851298272,3.388888888888889,0.9785276387866012,3.1666666666666665,0.985184366143778
0004331.jpg,3.8333333333333335,1.2947859237091257,3.7777777777777777,1.0032626514091005,3.7777777777777777,1.3085940167422419
0004334.jpg,2.5555555555555554,1.1991282236408358,2.6666666666666665,1.2366938848016846,2.5555555555555554,1.1991282236408358
0004335.jpg,3.888888888888889,1.0786096109392211,3.7777777777777777,1.3085940167422419,3.7222222222222223,1.1785113019775793
0004337.jpg,4.0,1.2366938848016846,3.9444444444444446,1.3048426644944466,3.8333333333333335,1.2947859237091257
0004338.jpg,3.5555555555555554,1.3814835257889049,3.9444444444444446,0.9983646759294875,3.611111111111111,1.2432826042324119
0004339.jpg,2.611111111111111,0.8498365855987975,2.8333333333333335,0.9851843661437781,2.6666666666666665,0.7669649888473704
0004341.jpg,3.4444444444444446,1.4234267774809046,3.5,0.985184366143778,3.388888888888889,1.1950332945836273
0004342.jpg,3.7777777777777777,1.2153699778283715,4.0,0.8401680504168059,3.7777777777777777,0.9428090415820632
0004343.jpg,3.9444444444444446,1.2113299556429322,4.222222222222222,0.9428090415820635,4.055555555555555,1.1617543641469048
0004347.jpg,4.166666666666667,1.2485285456935955,4.166666666666667,1.200490095997562,4.222222222222222,1.0032626514091005
0004348.jpg,2.7222222222222223,1.1785113019775793,2.9444444444444446,1.161754364146905,2.8333333333333335,1.200490095997562
0004349.jpg,3.9444444444444446,1.055641551364534,4.0,1.0289915108550531,3.7777777777777777,1.3085940167422419
0004350.jpg,3.9444444444444446,1.2589548523523144,4.055555555555555,1.2113299556429324,3.8333333333333335,1.200490095997562
0004351.jpg,3.0555555555555554,0.9983646759294874,3.2222222222222223,1.2153699778283713,3.0,1.0289915108550531
0004352.jpg,4.055555555555555,1.055641551364534,3.6666666666666665,1.0846522890932808,3.9444444444444446,1.0556415513645339
0004354.jpg,3.888888888888889,1.367216532138064,3.888888888888889,1.1826634392157036,4.111111111111111,1.1318329168362207
0004355.jpg,4.0,1.1881770515720091,4.055555555555555,1.1617543641469048,4.111111111111111,1.0226199851298272
0004356.jpg,3.888888888888889,1.278274981412284,3.888888888888889,1.2313975269103985,3.9444444444444446,1.2113299556429322
0004358.jpg,4.166666666666667,0.9851843661437779,4.277777777777778,1.1785113019775795,4.277777777777778,0.8947924869885988
0004359.jpg,1.6666666666666667,0.970142500145332,2.0,0.9701425001453319,1.6111111111111112,0.8498365855987975
0004360.jpg,3.9444444444444446,0.802365782965103,3.9444444444444446,0.9983646759294875,3.7222222222222223,1.1785113019775793
0004362.jpg,4.055555555555555,1.1099667309387473,4.0,1.137592917989042,3.9444444444444446,1.0556415513645339
0004363.jpg,4.166666666666667,1.0431851677040116,3.7222222222222223,1.0740552924509195,3.8333333333333335,1.200490095997562
0004364.jpg,3.888888888888889,1.1826634392157038,3.4444444444444446,1.3814835257889049,3.9444444444444446,1.055641551364534
0004368.jpg,3.9444444444444446,1.4337208778404378,3.9444444444444446,1.3048426644944469,4.111111111111111,1.1318329168362204
0004370.jpg,4.0,1.1375929179890423,4.055555555555555,1.3920878193318216,4.111111111111111,1.0226199851298272
0004372.jpg,4.0,1.2366938848016846,4.111111111111111,1.1318329168362207,4.111111111111111,1.1318329168362204
0004373.jpg,4.0,1.1375929179890423,4.222222222222222,1.0602749674192764,4.166666666666667,0.9851843661437781
0004375.jpg,4.055555555555555,1.1617543641469048,3.9444444444444446,1.1099667309387475,4.0,1.028991510855053
0004376.jpg,3.9444444444444446,1.5135553089341052,4.055555555555555,1.1617543641469048,4.111111111111111,1.1826634392157036
0004377.jpg,4.166666666666667,1.0431851677040116,4.111111111111111,1.1318329168362207,4.222222222222222,1.0602749674192764
0004379.jpg,4.055555555555555,1.1617543641469048,3.9444444444444446,1.4337208778404378,4.055555555555555,1.1617543641469048
0004381.jpg,3.9444444444444446,1.3491706481792793,4.0,1.3284223283101428,3.9444444444444446,1.3048426644944466
0004383.jpg,4.055555555555555,1.1617543641469048,4.0,1.2833778958394957,3.888888888888889,1.4095843729891315
0004385.jpg,3.111111111111111,0.9002541398626663,3.0,1.1375929179890423,2.9444444444444446,0.9375953110592338
0004386.jpg,2.7222222222222223,0.9582800496696001,2.8333333333333335,1.2485285456935955,2.7222222222222223,0.9582800496696001
0004388.jpg,2.6666666666666665,1.2366938848016846,2.7777777777777777,1.3527990831890464,2.7222222222222223,1.1274936053323583
0004389.jpg,3.5555555555555554,1.3814835257889049,3.611111111111111,1.3779306261410682,3.7222222222222223,1.3197840980097757
0004390.jpg,3.6666666666666665,1.137592917989042,3.5555555555555554,1.247219128924647,3.7222222222222223,1.2274102605536659
0004393.jpg,3.111111111111111,1.1318329168362207,3.0555555555555554,1.1099667309387473,3.0,1.1375929179890423
0004395.jpg,2.1666666666666665,0.985184366143778,2.4444444444444446,1.1490262999202832,2.4444444444444446,1.0416176459053668
0004397.jpg,2.3333333333333335,0.8401680504168059,2.388888888888889,1.0921586228732252,2.388888888888889,0.7775443160352293
0004400.jpg,2.7777777777777777,1.0602749674192766,2.7222222222222223,1.178511301977579,2.5,0.9235481451827987
0004401.jpg,3.0555555555555554,1.2589548523523144,3.1666666666666665,1.5048939771136507,3.111111111111111,1.2313975269103985
0004402.jpg,3.8333333333333335,1.200490095997562,3.7777777777777777,1.1659661762602749,3.9444444444444446,0.9983646759294875
0004403.jpg,3.5,1.0431851677040118,3.2777777777777777,1.1785113019775793,3.3333333333333335,0.9074852129730301
0004405.jpg,2.888888888888889,1.0786096109392211,3.1666666666666665,0.985184366143778,3.0,0.9701425001453318
0004407.jpg,2.4444444444444446,0.9835244081556432,2.3333333333333335,1.1881770515720091,2.3333333333333335,0.9701425001453319
0004408.jpg,2.888888888888889,1.1318329168362204,2.888888888888889,1.078609610939221,2.7777777777777777,1.0032626514091005
0004409.jpg,2.388888888888889,1.092158622873225,2.4444444444444446,1.1490262999202832,2.5,1.200490095997562
0004410.jpg,3.0,1.0289915108550531,2.9444444444444446,1.2113299556429322,2.7777777777777777,1.114374293206496
0004411.jpg,3.0,1.1881770515720091,3.111111111111111,1.1826634392157036,3.1666666666666665,0.985184366143778
0004413.jpg,3.1666666666666665,1.1504474832710556,3.0,1.0846522890932808,3.2222222222222223,1.0602749674192766
0004414.jpg,2.4444444444444446,0.9835244081556432,2.388888888888889,1.1950332945836275,2.4444444444444446,0.9835244081556431
0004415.jpg,2.7777777777777777,1.114374293206496,2.7777777777777777,1.3085940167422419,2.5,1.1504474832710556
0004416.jpg,2.4444444444444446,1.1490262999202832,2.8333333333333335,1.200490095997562,2.2777777777777777,1.0178151661369075
0004417.jpg,3.0555555555555554,1.3048426644944466,3.0,1.137592917989042,2.9444444444444446,1.161754364146905
0004418.jpg,3.5555555555555554,1.1490262999202834,3.5,1.0431851677040116,3.5555555555555554,1.0416176459053668
0004422.jpg,2.9444444444444446,1.2113299556429322,3.111111111111111,1.1318329168362204,3.0555555555555554,0.9983646759294874
0004423.jpg,3.5555555555555554,0.9835244081556432,3.3333333333333335,1.0846522890932808,3.3333333333333335,0.9074852129730301
0004424.jpg,4.166666666666667,1.0981267472114393,4.166666666666667,1.0431851677040116,4.0,1.0846522890932808
0004426.jpg,3.0555555555555554,0.9983646759294876,2.5555555555555554,1.3382263161373769,2.7777777777777777,1.2153699778283713
0004427.jpg,2.4444444444444446,0.7047921864945658,2.0555555555555554,1.1617543641469048,2.5555555555555554,1.0966377611066325
0004429.jpg,2.7777777777777777,0.9428090415820634,2.6666666666666665,1.084652289093281,2.5555555555555554,0.9217771979249536
0004431.jpg,3.2222222222222223,1.2153699778283715,3.5,0.9851843661437781,3.2222222222222223,1.114374293206496
0004433.jpg,3.9444444444444446,0.9375953110592338,4.222222222222222,0.8782037520219095,3.9444444444444446,0.9983646759294875
0004435.jpg,4.0,1.0846522890932808,3.888888888888889,1.0226199851298272,3.888888888888889,1.0226199851298272
0004436.jpg,3.6666666666666665,1.0289915108550531,3.388888888888889,1.1447521637192346,3.4444444444444446,1.0966377611066322
0004437.jpg,3.5555555555555554,1.0966377611066325,3.5555555555555554,1.0416176459053665,3.5555555555555554,1.0966377611066325
0004440.jpg,2.6666666666666665,1.1881770515720091,2.5555555555555554,1.3814835257889049,2.8333333333333335,1.0431851677040118
0004441.jpg,2.6666666666666665,1.137592917989042,2.6666666666666665,1.2833778958394957,2.5,1.1504474832710554
0004443.jpg,3.388888888888889,1.2432826042324119,3.6666666666666665,1.028991510855053,3.4444444444444446,1.1490262999202832
0004444.jpg,2.2777777777777777,0.8264420947336312,2.5,1.0981267472114393,2.111111111111111,0.9633818428657447
0004445.jpg,2.388888888888889,1.1447521637192346,2.7222222222222223,1.227410260553666,2.5,1.0981267472114393
0004447.jpg,3.2777777777777777,0.9582800496696001,3.3333333333333335,1.137592917989042,3.388888888888889,0.9164438231805326
0004449.jpg,3.0,1.0846522890932808,3.111111111111111,1.078609610939221,3.111111111111111,1.0226199851298272
0004452.jpg,2.611111111111111,1.2432826042324119,2.611111111111111,1.1447521637192346,2.5,1.1504474832710556
0004453.jpg,3.1666666666666665,0.7859052479933757,3.0555555555555554,1.0556415513645343,3.1666666666666665,0.985184366143778
0004454.jpg,2.6666666666666665,1.137592917989042,2.8333333333333335,1.2004900959975617,2.888888888888889,1.078609610939221
0004456.jpg,3.7777777777777777,1.0032626514091005,3.5555555555555554,1.0416176459053665,3.3333333333333335,0.9074852129730301
0004459.jpg,3.5,0.985184366143778,3.4444444444444446,0.9835244081556432,3.388888888888889,1.0369008625190794
0004460.jpg,1.6111111111111112,0.9164438231805327,1.7222222222222223,1.0178151661369075,1.5555555555555556,0.7838233761296739
0004461.jpg,2.388888888888889,1.0921586228732252,2.611111111111111,1.2897281468629185,2.4444444444444446,1.0966377611066325
0004462.jpg,3.111111111111111,1.0226199851298272,3.111111111111111,1.2313975269103985,3.111111111111111,1.0226199851298272
0004466.jpg,4.055555555555555,1.1617543641469048,4.111111111111111,1.078609610939221,4.0,1.2833778958394957
0004467.jpg,2.8333333333333335,1.3394467690277294,2.9444444444444446,1.4741786236338814,2.9444444444444446,1.3920878193318216
0004468.jpg,2.5555555555555554,1.293523333527109,2.7222222222222223,1.227410260553666,2.611111111111111,1.2432826042324119
0004470.jpg,3.6666666666666665,1.137592917989042,3.5555555555555554,0.9217771979249535,3.6666666666666665,0.9701425001453318
0004471.jpg,3.3333333333333335,1.2366938848016846,2.5,1.200490095997562,3.2777777777777777,1.0740552924509195
0004474.jpg,3.4444444444444446,1.1490262999202834,3.5555555555555554,1.293523333527109,3.388888888888889,1.2432826042324117
0004475.jpg,3.0,1.1881770515720091,2.888888888888889,1.3234931004459767,3.0,0.970142500145332
0004476.jpg,3.111111111111111,1.1318329168362207,3.0555555555555554,1.2589548523523144,2.9444444444444446,1.055641551364534
0004477.jpg,3.7222222222222223,1.0740552924509195,3.5555555555555554,1.1490262999202834,3.5555555555555554,1.247219128924647
0004478.jpg,2.611111111111111,1.0369008625190792,2.9444444444444446,1.2113299556429324,2.4444444444444446,1.247219128924647
0004479.jpg,3.611111111111111,1.0921586228732252,3.5,0.985184366143778,3.5,1.0431851677040116
0004481.jpg,3.5555555555555554,1.1490262999202832,3.1666666666666665,1.0431851677040116,3.3333333333333335,1.137592917989042
0004482.jpg,2.388888888888889,0.9164438231805326,2.6666666666666665,1.1881770515720091,2.388888888888889,0.8498365855987975
0004483.jpg,2.611111111111111,1.2432826042324119,2.2777777777777777,1.3636264606493256,2.5555555555555554,1.1991282236408356
0004486.jpg,1.8333333333333333,0.7859052479933757,2.2222222222222223,1.0032626514091003,1.8333333333333333,0.8574929257125442
0004487.jpg,2.0,1.0846522890932808,1.8888888888888888,1.078609610939221,1.8888888888888888,0.7583952786593614
0004489.jpg,2.611111111111111,1.1447521637192346,2.4444444444444446,1.247219128924647,2.4444444444444446,1.0416176459053668
0004491.jpg,3.2222222222222223,1.0602749674192764,3.111111111111111,1.1318329168362204,3.1666666666666665,0.9851843661437779
0004492.jpg,2.388888888888889,0.8498365855987974,2.4444444444444446,1.1490262999202832,2.388888888888889,0.9164438231805327
0004493.jpg,2.5555555555555554,1.0416176459053668,2.7222222222222223,1.2744343869089327,2.7777777777777777,1.0032626514091003
0004494.jpg,2.5,0.985184366143778,2.2777777777777777,1.127493605332358,2.388888888888889,0.8498365855987974
0004495.jpg,3.611111111111111,0.9164438231805327,3.2777777777777777,1.0178151661369075,3.4444444444444446,0.9217771979249536
0004497.jpg,3.0,1.1375929179890423,3.0,1.1881770515720094,2.7777777777777777,1.0602749674192764
0004498.jpg,1.6666666666666667,0.6859943405700353,1.5555555555555556,0.8555852638929972,1.7222222222222223,0.8947924869885988
0004501.jpg,2.5294117647058822,1.4194033543545477,2.823529411764706,1.2862393885688164,2.4705882352941178,1.1788578719900635
0004502.jpg,3.0588235294117645,1.0880365478290537,2.8823529411764706,1.21872643265298,2.8823529411764706,1.1663164740528442
0004503.jpg,2.411764705882353,1.0036697371030325,2.5294117647058822,1.3284223283101428,2.176470588235294,0.8828430011649195
0004505.jpg,3.4705882352941178,1.280510008689093,3.411764705882353,1.121317502394603,3.4705882352941178,1.007326105267277
0004506.jpg,3.0,0.7905694150420949,2.7058823529411766,1.1048023512348795,3.1176470588235294,0.781213234429025
0004507.jpg,3.411764705882353,1.1757350641945108,3.411764705882353,1.1757350641945106,3.2941176470588234,1.1048023512348795
0004508.jpg,2.764705882352941,0.8313702367707393,3.0588235294117645,1.0880365478290537,2.764705882352941,1.0914103126634984
0004509.jpg,2.823529411764706,1.0744355563298726,2.7058823529411766,1.3585242858683528,2.764705882352941,0.9701425001453319
0004514.jpg,3.176470588235294,1.1311108542958477,3.588235294117647,0.9393364366277243,2.9411764705882355,0.9663454503498036
0004515.jpg,2.2941176470588234,0.9851843661437779,2.823529411764706,1.1311108542958477,2.2941176470588234,0.985184366143778
0004516.jpg,3.176470588235294,1.1311108542958477,3.0588235294117645,1.0289915108550531,2.823529411764706,1.1850788010532813
0004517.jpg,2.823529411764706,1.0744355563298724,2.9411764705882355,1.0880365478290537,2.5294117647058822,0.9432422182837986
0004518.jpg,3.2941176470588234,1.1048023512348792,3.3529411764705883,1.1694644324747674,3.411764705882353,0.8702602720890289
0004519.jpg,3.4705882352941178,0.8744746321952062,3.4705882352941178,0.9432422182837987,3.411764705882353,1.0036697371030325
0004520.jpg,2.3529411764705883,0.9963167462326072,2.5294117647058822,1.2307338795828044,2.4705882352941178,1.007326105267277
0004521.jpg,2.7058823529411766,0.9195587176978518,2.6470588235294117,1.0571882797418486,2.588235294117647,0.9393364366277243
0004523.jpg,3.411764705882353,1.121317502394603,3.2941176470588234,1.046703508780838,3.2941176470588234,1.403776419268438
0004524.jpg,2.411764705882353,0.7952062255644572,2.764705882352941,0.7524469885568255,2.5294117647058822,0.874474632195206
0004525.jpg,3.411764705882353,1.0036697371030325,3.1176470588235294,1.0537049480984033,3.588235294117647,1.0641207361838554
0004526.jpg,2.5294117647058822,0.8744746321952059,2.5294117647058822,1.1245914290767742,2.5294117647058822,0.9432422182837985
0004528.jpg,3.235294117647059,1.147247344990711,2.9411764705882355,1.1974237050483696,3.176470588235294,1.0145993123917847
0004530.jpg,3.6470588235294117,1.0571882797418488,3.411764705882353,1.0641207361838554,3.411764705882353,1.121317502394603
0004532.jpg,3.7058823529411766,1.1599949289950011,3.764705882352941,1.251469724199605,3.764705882352941,1.3004524099667143
0004534.jpg,3.764705882352941,1.0914103126634984,3.4705882352941178,1.3284223283101428,3.4705882352941178,0.9432422182837986
0004535.jpg,3.588235294117647,1.0641207361838554,3.3529411764705883,1.0571882797418488,3.1176470588235294,1.166316474052844
0004537.jpg,2.9411764705882355,1.0880365478290537,3.235294117647059,1.0914103126634984,3.0588235294117645,1.0880365478290537
0004538.jpg,3.8823529411764706,1.2689736473414486,3.8823529411764706,1.3639259941972874,3.8823529411764706,1.2689736473414486
0004542.jpg,3.3529411764705883,0.9963167462326074,3.176470588235294,1.2366938848016846,3.411764705882353,0.8702602720890289
0004543.jpg,3.588235294117647,1.0036697371030328,3.5294117647058822,1.007326105267277,3.2941176470588234,1.0467035087808378
0004546.jpg,2.9411764705882355,0.8993461677306268,3.0,1.118033988749895,2.823529411764706,0.951005659660279
0004547.jpg,2.823529411764706,1.0145993123917845,3.0588235294117645,1.028991510855053,3.1176470588235294,0.8574929257125442
0004548.jpg,3.6470588235294117,0.9963167462326072,3.5294117647058822,0.8744746321952063,3.5294117647058822,1.007326105267277
0004549.jpg,3.6470588235294117,0.7859052479933757,3.5294117647058822,1.1245914290767742,3.6470588235294117,0.8617697249402124
0004554.jpg,3.3529411764705883,1.2718675476729207,3.3529411764705883,1.0571882797418488,3.2941176470588234,1.1599949289950011
0004556.jpg,3.3529411764705883,1.2718675476729207,3.235294117647059,1.2514697241996051,3.176470588235294,1.2366938848016846
0004558.jpg,3.235294117647059,1.0914103126634984,3.0588235294117645,1.1440382552221604,3.0588235294117645,0.9663454503498037
0004559.jpg,2.7058823529411766,1.1599949289950011,2.7058823529411766,1.2631659571466125,2.588235294117647,1.1757350641945108
0004561.jpg,3.4705882352941178,1.2307338795828044,3.5294117647058822,1.0675700831106787,3.411764705882353,1.0641207361838554
0004562.jpg,3.6470588235294117,1.2718675476729207,3.7058823529411766,1.1599949289950011,3.588235294117647,1.277635684057263
0004563.jpg,3.823529411764706,1.0744355563298724,3.4705882352941178,1.4194033543545475,3.4705882352941178,1.2307338795828042
0004566.jpg,3.0588235294117645,1.2485285456935955,3.176470588235294,1.2366938848016846,2.9411764705882355,1.2485285456935957
0004570.jpg,3.1176470588235294,1.317305628032864,3.176470588235294,1.1311108542958477,3.176470588235294,1.0744355563298724
0004575.jpg,3.823529411764706,1.0744355563298724,3.764705882352941,1.0325582165612919,3.588235294117647,1.0036697371030328
0004578.jpg,2.8823529411764706,1.1114378604524224,2.8823529411764706,1.2689736473414484,2.764705882352941,1.0325582165612919
0004579.jpg,3.764705882352941,1.3004524099667145,3.7058823529411766,1.3585242858683528,3.764705882352941,1.147247344990711
0004580.jpg,3.1176470588235294,1.1663164740528442,3.235294117647059,1.3004524099667143,2.9411764705882355,1.1440382552221604
0004581.jpg,3.4705882352941178,1.007326105267277,3.3529411764705883,1.1147408034263075,3.0588235294117645,1.0289915108550531
0004583.jpg,2.176470588235294,1.0145993123917845,2.235294117647059,1.0325582165612917,1.9411764705882353,0.8269362305593853
0004584.jpg,3.235294117647059,1.147247344990711,3.2941176470588234,1.212678125181665,3.0588235294117645,1.2976222599091636
0004585.jpg,1.9411764705882353,0.8269362305593853,2.176470588235294,1.1311108542958477,2.0588235294117645,0.9663454503498036
0004586.jpg,2.1176470588235294,0.9275204136012635,2.411764705882353,1.227743027337753,1.9411764705882353,0.8269362305593853
0004587.jpg,2.6470588235294117,1.0571882797418488,2.9411764705882355,1.0880365478290537,2.588235294117647,1.0036697371030325
0004588.jpg,3.6470588235294117,1.1147408034263075,3.4705882352941178,1.1788578719900635,3.5294117647058822,1.0675700831106785
0004589.jpg,2.6470588235294117,1.0571882797418488,2.588235294117647,1.2776356840572631,2.411764705882353,1.0036697371030325
0004590.jpg,3.411764705882353,1.227743027337753,3.411764705882353,1.277635684057263,3.411764705882353,1.1757350641945108
0004591.jpg,3.9411764705882355,1.0880365478290537,3.411764705882353,1.3719886811400708,3.5294117647058822,1.2307338795828044
0004592.jpg,3.764705882352941,1.0325582165612917,3.5294117647058822,1.124591429076774,3.4705882352941178,0.9432422182837985
0004593.jpg,4.0,1.224744871391589,3.764705882352941,1.147247344990711,3.8823529411764706,1.21872643265298
0004595.jpg,3.5294117647058822,1.280510008689093,2.9411764705882355,1.1974237050483696,3.235294117647059,1.0914103126634984
0004596.jpg,2.3529411764705883,0.7859052479933758,2.8823529411764706,0.9926198253344827,2.2941176470588234,0.9195587176978519
0004598.jpg,2.2941176470588234,0.8488746876271652,2.5294117647058822,1.0675700831106785,2.411764705882353,0.8702602720890288
0004599.jpg,2.9411764705882355,1.2976222599091634,2.8823529411764706,1.0537049480984035,2.764705882352941,0.9701425001453319
0004600.jpg,2.2941176470588234,1.159994928995001,2.8823529411764706,1.21872643265298,2.6470588235294117,1.0571882797418488
0004601.jpg,2.235294117647059,0.903424856082804,2.4705882352941178,1.2307338795828044,2.0,0.7071067811865476
0004603.jpg,3.7058823529411766,1.046703508780838,3.5294117647058822,0.9432422182837986,3.3529411764705883,0.9963167462326072
0004604.jpg,4.117647058823529,1.1114378604524227,4.117647058823529,0.9926198253344826,4.0,1.0606601717798212
0004605.jpg,3.7058823529411766,1.1599949289950011,3.4705882352941178,1.2307338795828044,3.3529411764705883,1.2217393579743305
0004608.jpg,1.7058823529411764,0.7717436331412898,1.8823529411764706,0.9926198253344826,1.7058823529411764,0.7717436331412897
0004609.jpg,3.3529411764705883,1.1694644324747672,3.4705882352941178,1.007326105267277,3.5294117647058822,1.007326105267277
0004610.jpg,3.9411764705882355,1.3906198364081266,4.0588235294117645,1.0880365478290537,3.9411764705882355,1.2485285456935955
0004611.jpg,3.411764705882353,1.2776356840572631,3.3529411764705883,1.1147408034263075,3.4705882352941178,1.1788578719900635
0004613.jpg,3.176470588235294,1.2862393885688164,3.4705882352941178,1.1245914290767742,3.0588235294117645,1.2485285456935957
0004617.jpg,2.6470588235294117,0.7859052479933757,2.9411764705882355,1.0880365478290537,2.3529411764705883,0.7018882096342189
0004620.jpg,2.588235294117647,0.7122871199007256,2.7058823529411766,1.1048023512348792,2.4705882352941178,0.7174300539794392
0004621.jpg,2.764705882352941,1.200490095997562,3.0588235294117645,1.088036547829054,2.588235294117647,1.121317502394603
0004624.jpg,3.764705882352941,1.0914103126634982,3.588235294117647,1.0641207361838554,3.588235294117647,1.2776356840572631
0004627.jpg,3.1176470588235294,1.1114378604524229,3.0,1.1726039399558574,3.176470588235294,0.8828430011649198
0004628.jpg,2.176470588235294,0.8089572082044155,2.411764705882353,1.0036697371030325,2.235294117647059,0.9034248560828042
0004629.jpg,3.823529411764706,1.1850788010532811,3.235294117647059,1.251469724199605,3.6470588235294117,1.1694644324747672
0004632.jpg,3.176470588235294,1.0744355563298724,3.3529411764705883,0.9963167462326072,3.0588235294117645,1.0289915108550531
0004633.jpg,3.3529411764705883,1.1147408034263073,3.235294117647059,1.147247344990711,3.3529411764705883,1.2217393579743305
0004634.jpg,2.411764705882353,1.0641207361838554,2.823529411764706,1.2366938848016846,2.5294117647058822,1.0675700831106785
0004635.jpg,3.588235294117647,1.3256518929102281,3.5294117647058822,1.1788578719900638,3.3529411764705883,1.656093916063799
0004638.jpg,3.0588235294117645,1.2976222599091636,2.764705882352941,1.251469724199605,2.6470588235294117,1.1147408034263075
0004639.jpg,3.176470588235294,1.0145993123917847,3.176470588235294,1.0145993123917847,3.0588235294117645,1.0289915108550531
0004641.jpg,2.0588235294117645,0.6586528140164322,2.2941176470588234,1.0467035087808378,2.176470588235294,0.8089572082044157
0004642.jpg,3.0588235294117645,1.0289915108550531,3.0588235294117645,1.0289915108550531,2.9411764705882355,0.8993461677306268
0004643.jpg,2.5294117647058822,1.007326105267277,2.5294117647058822,1.280510008689093,2.4705882352941178,0.7998161553463027
0004644.jpg,2.176470588235294,1.0145993123917847,2.588235294117647,1.2776356840572631,2.1176470588235294,0.9275204136012635
0004645.jpg,3.764705882352941,1.480262297901367,3.3529411764705883,1.411611511296054,3.764705882352941,1.3476559169863185
0004647.jpg,2.7058823529411766,0.8488746876271654,3.0588235294117645,1.1974237050483696,2.9411764705882355,0.8993461677306268
0004648.jpg,2.411764705882353,1.227743027337753,2.2941176470588234,1.3117119482928095,2.4705882352941178,1.0675700831106787
0004649.jpg,2.5294117647058822,1.2307338795828044,2.823529411764706,1.2366938848016846,2.5294117647058822,1.124591429076774
0004652.jpg,2.764705882352941,1.0914103126634982,2.764705882352941,1.200490095997562,2.4705882352941178,1.1788578719900638
0004654.jpg,3.4705882352941178,1.1788578719900635,3.1176470588235294,1.2689736473414488,3.3529411764705883,1.1147408034263075
0004656.jpg,3.588235294117647,1.121317502394603,3.2941176470588234,1.159994928995001,3.411764705882353,1.227743027337753
0004657.jpg,2.411764705882353,0.9393364366277243,2.411764705882353,1.1757350641945108,2.411764705882353,0.9393364366277243
0004658.jpg,2.8823529411764706,0.9275204136012635,3.1176470588235294,0.9275204136012635,2.6470588235294117,1.1147408034263075
0004659.jpg,3.3529411764705883,1.1694644324747672,3.0,1.224744871391589,3.0588235294117645,1.3449251017851385
0004661.jpg,3.5294117647058822,1.4627733530362592,3.588235294117647,1.121317502394603,3.411764705882353,1.121317502394603
0004663.jpg,3.764705882352941,0.970142500145332,3.4705882352941178,1.1788578719900638,3.6470588235294117,1.1147408034263075
0004664.jpg,2.823529411764706,0.8828430011649196,3.1176470588235294,0.9926198253344826,3.0588235294117645,1.0289915108550531
0004665.jpg,2.7058823529411766,1.1048023512348792,2.7058823529411766,1.212678125181665,2.7058823529411766,1.1599949289950011
0004666.jpg,2.3529411764705883,1.1147408034263075,2.411764705882353,1.121317502394603,2.1176470588235294,0.9926198253344826
0004668.jpg,4.117647058823529,1.21872643265298,4.117647058823529,1.21872643265298,4.294117647058823,1.1048023512348792
0004669.jpg,3.235294117647059,0.970142500145332,3.176470588235294,1.3339459376998313,3.4705882352941178,0.8744746321952062
0004670.jpg,3.823529411764706,1.0145993123917847,3.4705882352941178,1.0675700831106787,3.2941176470588234,1.2126781251816647
0004672.jpg,2.0588235294117645,0.8269362305593853,2.5294117647058822,1.0675700831106785,2.176470588235294,1.0744355563298722
0004673.jpg,3.823529411764706,1.131110854295848,3.5294117647058822,1.007326105267277,3.4705882352941178,1.0675700831106785
0004674.jpg,2.176470588235294,0.8089572082044157,2.5294117647058822,1.1245914290767742,2.176470588235294,0.8089572082044157
0004675.jpg,2.411764705882353,0.8702602720890288,2.5294117647058822,1.3746657347707991,2.2941176470588234,0.7717436331412896
0004677.jpg,3.0,1.1726039399558574,3.3529411764705883,0.9314757424772422,3.0,1.0606601717798212
0004680.jpg,2.9411764705882355,1.1440382552221604,3.1176470588235294,1.21872643265298,3.0,1.118033988749895
0004681.jpg,3.4705882352941178,1.007326105267277,3.1176470588235294,1.2689736473414486,3.411764705882353,1.121317502394603
0004684.jpg,3.764705882352941,1.147247344990711,3.588235294117647,1.0641207361838554,3.411764705882353,1.325651892910228
0004686.jpg,3.5294117647058822,1.1788578719900635,3.235294117647059,1.0914103126634984,3.235294117647059,1.147247344990711
0004688.jpg,2.764705882352941,1.147247344990711,2.7058823529411766,1.212678125181665,2.6470588235294117,1.0571882797418486
0004694.jpg,3.8823529411764706,0.9275204136012635,3.9411764705882355,0.8269362305593853,3.6470588235294117,1.1147408034263075
0004695.jpg,2.3529411764705883,0.9963167462326071,2.588235294117647,1.121317502394603,2.411764705882353,0.9393364366277241
0004696.jpg,3.1176470588235294,1.1663164740528442,3.235294117647059,0.9701425001453319,3.0588235294117645,0.8993461677306268
0004697.jpg,2.8823529411764706,1.1114378604524227,2.5294117647058822,1.2307338795828047,2.411764705882353,1.0036697371030325
0004698.jpg,2.4705882352941178,1.0675700831106785,3.0,1.1726039399558574,2.4705882352941178,1.0675700831106785
0004699.jpg,2.0,0.7905694150420949,2.1176470588235294,1.1663164740528442,1.8823529411764706,0.9275204136012635
0004700.jpg,2.764705882352941,1.0914103126634984,3.0,1.2247448713915892,2.588235294117647,1.227743027337753
0004701.jpg,2.7058823529411766,1.046703508780838,2.823529411764706,1.3339459376998315,2.4705882352941178,1.0675700831106785
0004704.jpg,1.9411764705882353,0.8269362305593853,2.0588235294117645,1.0880365478290537,1.7647058823529411,0.7524469885568252
0004706.jpg,3.0588235294117645,1.0880365478290537,2.8823529411764706,1.1663164740528442,2.9411764705882355,0.9663454503498036
0004708.jpg,3.588235294117647,1.4168108346481794,3.4705882352941178,1.4627733530362594,3.588235294117647,1.325651892910228
0004710.jpg,3.1176470588235294,0.9275204136012636,3.3529411764705883,1.1694644324747672,2.764705882352941,0.9701425001453319
0004713.jpg,2.1176470588235294,0.696630546019236,2.3529411764705883,1.1694644324747672,2.0588235294117645,0.747545001596402
0004714.jpg,3.823529411764706,1.3339459376998315,2.823529411764706,1.4677914581799019,3.588235294117647,1.325651892910228
0004717.jpg,3.764705882352941,1.2514697241996051,4.0588235294117645,1.0880365478290537,4.0,1.0
0004718.jpg,3.176470588235294,1.0744355563298722,3.4705882352941178,0.8744746321952062,2.9411764705882355,1.0880365478290537
0004721.jpg,3.1176470588235294,1.1663164740528442,3.176470588235294,1.2366938848016846,2.823529411764706,1.1311108542958477
0004722.jpg,2.176470588235294,0.9510056596602787,2.5294117647058822,0.9432422182837987,2.2941176470588234,0.9195587176978518
0004724.jpg,3.588235294117647,1.3719886811400703,3.5294117647058822,1.1788578719900638,3.6470588235294117,1.1694644324747672
0004725.jpg,3.764705882352941,1.3932610920384718,3.6470588235294117,1.2217393579743305,3.9411764705882355,1.0289915108550531
0004726.jpg,3.588235294117647,1.3719886811400708,3.588235294117647,1.3256518929102281,3.4705882352941178,1.2805100086890933
0004728.jpg,3.411764705882353,1.3256518929102281,3.411764705882353,1.121317502394603,3.7058823529411766,0.9195587176978519
0004729.jpg,3.176470588235294,1.0145993123917847,3.0,1.118033988749895,3.176470588235294,0.951005659660279
0004731.jpg,3.2941176470588234,1.1048023512348795,3.5294117647058822,0.8744746321952063,3.3529411764705883,0.8617697249402123
0004732.jpg,3.0588235294117645,1.2976222599091636,3.3529411764705883,1.1147408034263075,3.176470588235294,1.1311108542958477
0004736.jpg,2.0,0.7071067811865476,2.2941176470588234,0.9851843661437779,2.0588235294117645,0.747545001596402
0004737.jpg,2.1176470588235294,0.9275204136012635,2.7058823529411766,1.159994928995001,2.1176470588235294,0.781213234429025
0004738.jpg,3.823529411764706,1.1850788010532811,3.588235294117647,0.9393364366277241,3.588235294117647,0.9393364366277243
0004740.jpg,3.588235294117647,1.4168108346481791,3.764705882352941,1.3476559169863187,3.7058823529411766,1.3117119482928095
0004745.jpg,1.8235294117647058,0.8828430011649196,2.2941176470588234,0.8488746876271654,2.235294117647059,0.9701425001453318
0004747.jpg,2.4705882352941178,0.8744746321952063,2.4705882352941178,1.1245914290767742,2.3529411764705883,0.7859052479933758
0004748.jpg,3.4705882352941178,0.9432422182837986,3.4705882352941178,1.0073261052672768,3.3529411764705883,0.9314757424772422
0004752.jpg,3.235294117647059,1.2514697241996051,3.235294117647059,1.347655916986319,3.235294117647059,1.200490095997562
0004754.jpg,2.764705882352941,1.200490095997562,2.764705882352941,1.3004524099667143,2.7058823529411766,1.1048023512348795
0004755.jpg,2.588235294117647,1.121317502394603,3.0588235294117645,1.1440382552221604,2.7058823529411766,1.1599949289950013
0004758.jpg,3.0588235294117645,1.1974237050483696,3.411764705882353,1.0641207361838554,2.764705882352941,1.147247344990711
0004760.jpg,3.235294117647059,1.147247344990711,3.2941176470588234,1.1599949289950011,2.9411764705882355,1.1974237050483694
0004763.jpg,3.6470588235294117,1.0571882797418488,3.2941176470588234,1.2631659571466125,3.2941176470588234,1.1599949289950013
0004764.jpg,2.4705882352941178,1.0675700831106787,2.4705882352941178,1.280510008689093,2.4705882352941178,1.1245914290767742
0004766.jpg,3.235294117647059,1.3476559169863187,3.2941176470588234,1.2126781251816647,3.235294117647059,1.393261092038472
0004767.jpg,1.8235294117647058,0.6359337738364603,2.176470588235294,1.0744355563298724,1.8235294117647058,0.8089572082044157
0004771.jpg,2.7058823529411766,0.8488746876271654,3.1176470588235294,1.1663164740528442,2.588235294117647,0.9393364366277241
0004772.jpg,2.0588235294117645,0.8269362305593854,2.5294117647058822,1.1788578719900635,2.176470588235294,0.8828430011649196
0004773.jpg,3.823529411764706,1.0145993123917847,3.764705882352941,0.9034248560828042,3.764705882352941,0.903424856082804
0004774.jpg,2.9411764705882355,1.0880365478290537,2.764705882352941,1.200490095997562,2.823529411764706,1.0744355563298724
0004776.jpg,3.588235294117647,1.277635684057263,3.823529411764706,1.0145993123917847,3.764705882352941,1.0914103126634984
0004777.jpg,3.5294117647058822,1.2307338795828047,3.7058823529411766,1.3585242858683526,3.5294117647058822,1.3746657347707991
0004779.jpg,3.6470588235294117,1.3200935795706035,3.411764705882353,1.2776356840572631,3.411764705882353,1.2776356840572631
0004780.jpg,2.2941176470588234,0.6859943405700354,2.588235294117647,1.0641207361838554,2.4705882352941178,0.7998161553463027
0004783.jpg,1.4705882352941178,0.6242642728467979,1.8823529411764706,0.8574929257125442,1.588235294117647,0.8702602720890288
0004784.jpg,3.6470588235294117,1.1694644324747674,3.823529411764706,1.0744355563298726,3.6470588235294117,1.2217393579743305
0004785.jpg,4.0,0.9354143466934853,3.6470588235294117,1.0571882797418488,4.0588235294117645,0.8993461677306268
0004786.jpg,1.8823529411764706,1.21872643265298,1.8823529411764706,1.21872643265298,1.9411764705882353,1.2485285456935955
0004787.jpg,3.3529411764705883,0.931475742477242,3.3529411764705883,1.1147408034263075,3.176470588235294,0.951005659660279
0004788.jpg,2.588235294117647,1.0641207361838554,2.0588235294117645,1.2976222599091634,2.6470588235294117,1.1694644324747672
0004790.jpg,3.0,1.224744871391589,3.176470588235294,1.2366938848016849,2.6470588235294117,1.411611511296054
0004791.jpg,3.8823529411764706,1.1114378604524227,3.411764705882353,1.3719886811400708,3.823529411764706,1.1311108542958477
0004793.jpg,3.411764705882353,1.0641207361838554,3.411764705882353,1.1757350641945108,3.3529411764705883,1.0571882797418488
0004799.jpg,1.9411764705882353,0.8993461677306268,2.176470588235294,1.0145993123917847,1.9411764705882353,0.8269362305593854
0004800.jpg,3.0,1.0,3.1176470588235294,1.2689736473414484,3.0,1.0606601717798212
0004802.jpg,3.764705882352941,1.2004900959975617,3.235294117647059,1.0914103126634984,3.588235294117647,1.1213175023946031
0004803.jpg,3.5294117647058822,1.230733879582805,3.176470588235294,1.2366938848016844,3.3529411764705883,1.2718675476729207
0004805.jpg,2.823529411764706,1.0744355563298724,2.823529411764706,1.2862393885688161,2.4705882352941178,1.124591429076774
0004806.jpg,3.764705882352941,0.9701425001453319,2.7058823529411766,1.2631659571466125,3.7058823529411766,1.046703508780838
0004808.jpg,2.235294117647059,0.9701425001453318,2.411764705882353,1.0641207361838554,2.176470588235294,1.0145993123917845
0004809.jpg,2.235294117647059,0.9701425001453319,2.411764705882353,1.2776356840572631,2.1176470588235294,1.0537049480984033
0004810.jpg,3.8823529411764706,1.1663164740528442,3.823529411764706,1.2366938848016846,4.0,1.0606601717798212
0004812.jpg,3.411764705882353,0.8702602720890289,3.0,1.1726039399558574,3.3529411764705883,0.9314757424772421
0004813.jpg,1.8235294117647058,0.8089572082044157,2.0588235294117645,1.2485285456935957,1.7647058823529411,0.7524469885568253
0004814.jpg,3.0,1.118033988749895,3.235294117647059,1.0914103126634986,2.9411764705882355,1.0880365478290537
0004815.jpg,2.8823529411764706,1.1114378604524224,2.8823529411764706,1.2689736473414486,2.9411764705882355,1.0880365478290537
0004817.jpg,2.0588235294117645,1.14403825522216,2.235294117647059,1.3004524099667143,2.1176470588235294,1.1114378604524224
0004818.jpg,2.7058823529411766,1.1048023512348795,3.0,1.2747548783981963,2.588235294117647,1.1213175023946031
0004819.jpg,3.6470588235294117,1.3666188418222285,3.823529411764706,1.3339459376998313,3.6470588235294117,1.2217393579743305
0004820.jpg,3.8823529411764706,1.1663164740528442,3.764705882352941,1.0914103126634984,3.6470588235294117,1.3200935795706035
0004822.jpg,2.6470588235294117,1.4975470138942315,3.176470588235294,1.3800042625680118,2.588235294117647,1.5834623270468011
0004823.jpg,2.7058823529411766,1.1599949289950011,2.764705882352941,1.200490095997562,2.588235294117647,1.121317502394603
0004826.jpg,1.6470588235294117,1.0571882797418488,1.7058823529411764,1.3117119482928095,1.7647058823529411,1.0325582165612919
0004827.jpg,2.0588235294117645,1.0289915108550531,2.411764705882353,1.325651892910228,2.3529411764705883,1.0571882797418486
0004828.jpg,2.411764705882353,1.1757350641945108,2.7058823529411766,1.447614670861731,2.411764705882353,1.0036697371030325
0004831.jpg,3.1176470588235294,1.1663164740528444,3.0,1.2247448713915892,3.176470588235294,1.0744355563298724
0004832.jpg,2.0588235294117645,0.9663454503498035,2.2941176470588234,1.1599949289950011,1.9411764705882353,0.6586528140164322
0004838.jpg,3.411764705882353,1.1757350641945108,3.0,1.5,3.176470588235294,1.2862393885688161
0004839.jpg,3.823529411764706,1.2366938848016849,3.7058823529411766,1.1048023512348792,3.7058823529411766,1.2631659571466123
0004842.jpg,3.6470588235294117,0.9314757424772421,3.5294117647058822,0.8744746321952063,3.588235294117647,1.121317502394603
0004843.jpg,2.8823529411764706,1.1114378604524227,2.764705882352941,1.251469724199605,2.823529411764706,1.0744355563298724
0004844.jpg,2.764705882352941,1.4374200745044001,3.1176470588235294,1.4090046549415864,2.823529411764706,1.380004262568012
0004845.jpg,2.7058823529411766,1.4037764192684379,2.7058823529411766,1.4037764192684379,2.588235294117647,1.227743027337753
0004848.jpg,3.2941176470588234,1.1599949289950013,3.0588235294117645,1.1974237050483696,3.1176470588235294,1.1114378604524229
0004851.jpg,3.4705882352941178,1.1245914290767742,3.2941176470588234,1.1048023512348795,3.235294117647059,0.9701425001453319
0004856.jpg,3.764705882352941,1.147247344990711,3.588235294117647,0.8702602720890288,3.4705882352941178,0.9432422182837986
0004859.jpg,3.235294117647059,1.0325582165612917,3.411764705882353,1.2776356840572631,3.176470588235294,0.951005659660279
0004860.jpg,4.176470588235294,1.0744355563298724,4.294117647058823,0.6859943405700354,4.117647058823529,1.1663164740528442
0004862.jpg,3.6470588235294117,1.1694644324747674,3.6470588235294117,1.3666188418222285,3.7058823529411766,1.046703508780838
0004865.jpg,4.0,0.9354143466934854,4.176470588235294,0.6359337738364603,3.8823529411764706,1.0537049480984035
0004866.jpg,3.823529411764706,1.1850788010532811,3.9411764705882355,0.9663454503498036,3.823529411764706,1.0744355563298724
0004868.jpg,3.176470588235294,1.2366938848016846,3.0588235294117645,1.2976222599091634,3.0,1.118033988749895
0004870.jpg,4.0588235294117645,1.0880365478290537,4.0588235294117645,0.9663454503498035,4.0588235294117645,1.028991510855053
0004871.jpg,3.764705882352941,0.9034248560828042,3.7058823529411766,1.046703508780838,3.6470588235294117,0.9963167462326071
0004873.jpg,1.588235294117647,0.8702602720890289,1.7058823529411764,0.7717436331412897,1.6470588235294117,0.7018882096342189
0004874.jpg,3.8823529411764706,0.8574929257125442,3.588235294117647,1.1213175023946031,3.7058823529411766,1.046703508780838
0004877.jpg,3.823529411764706,1.2862393885688164,3.235294117647059,1.2004900959975617,3.764705882352941,1.251469724199605
0004878.jpg,3.235294117647059,1.3476559169863187,3.1176470588235294,1.3639259941972874,3.2941176470588234,1.1048023512348795
0004880.jpg,3.3529411764705883,1.0571882797418488,3.235294117647059,1.200490095997562,3.176470588235294,1.1311108542958477
0004882.jpg,1.8235294117647058,0.7276068751089989,2.235294117647059,1.0325582165612917,1.8235294117647058,0.6359337738364603
0004883.jpg,2.5294117647058822,1.007326105267277,2.411764705882353,1.121317502394603,2.6470588235294117,0.9963167462326072
0004885.jpg,2.8823529411764706,1.1663164740528442,3.3529411764705883,0.9314757424772422,3.0,1.1726039399558574
0004889.jpg,3.0588235294117645,1.1440382552221602,3.4705882352941178,0.9432422182837987,3.0,1.0606601717798212
0004890.jpg,3.4705882352941178,0.8744746321952062,3.235294117647059,1.0914103126634984,3.1176470588235294,0.9926198253344826
0004891.jpg,2.1176470588235294,0.8574929257125443,2.3529411764705883,1.1147408034263073,2.176470588235294,0.951005659660279
0004892.jpg,3.823529411764706,1.1311108542958477,3.5294117647058822,1.1788578719900635,3.9411764705882355,1.0289915108550531
0004893.jpg,2.588235294117647,1.1757350641945108,3.0,1.1726039399558574,2.588235294117647,1.4168108346481794
0004894.jpg,2.764705882352941,1.2514697241996051,2.764705882352941,1.251469724199605,2.2941176470588234,1.3117119482928095
0004895.jpg,3.588235294117647,1.0641207361838556,3.588235294117647,1.175735064194511,3.411764705882353,1.3719886811400708
0004898.jpg,2.8823529411764706,1.21872643265298,2.823529411764706,1.3339459376998315,2.823529411764706,1.2366938848016849
0004899.jpg,3.7058823529411766,1.3585242858683528,3.764705882352941,1.200490095997562,3.588235294117647,1.4168108346481794
0004900.jpg,2.7058823529411766,1.046703508780838,3.0,1.2247448713915892,2.7058823529411766,1.046703508780838
0004901.jpg,2.823529411764706,1.0145993123917847,2.6470588235294117,1.1147408034263075,2.6470588235294117,0.931475742477242
0004902.jpg,3.6470588235294117,1.6179144164088315,3.6470588235294117,1.411611511296054,3.588235294117647,1.4602578338007541
0004904.jpg,3.8823529411764706,1.1663164740528442,3.6470588235294117,1.1694644324747674,3.9411764705882355,1.1440382552221602
0004906.jpg,3.1176470588235294,1.21872643265298,2.8823529411764706,1.2187264326529803,2.9411764705882355,1.0880365478290537
0004907.jpg,3.3529411764705883,1.2217393579743305,3.411764705882353,1.1757350641945106,3.411764705882353,1.325651892910228
0004908.jpg,2.8823529411764706,0.9926198253344827,3.176470588235294,0.9510056596602791,2.823529411764706,1.0145993123917847
0004909.jpg,2.7058823529411766,1.1599949289950011,3.0588235294117645,1.088036547829054,2.9411764705882355,1.1440382552221602
0004911.jpg,2.8823529411764706,1.1114378604524224,3.0588235294117645,1.1440382552221602,2.764705882352941,1.147247344990711
0004912.jpg,2.588235294117647,1.121317502394603,2.764705882352941,1.2004900959975617,2.6470588235294117,1.1694644324747672
0004915.jpg,4.294117647058823,1.0467035087808378,4.176470588235294,1.0744355563298724,4.176470588235294,1.1311108542958477
0004916.jpg,2.1176470588235294,1.0537049480984033,2.4705882352941178,1.1245914290767742,2.176470588235294,1.0145993123917847
0004917.jpg,2.823529411764706,1.1850788010532811,2.1176470588235294,1.2689736473414486,2.764705882352941,1.2004900959975617
0004918.jpg,2.0,1.0606601717798212,2.411764705882353,1.121317502394603,1.9411764705882353,1.0880365478290537
0004919.jpg,3.4705882352941178,1.1788578719900635,3.411764705882353,1.227743027337753,3.3529411764705883,1.1694644324747672
0004920.jpg,3.588235294117647,0.9393364366277243,3.588235294117647,0.9393364366277241,3.588235294117647,0.7122871199007256
0004921.jpg,3.2941176470588234,1.1048023512348792,3.176470588235294,1.1311108542958477,3.3529411764705883,0.931475742477242
0004923.jpg,1.8823529411764706,0.9275204136012635,1.588235294117647,1.0641207361838554,1.8823529411764706,0.9275204136012635
0004924.jpg,3.0,1.1180339887498947,3.0588235294117645,1.2976222599091636,3.0,1.118033988749895
0004925.jpg,3.5294117647058822,1.2307338795828044,3.2941176470588234,1.2631659571466125,3.588235294117647,1.121317502394603
0004926.jpg,3.1176470588235294,1.1663164740528442,3.2941176470588234,1.1048023512348795,3.176470588235294,1.1850788010532811
0004928.jpg,3.235294117647059,1.200490095997562,3.0,1.224744871391589,3.235294117647059,0.9034248560828041
0004929.jpg,2.235294117647059,0.9701425001453319,2.588235294117647,1.2776356840572631,2.176470588235294,0.8828430011649196
0004930.jpg,2.823529411764706,1.2366938848016846,3.0,1.3693063937629153,2.8823529411764706,1.0537049480984035
0004931.jpg,2.6470588235294117,0.9963167462326072,2.235294117647059,1.200490095997562,2.588235294117647,0.9393364366277243
0004934.jpg,3.6470588235294117,1.2217393579743308,3.588235294117647,1.1757350641945108,3.588235294117647,1.325651892910228
0004935.jpg,3.1176470588235294,1.3173056280328643,3.2941176470588234,0.9195587176978519,3.2941176470588234,1.3117119482928095
0004936.jpg,3.6470588235294117,1.1694644324747672,3.6470588235294117,1.1147408034263075,3.7058823529411766,1.3117119482928095
0004938.jpg,1.6470588235294117,0.7859052479933758,1.7647058823529411,0.6642111641550714,1.7058823529411764,0.7717436331412898
0004941.jpg,3.5294117647058822,1.280510008689093,3.176470588235294,1.2366938848016849,3.2941176470588234,1.3117119482928095
0004942.jpg,2.0,0.8660254037844386,2.2941176470588234,1.1599949289950011,2.0588235294117645,0.9663454503498036
0004945.jpg,3.2941176470588234,0.7717436331412898,3.176470588235294,1.1311108542958477,3.0588235294117645,0.8993461677306268
0004946.jpg,3.0588235294117645,1.0880365478290537,3.1176470588235294,1.2689736473414486,2.9411764705882355,1.0289915108550531
0004949.jpg,3.6470588235294117,1.2718675476729207,3.4705882352941178,1.1788578719900638,3.7058823529411766,1.046703508780838
0004951.jpg,3.5294117647058822,1.2307338795828047,3.0588235294117645,1.2485285456935957,3.411764705882353,1.2776356840572634
0004954.jpg,2.7058823529411766,1.159994928995001,3.0588235294117645,1.1974237050483696,2.411764705882353,1.1757350641945108
0004957.jpg,3.5294117647058822,1.280510008689093,3.411764705882353,1.1757350641945108,3.4705882352941178,1.124591429076774
0004958.jpg,3.588235294117647,1.2776356840572631,3.823529411764706,1.0744355563298724,3.6470588235294117,1.1147408034263075
0004959.jpg,3.3529411764705883,1.2217393579743303,3.0588235294117645,1.3906198364081266,3.411764705882353,1.175735064194511
0004960.jpg,3.1176470588235294,1.1663164740528442,3.235294117647059,1.200490095997562,2.8823529411764706,1.1663164740528442
0004962.jpg,2.176470588235294,0.951005659660279,2.176470588235294,1.2366938848016846,2.4705882352941178,1.124591429076774
0004963.jpg,2.176470588235294,1.0145993123917847,2.4705882352941178,1.2307338795828044,2.1176470588235294,1.1114378604524224
0004965.jpg,2.0,1.1726039399558572,2.3529411764705883,1.3666188418222287,2.0,1.1726039399558572
0004966.jpg,2.9411764705882355,1.1974237050483696,3.0,1.4142135623730951,3.0588235294117645,1.1440382552221604
0004967.jpg,3.823529411764706,1.131110854295848,3.8823529411764706,1.0537049480984033,4.0,1.0606601717798214
0004968.jpg,2.5294117647058822,1.1788578719900638,2.823529411764706,1.380004262568012,2.8823529411764706,1.0537049480984033
0004969.jpg,3.6470588235294117,1.1147408034263075,3.235294117647059,1.3004524099667143,3.411764705882353,1.1757350641945108
0004971.jpg,3.1176470588235294,1.0537049480984033,3.0588235294117645,1.1974237050483694,3.235294117647059,0.9701425001453319
0004972.jpg,3.6470588235294117,1.0571882797418488,3.3529411764705883,1.0571882797418488,3.588235294117647,1.0036697371030325
0004973.jpg,3.4705882352941178,1.1788578719900635,3.7058823529411766,0.919558717697852,3.588235294117647,1.0036697371030325
0004975.jpg,3.764705882352941,1.0914103126634984,3.411764705882353,1.2776356840572631,3.6470588235294117,1.1147408034263073
0004976.jpg,3.0,1.118033988749895,2.7058823529411766,1.2126781251816652,2.9411764705882355,0.8993461677306268
0004978.jpg,3.176470588235294,1.4245742398014511,3.6470588235294117,1.2217393579743305,3.7058823529411766,0.9195587176978519
0004979.jpg,3.6470588235294117,1.0571882797418488,3.5294117647058822,1.0675700831106785,3.5294117647058822,0.9432422182837986
0004981.jpg,3.4705882352941178,0.8744746321952063,3.176470588235294,1.2366938848016849,3.176470588235294,1.0145993123917847
0004982.jpg,2.8823529411764706,1.21872643265298,2.764705882352941,1.200490095997562,2.9411764705882355,1.1440382552221602
0004984.jpg,3.411764705882353,1.121317502394603,3.5294117647058822,1.1245914290767742,3.3529411764705883,1.1694644324747672
0004985.jpg,3.8823529411764706,1.1114378604524227,3.588235294117647,1.121317502394603,3.7058823529411766,1.1599949289950011
0004986.jpg,3.823529411764706,1.2862393885688164,3.6470588235294117,1.1694644324747674,3.8823529411764706,1.2689736473414484
0004987.jpg,3.5294117647058822,1.0675700831106787,3.0588235294117645,1.0880365478290537,3.3529411764705883,0.9314757424772422
0004990.jpg,2.823529411764706,1.2862393885688164,2.8823529411764706,1.21872643265298,2.764705882352941,1.347655916986319
0004994.jpg,2.7058823529411766,1.2126781251816647,2.823529411764706,1.333945937699831,2.6470588235294117,1.3666188418222285
0004996.jpg,3.764705882352941,1.0325582165612917,3.8823529411764706,0.781213234429025,3.823529411764706,0.951005659660279
0004998.jpg,4.352941176470588,0.9963167462326071,3.8823529411764706,1.317305628032864,4.294117647058823,1.1599949289950011
0004999.jpg,2.588235294117647,1.0641207361838554,2.7058823529411766,1.1048023512348792,2.411764705882353,1.0641207361838554
0005000.jpg,3.0,1.224744871391589,3.3529411764705883,1.0571882797418488,3.2941176470588234,0.985184366143778
0005002.jpg,2.6470588235294117,1.411611511296054,2.6470588235294117,1.1694644324747672,2.235294117647059,1.3476559169863185
0005004.jpg,3.0,1.3693063937629153,3.176470588235294,1.380004262568012,3.1176470588235294,1.2689736473414486
0005007.jpg,3.6470588235294117,1.1147408034263075,3.411764705882353,1.121317502394603,3.411764705882353,1.1757350641945108
0005008.jpg,3.823529411764706,1.0145993123917847,3.7058823529411766,1.046703508780838,3.823529411764706,0.951005659660279
0005009.jpg,3.5294117647058822,1.007326105267277,3.6470588235294117,1.0571882797418488,3.176470588235294,1.380004262568012
0005010.jpg,2.5294117647058822,1.007326105267277,2.6470588235294117,1.2718675476729209,2.2941176470588234,1.2126781251816647
0005012.jpg,2.823529411764706,1.2366938848016846,3.0588235294117645,1.3906198364081266,2.6470588235294117,1.2718675476729209
0005013.jpg,3.4705882352941178,1.4194033543545475,2.8823529411764706,1.45268514057488,3.235294117647059,1.3476559169863187
0005014.jpg,3.4705882352941178,1.1788578719900633,3.411764705882353,1.0036697371030325,3.1176470588235294,1.0537049480984033
0005015.jpg,3.6470588235294117,1.2718675476729209,3.6470588235294117,0.9963167462326072,3.588235294117647,1.1213175023946031
0005016.jpg,2.4705882352941178,1.1788578719900635,2.6470588235294117,1.2217393579743308,2.5294117647058822,1.1788578719900635
0005018.jpg,1.8235294117647058,1.0145993123917847,1.9411764705882353,0.8993461677306267,2.0,1.0606601717798212
0005019.jpg,2.235294117647059,1.0914103126634982,2.235294117647059,0.9701425001453319,2.176470588235294,1.1311108542958475
0005021.jpg,3.411764705882353,1.2776356840572631,3.5294117647058822,1.1788578719900638,3.3529411764705883,1.2217393579743305
0005027.jpg,4.0588235294117645,1.1440382552221604,3.7058823529411766,1.046703508780838,3.9411764705882355,1.4348601079588785
0005028.jpg,4.235294117647059,0.903424856082804,4.0,1.2747548783981961,4.176470588235294,0.951005659660279
0005029.jpg,4.0588235294117645,1.4348601079588785,3.9411764705882355,1.3449251017851382,4.235294117647059,1.1472473449907108
0005030.jpg,3.588235294117647,1.3719886811400706,3.5294117647058822,1.4194033543545475,3.411764705882353,1.325651892910228
0005031.jpg,3.6470588235294117,1.1694644324747672,3.5294117647058822,1.2307338795828044,3.7058823529411766,1.1048023512348795
0005032.jpg,2.8823529411764706,1.3173056280328643,3.2941176470588234,1.1599949289950011,2.823529411764706,1.3339459376998315
0005034.jpg,3.5294117647058822,1.4194033543545472,3.5294117647058822,1.2307338795828047,3.7058823529411766,1.2631659571466127
0005035.jpg,2.8823529411764706,0.9926198253344827,3.0588235294117645,1.1440382552221602,2.823529411764706,1.1850788010532811
0005037.jpg,3.1176470588235294,1.2187264326529803,3.2941176470588234,1.046703508780838,2.9411764705882355,1.1974237050483696
0005038.jpg,3.0,1.118033988749895,3.0588235294117645,1.3906198364081266,2.764705882352941,1.0914103126634984
0005039.jpg,3.7058823529411766,1.1599949289950011,3.588235294117647,1.3719886811400708,3.588235294117647,1.2776356840572631
0005040.jpg,2.2941176470588234,1.104802351234879,2.0588235294117645,0.9663454503498036,2.176470588235294,1.1311108542958475
0005041.jpg,3.5294117647058822,0.9432422182837985,3.1176470588235294,1.1663164740528442,3.411764705882353,0.7952062255644572
0005042.jpg,3.6470588235294117,1.1694644324747672,3.6470588235294117,0.9963167462326072,3.4705882352941178,1.1788578719900635
0005043.jpg,2.235294117647059,0.8313702367707394,2.2941176470588234,1.1048023512348795,2.1176470588235294,1.0537049480984033
0005047.jpg,4.0,1.1726039399558574,4.0,1.224744871391589,3.9411764705882355,1.1974237050483696
0005048.jpg,3.2941176470588234,1.1599949289950011,3.176470588235294,1.0744355563298724,3.0,1.224744871391589
0005049.jpg,3.7058823529411766,0.985184366143778,3.4705882352941178,1.0675700831106785,3.6470588235294117,0.9314757424772421
0005050.jpg,3.8823529411764706,0.9275204136012634,3.588235294117647,0.9393364366277241,3.6470588235294117,0.9314757424772421
0005052.jpg,3.5294117647058822,1.4194033543545475,3.2941176470588234,1.2126781251816647,3.1176470588235294,1.3639259941972877
0005054.jpg,4.470588235294118,0.8744746321952063,4.0,1.1180339887498947,4.0588235294117645,1.0289915108550531
0005055.jpg,2.823529411764706,1.1850788010532811,3.1176470588235294,1.3173056280328643,2.9411764705882355,1.088036547829054
0005057.jpg,3.8823529411764706,1.1114378604524227,4.0,1.0,3.9411764705882355,1.0289915108550531
0005059.jpg,1.8823529411764706,1.0537049480984035,2.0,1.0606601717798214,1.8823529411764706,1.1114378604524227
0005060.jpg,1.5294117647058822,1.007326105267277,1.5294117647058822,1.0675700831106785,1.7058823529411764,1.1048023512348795
0005062.jpg,3.7058823529411766,1.1048023512348795,3.411764705882353,1.0036697371030328,3.2941176470588234,1.2631659571466125
0005063.jpg,3.8823529411764706,1.2689736473414486,3.7058823529411766,1.1599949289950011,3.823529411764706,1.0744355563298724
0005064.jpg,3.7058823529411766,1.0467035087808378,3.2941176470588234,1.046703508780838,3.3529411764705883,0.9963167462326071
0005066.jpg,3.764705882352941,1.0914103126634984,3.0588235294117645,1.1440382552221604,3.411764705882353,1.325651892910228
0005067.jpg,3.588235294117647,1.0641207361838554,3.4705882352941178,1.007326105267277,3.411764705882353,1.1757350641945108
0005068.jpg,3.176470588235294,1.1850788010532811,2.8823529411764706,1.3173056280328643,2.8823529411764706,1.2187264326529803
0005069.jpg,3.823529411764706,1.131110854295848,3.823529411764706,1.2366938848016846,3.9411764705882355,1.0880365478290537
0005070.jpg,2.823529411764706,1.2862393885688164,2.9411764705882355,1.3906198364081266,2.8823529411764706,1.3639259941972874
0005073.jpg,3.6470588235294117,0.9963167462326071,3.3529411764705883,1.0571882797418486,3.411764705882353,1.1757350641945108
0005075.jpg,2.9411764705882355,1.0289915108550531,3.2941176470588234,0.9195587176978519,3.0,0.8660254037844386
0005076.jpg,3.588235294117647,0.8702602720890289,3.588235294117647,0.8702602720890289,3.6470588235294117,0.7859052479933758
0005078.jpg,3.5294117647058822,1.3284223283101428,3.235294117647059,1.200490095997562,3.411764705882353,1.121317502394603
0005080.jpg,2.823529411764706,1.1850788010532811,2.823529411764706,1.2862393885688164,2.764705882352941,1.0914103126634984
0005082.jpg,3.0,1.1726039399558572,3.0588235294117645,1.3449251017851385,2.9411764705882355,1.2976222599091636
0005083.jpg,3.8823529411764706,0.8574929257125442,3.6470588235294117,1.2217393579743308,3.588235294117647,1.0641207361838554
0005085.jpg,3.5294117647058822,1.280510008689093,3.411764705882353,1.175735064194511,3.4705882352941178,1.007326105267277
0005088.jpg,3.9411764705882355,0.8269362305593853,3.588235294117647,1.0036697371030325,3.7058823529411766,0.7717436331412898
0005089.jpg,3.6470588235294117,0.9314757424772421,3.3529411764705883,1.0571882797418488,3.5294117647058822,0.7998161553463028
0005090.jpg,2.764705882352941,1.251469724199605,3.0,1.1726039399558574,2.823529411764706,1.1850788010532811
0005091.jpg,2.4705882352941178,1.280510008689093,2.8823529411764706,1.2689736473414486,2.3529411764705883,1.0571882797418488
0005092.jpg,3.5294117647058822,1.2307338795828044,3.2941176470588234,0.985184366143778,3.2941176470588234,1.1599949289950011
0005093.jpg,2.8823529411764706,1.21872643265298,3.0,1.2747548783981961,3.0588235294117645,1.0880365478290537
0005094.jpg,3.1176470588235294,1.0537049480984035,3.4705882352941178,1.007326105267277,3.1176470588235294,1.1114378604524227
0005095.jpg,2.3529411764705883,0.996316746232607,2.588235294117647,1.1757350641945108,2.4705882352941178,1.007326105267277
0005096.jpg,3.5294117647058822,0.7998161553463028,3.3529411764705883,0.9963167462326074,3.176470588235294,1.0744355563298724
0005099.jpg,2.6470588235294117,1.0571882797418486,3.0,1.3228756555322954,2.7058823529411766,1.1599949289950011
0005100.jpg,2.5294117647058822,1.2307338795828044,2.588235294117647,1.3719886811400708,2.2941176470588234,1.2631659571466123
0005101.jpg,1.9411764705882353,1.088036547829054,2.2941176470588234,1.1048023512348792,2.0588235294117645,0.9663454503498035
0005105.jpg,4.0,0.9999999999999999,3.7058823529411766,0.8488746876271652,3.8823529411764706,1.1114378604524224
0005106.jpg,2.0,1.0606601717798212,2.1176470588235294,1.0537049480984033,2.0,1.1726039399558574
0005107.jpg,3.588235294117647,1.325651892910228,3.235294117647059,1.3932610920384718,3.235294117647059,1.3932610920384718
0005108.jpg,3.7058823529411766,1.3585242858683528,3.7058823529411766,1.1599949289950011,3.588235294117647,1.175735064194511
0005109.jpg,2.7058823529411766,1.1599949289950011,2.7058823529411766,1.046703508780838,2.7058823529411766,0.985184366143778
0005111.jpg,3.3529411764705883,1.2718675476729209,3.4705882352941178,1.1788578719900638,3.4705882352941178,0.9432422182837986
0005113.jpg,2.3529411764705883,1.2718675476729207,2.411764705882353,1.1757350641945108,2.4705882352941178,1.280510008689093
0005114.jpg,3.0,1.0,2.8823529411764706,0.9926198253344827,2.823529411764706,1.0744355563298724
0005115.jpg,3.764705882352941,0.9701425001453319,3.3529411764705883,1.1694644324747672,3.3529411764705883,1.0571882797418488
0005117.jpg,3.588235294117647,1.0641207361838554,3.2941176470588234,1.2631659571466125,3.4705882352941178,0.9432422182837986
0005119.jpg,1.8823529411764706,1.1114378604524224,2.235294117647059,1.251469724199605,1.9411764705882353,1.028991510855053
0005121.jpg,3.6470588235294117,1.3200935795706035,3.4705882352941178,1.1245914290767742,3.588235294117647,1.1757350641945108
0005125.jpg,2.9411764705882355,1.1440382552221602,2.823529411764706,1.2366938848016849,3.0,1.118033988749895
0005126.jpg,3.5294117647058822,1.007326105267277,3.176470588235294,1.2862393885688161,3.5294117647058822,1.1245914290767742
0005128.jpg,3.1176470588235294,1.1114378604524227,3.176470588235294,1.0744355563298724,2.9411764705882355,1.0880365478290537
0005129.jpg,2.0,1.0606601717798212,1.7647058823529411,0.8313702367707394,1.8235294117647058,1.014599312391785
0005133.jpg,3.7058823529411766,1.046703508780838,3.588235294117647,0.7952062255644573,3.411764705882353,1.0036697371030325
0005135.jpg,2.9411764705882355,1.2485285456935955,3.0,1.224744871391589,2.8823529411764706,1.1663164740528442
0005136.jpg,3.7058823529411766,1.1048023512348795,3.764705882352941,0.7524469885568253,3.588235294117647,1.0036697371030328
0005139.jpg,3.7058823529411766,1.2126781251816647,3.588235294117647,0.9393364366277241,3.588235294117647,1.1213175023946031
0005140.jpg,1.4705882352941178,0.7998161553463028,1.7058823529411764,0.8488746876271654,1.4705882352941178,0.7998161553463028
0005141.jpg,2.4705882352941178,1.1788578719900633,3.0,1.3693063937629155,2.2941176470588234,1.2631659571466123
0005142.jpg,2.6470588235294117,1.1147408034263075,2.7058823529411766,1.2631659571466125,2.6470588235294117,1.1694644324747672
0005143.jpg,2.8823529411764706,1.1663164740528442,2.411764705882353,1.227743027337753,2.764705882352941,1.0325582165612919
0005145.jpg,2.176470588235294,1.1311108542958472,2.235294117647059,1.147247344990711,2.1176470588235294,1.053704948098403
0005146.jpg,4.0,1.0,3.823529411764706,1.0145993123917847,3.823529411764706,0.951005659660279
0005147.jpg,2.0,1.0606601717798212,2.235294117647059,0.903424856082804,1.9411764705882353,1.0289915108550531
0005148.jpg,2.764705882352941,1.147247344990711,2.764705882352941,1.200490095997562,2.764705882352941,1.0914103126634982
0005149.jpg,3.764705882352941,0.9701425001453319,3.6470588235294117,0.9963167462326072,3.4705882352941178,1.1788578719900635
0005151.jpg,2.764705882352941,1.0325582165612919,3.0,1.1726039399558574,2.7058823529411766,1.046703508780838
0005155.jpg,3.411764705882353,1.227743027337753,3.4705882352941178,1.0675700831106787,3.411764705882353,1.1757350641945108
0005156.jpg,2.588235294117647,1.1757350641945108,2.8823529411764706,1.1663164740528442,2.7058823529411766,1.3117119482928092
0005159.jpg,1.5294117647058822,0.7998161553463028,1.6470588235294117,0.8617697249402124,1.7058823529411764,1.046703508780838
0005160.jpg,3.235294117647059,1.3004524099667143,2.7058823529411766,1.2126781251816647,3.0588235294117645,1.1440382552221602
0005161.jpg,3.235294117647059,1.200490095997562,3.1176470588235294,1.1114378604524224,3.0,1.1726039399558574
0005163.jpg,2.176470588235294,0.8828430011649194,2.411764705882353,1.1213175023946031,2.235294117647059,1.0325582165612914
0005164.jpg,3.411764705882353,0.8702602720890289,3.2941176470588234,0.985184366143778,3.2941176470588234,0.9195587176978519
0005165.jpg,2.2941176470588234,1.1599949289950011,2.7058823529411766,1.3117119482928095,2.4705882352941178,1.0675700831106785
0005166.jpg,2.235294117647059,1.2004900959975617,2.411764705882353,1.227743027337753,2.0588235294117645,1.0880365478290537
0005168.jpg,2.411764705882353,1.227743027337753,2.764705882352941,1.3932610920384718,2.7058823529411766,1.1599949289950011
0005170.jpg,4.176470588235294,0.951005659660279,3.9411764705882355,0.8269362305593854,4.0588235294117645,0.9663454503498036
0005174.jpg,3.2941176470588234,1.046703508780838,3.3529411764705883,0.9314757424772421,3.2941176470588234,1.046703508780838
0005175.jpg,3.6470588235294117,1.2217393579743305,3.4705882352941178,1.1245914290767742,3.4705882352941178,1.2307338795828047
0005176.jpg,3.411764705882353,1.227743027337753,3.4705882352941178,1.0675700831106787,3.4705882352941178,1.124591429076774
0005177.jpg,3.3529411764705883,1.1147408034263075,3.5294117647058822,1.007326105267277,3.2941176470588234,0.9195587176978519
0005178.jpg,4.235294117647059,0.9034248560828042,4.0588235294117645,0.9663454503498036,4.235294117647059,0.970142500145332
0005181.jpg,2.588235294117647,1.0641207361838554,2.8823529411764706,1.1663164740528442,2.5294117647058822,1.0073261052672768
0005183.jpg,2.588235294117647,1.0641207361838554,2.9411764705882355,1.0289915108550531,2.5294117647058822,1.0675700831106787
0005186.jpg,2.7058823529411766,0.9851843661437779,2.7058823529411766,1.0467035087808378,2.5294117647058822,1.1788578719900635
0005189.jpg,3.5294117647058822,1.1788578719900635,3.3529411764705883,0.9963167462326072,3.3529411764705883,1.1147408034263075
0005190.jpg,2.9411764705882355,1.088036547829054,2.764705882352941,1.3004524099667143,2.823529411764706,1.1850788010532811
0005192.jpg,2.588235294117647,1.0641207361838554,2.9411764705882355,1.1974237050483696,2.7058823529411766,0.9195587176978519
0005193.jpg,3.3529411764705883,0.9963167462326072,3.235294117647059,1.147247344990711,3.0588235294117645,1.0289915108550531
0005194.jpg,3.3529411764705883,0.9963167462326072,3.3529411764705883,0.9314757424772422,3.176470588235294,1.0744355563298724
0005196.jpg,2.8823529411764706,1.1114378604524227,3.0,1.3228756555322954,2.7058823529411766,1.212678125181665
0005197.jpg,2.8823529411764706,0.9926198253344827,3.0,1.0606601717798212,2.823529411764706,0.951005659660279
0005198.jpg,3.9411764705882355,0.8269362305593853,3.764705882352941,0.9034248560828041,3.764705882352941,0.9701425001453319
0005200.jpg,3.6470588235294117,1.3666188418222285,4.0588235294117645,0.8993461677306268,3.823529411764706,1.2366938848016846
0005201.jpg,3.235294117647059,1.3476559169863183,3.2941176470588234,1.1048023512348795,3.235294117647059,1.0914103126634984
0005202.jpg,3.0588235294117645,0.8993461677306268,3.0,1.1726039399558572,2.9411764705882355,1.0289915108550531
0005204.jpg,3.1176470588235294,1.0537049480984033,2.823529411764706,1.1850788010532811,2.823529411764706,1.1850788010532811
0005205.jpg,3.411764705882353,0.9393364366277243,3.0588235294117645,1.0289915108550531,3.3529411764705883,0.9963167462326072
0005206.jpg,2.7058823529411766,1.0467035087808378,2.823529411764706,1.2366938848016846,2.5294117647058822,0.9432422182837986
0005207.jpg,2.0,0.7071067811865476,2.235294117647059,1.0914103126634984,1.9411764705882353,0.658652814016432
0005208.jpg,3.176470588235294,1.1311108542958477,3.0,1.0606601717798212,2.9411764705882355,1.1440382552221602
0005211.jpg,2.3529411764705883,0.9314757424772421,2.4705882352941178,1.2307338795828047,2.411764705882353,0.8702602720890288
0005212.jpg,3.5294117647058822,1.1788578719900635,3.6470588235294117,1.1694644324747672,3.411764705882353,1.2776356840572634
0005215.jpg,4.294117647058823,1.2126781251816647,4.352941176470588,1.2217393579743305,4.352941176470588,1.1147408034263075
0005216.jpg,2.9411764705882355,1.0880365478290537,3.176470588235294,1.0744355563298724,3.0588235294117645,0.8993461677306268
0005217.jpg,3.764705882352941,1.0914103126634984,4.0588235294117645,0.8993461677306267,3.7058823529411766,1.212678125181665
0005218.jpg,3.4705882352941178,1.2307338795828044,3.411764705882353,1.0036697371030325,3.2941176470588234,1.2631659571466125
0005220.jpg,3.4705882352941178,1.007326105267277,3.411764705882353,0.9393364366277241,3.176470588235294,1.1850788010532811
0005222.jpg,2.235294117647059,1.0325582165612917,2.588235294117647,1.1757350641945108,2.235294117647059,0.9701425001453319
0005223.jpg,2.4705882352941178,1.1245914290767742,2.823529411764706,1.2366938848016846,2.5294117647058822,1.0675700831106785
0005224.jpg,2.764705882352941,1.200490095997562,3.1176470588235294,0.9275204136012636,2.9411764705882355,1.0289915108550531
0005226.jpg,3.2941176470588234,0.9851843661437779,3.0,1.1726039399558574,3.2941176470588234,0.919558717697852
0005228.jpg,2.5294117647058822,1.007326105267277,2.588235294117647,1.3719886811400708,2.5294117647058822,1.0675700831106785
0005229.jpg,2.2941176470588234,0.685994340570035,2.176470588235294,1.0145993123917847,2.2941176470588234,0.6859943405700354
0005234.jpg,2.0,0.7071067811865474,2.235294117647059,1.147247344990711,1.7058823529411764,0.6859943405700354
0005237.jpg,3.8823529411764706,1.1663164740528442,2.823529411764706,1.380004262568012,3.764705882352941,1.2004900959975617
0005238.jpg,2.8823529411764706,1.1114378604524227,2.8823529411764706,1.3173056280328643,2.7058823529411766,1.1048023512348795
0005240.jpg,2.2941176470588234,1.159994928995001,2.4705882352941178,1.2805100086890933,2.3529411764705883,1.0571882797418488
0005242.jpg,2.9411764705882355,1.0289915108550531,3.0588235294117645,1.0880365478290537,2.9411764705882355,1.1440382552221602
0005247.jpg,3.4705882352941178,1.0675700831106785,3.176470588235294,1.0744355563298724,2.9411764705882355,1.1974237050483696
0005248.jpg,3.6470588235294117,1.3666188418222287,3.6470588235294117,1.2718675476729209,3.7058823529411766,1.1599949289950011
0005249.jpg,3.8823529411764706,1.21872643265298,3.764705882352941,1.0325582165612917,3.7058823529411766,1.1048023512348792
0005250.jpg,3.411764705882353,1.2277430273377532,3.411764705882353,1.121317502394603,3.4705882352941178,1.1788578719900635
0005251.jpg,3.0,0.9354143466934853,3.0588235294117645,1.088036547829054,2.8823529411764706,0.8574929257125442
0005252.jpg,3.6470588235294117,1.0571882797418488,3.5294117647058822,1.1788578719900638,3.3529411764705883,1.1694644324747672
0005253.jpg,2.7058823529411766,1.1048023512348795,2.8823529411764706,1.1663164740528442,2.764705882352941,0.9701425001453319
0005254.jpg,2.9411764705882355,1.4348601079588785,2.823529411764706,1.4677914581799016,2.9411764705882355,1.3906198364081266
0005256.jpg,2.0588235294117645,1.028991510855053,2.3529411764705883,1.1147408034263075,2.0,1.1180339887498947
0005258.jpg,2.4705882352941178,1.1788578719900635,2.8823529411764706,1.2689736473414486,2.176470588235294,1.0744355563298724
0005260.jpg,2.176470588235294,1.1311108542958477,2.411764705882353,1.2776356840572631,2.176470588235294,1.0744355563298724
0005262.jpg,3.411764705882353,1.1757350641945108,3.588235294117647,1.0036697371030325,3.3529411764705883,1.1694644324747672
0005263.jpg,3.0,1.3228756555322954,3.176470588235294,1.1850788010532811,2.9411764705882355,1.2485285456935955
0005264.jpg,3.5294117647058822,1.1245914290767742,3.4705882352941178,1.007326105267277,3.411764705882353,0.9393364366277243
0005266.jpg,3.588235294117647,1.0641207361838554,3.7058823529411766,1.212678125181665,3.411764705882353,1.1757350641945108
0005270.jpg,2.6470588235294117,0.8617697249402124,2.6470588235294117,1.1147408034263075,2.3529411764705883,0.9314757424772422
0005271.jpg,3.5294117647058822,1.280510008689093,3.764705882352941,0.9701425001453318,3.3529411764705883,1.4116115112960541
0005272.jpg,2.7058823529411766,1.1048023512348795,2.9411764705882355,1.0880365478290537,2.8823529411764706,1.0537049480984033
0005273.jpg,1.8235294117647058,0.7276068751089989,2.0588235294117645,0.9663454503498036,1.6470588235294117,0.7018882096342189
0005274.jpg,3.235294117647059,1.200490095997562,3.1176470588235294,1.1114378604524227,3.235294117647059,1.2514697241996051
0005275.jpg,2.5294117647058822,1.1245914290767742,2.8823529411764706,1.1663164740528442,2.764705882352941,1.0914103126634984
0005280.jpg,2.588235294117647,1.121317502394603,2.823529411764706,1.2366938848016846,2.588235294117647,1.121317502394603
0005281.jpg,3.0588235294117645,1.1440382552221602,2.6470588235294117,1.0571882797418488,2.7058823529411766,1.212678125181665
0005282.jpg,2.9411764705882355,1.0880365478290537,2.823529411764706,1.1850788010532811,2.9411764705882355,1.1440382552221604
0005284.jpg,2.4705882352941178,1.007326105267277,2.5294117647058822,1.0675700831106785,2.235294117647059,0.9701425001453319
0005286.jpg,3.8823529411764706,1.1114378604524224,3.6470588235294117,1.1694644324747672,3.588235294117647,1.1213175023946031
0005287.jpg,4.294117647058823,0.9195587176978518,4.235294117647059,1.1472473449907108,4.0588235294117645,1.1974237050483696
0005288.jpg,1.6470588235294117,0.8617697249402124,1.588235294117647,0.7952062255644572,1.8823529411764706,0.8574929257125442
0005289.jpg,2.8823529411764706,1.0537049480984033,3.1176470588235294,1.1663164740528442,2.8823529411764706,0.9926198253344827
0005290.jpg,2.764705882352941,1.0914103126634984,3.1176470588235294,1.21872643265298,2.764705882352941,1.147247344990711
0005293.jpg,3.823529411764706,1.0744355563298724,3.3529411764705883,0.9963167462326071,3.5294117647058822,1.1245914290767742
0005295.jpg,3.1176470588235294,0.781213234429025,3.1176470588235294,1.2689736473414486,2.9411764705882355,1.1440382552221602
0005296.jpg,1.3529411764705883,0.7859052479933757,1.4705882352941178,0.7174300539794393,1.411764705882353,0.6183469424008423
0005297.jpg,3.9411764705882355,1.1440382552221602,3.823529411764706,1.131110854295848,3.823529411764706,1.1850788010532811
0005299.jpg,3.176470588235294,1.1311108542958477,3.176470588235294,1.2862393885688161,2.9411764705882355,1.088036547829054
0005300.jpg,4.0588235294117645,0.9663454503498037,3.9411764705882355,1.0880365478290537,4.117647058823529,0.8574929257125443
0005301.jpg,3.7058823529411766,1.1048023512348795,3.235294117647059,1.251469724199605,3.411764705882353,1.0036697371030325
0005302.jpg,3.6470588235294117,1.1694644324747672,3.588235294117647,0.9393364366277241,3.4705882352941178,1.1788578719900635
0005303.jpg,2.411764705882353,1.121317502394603,2.823529411764706,1.2366938848016846,2.5294117647058822,1.1788578719900635
0005304.jpg,3.6470588235294117,1.2217393579743305,2.9411764705882355,1.1974237050483696,3.3529411764705883,1.2217393579743305
0005307.jpg,3.9411764705882355,1.2976222599091636,3.9411764705882355,1.1974237050483696,3.8823529411764706,1.1114378604524224
0005311.jpg,3.1176470588235294,0.9275204136012634,3.0588235294117645,0.8269362305593853,2.7058823529411766,1.1599949289950013
0005312.jpg,3.823529411764706,1.185078801053281,3.8823529411764706,1.1114378604524224,3.7058823529411766,1.3585242858683528
0005313.jpg,3.823529411764706,1.0744355563298724,3.8823529411764706,1.1663164740528442,3.823529411764706,1.1850788010532811
0005314.jpg,1.6470588235294117,0.701888209634219,1.9411764705882353,0.8993461677306268,1.9411764705882353,0.8993461677306268
0005315.jpg,2.588235294117647,1.227743027337753,2.4705882352941178,1.2805100086890928,2.3529411764705883,1.2217393579743305
0005320.jpg,3.9411764705882355,0.8993461677306268,3.6470588235294117,0.9963167462326074,3.7058823529411766,1.0467035087808378
0005323.jpg,3.411764705882353,1.1757350641945108,3.6470588235294117,0.9963167462326072,3.4705882352941178,0.8744746321952062
0005324.jpg,3.6470588235294117,1.2718675476729207,3.0588235294117645,1.3449251017851385,3.3529411764705883,1.2217393579743305
0005326.jpg,3.411764705882353,1.2277430273377528,3.3529411764705883,0.9963167462326072,3.235294117647059,0.9701425001453319
0005329.jpg,3.1176470588235294,1.1663164740528442,2.8823529411764706,1.1114378604524224,2.8823529411764706,0.9926198253344827
0005330.jpg,3.411764705882353,1.2776356840572631,3.3529411764705883,1.2217393579743303,3.235294117647059,1.200490095997562
0005333.jpg,3.2941176470588234,1.3117119482928095,3.2941176470588234,1.2631659571466123,3.411764705882353,1.1757350641945108
0005335.jpg,3.764705882352941,1.0914103126634984,3.411764705882353,1.0036697371030325,3.5294117647058822,1.0675700831106785
0005336.jpg,3.9411764705882355,0.8269362305593853,3.9411764705882355,0.8993461677306269,3.588235294117647,0.8702602720890289
0005338.jpg,4.0,0.9354143466934854,3.588235294117647,1.0036697371030325,3.6470588235294117,1.1147408034263075
0005340.jpg,2.4705882352941178,1.0675700831106787,2.7058823529411766,1.212678125181665,2.6470588235294117,1.1694644324747672
0005341.jpg,2.6470588235294117,0.9963167462326072,2.764705882352941,1.251469724199605,2.4705882352941178,1.1245914290767742
0005345.jpg,2.1176470588235294,0.8574929257125444,2.2941176470588234,1.046703508780838,2.1176470588235294,0.7812132344290252
0005347.jpg,1.8235294117647058,0.951005659660279,2.411764705882353,1.2776356840572631,1.6470588235294117,0.7018882096342189
0005348.jpg,3.7058823529411766,1.3117119482928092,2.823529411764706,1.4245742398014511,3.2941176470588234,1.5315313367000094
0005350.jpg,2.9411764705882355,1.2485285456935957,3.1176470588235294,1.0537049480984033,2.9411764705882355,1.1440382552221602
0005351.jpg,1.588235294117647,0.6183469424008421,1.8823529411764706,0.8574929257125442,1.8823529411764706,0.7812132344290249
0005353.jpg,3.5294117647058822,1.1245914290767742,3.1176470588235294,1.3639259941972872,3.2941176470588234,0.9851843661437781
0005354.jpg,3.4705882352941178,1.328422328310143,3.411764705882353,1.1213175023946031,3.4705882352941178,1.2307338795828047
0005355.jpg,2.588235294117647,1.121317502394603,2.4705882352941178,1.280510008689093,2.4705882352941178,1.1245914290767742
0005356.jpg,2.7058823529411766,0.9195587176978518,2.9411764705882355,1.1440382552221602,2.5294117647058822,0.9432422182837986
0005360.jpg,3.4705882352941178,1.0675700831106787,3.2941176470588234,1.046703508780838,3.2941176470588234,1.2631659571466125
0005362.jpg,2.0,1.1180339887498947,2.1176470588235294,1.3639259941972872,2.0,1.1180339887498947
0005363.jpg,1.5294117647058822,0.5144957554275263,1.8235294117647058,0.7276068751089988,1.8235294117647058,0.8828430011649198
0005365.jpg,2.7058823529411766,0.9851843661437779,2.764705882352941,1.147247344990711,2.7058823529411766,1.0467035087808378
0005366.jpg,3.235294117647059,0.9701425001453319,3.0,1.118033988749895,2.8823529411764706,1.0537049480984033
0005368.jpg,2.764705882352941,1.0325582165612917,2.823529411764706,1.1850788010532811,2.764705882352941,1.0325582165612917
0005369.jpg,3.1176470588235294,1.1114378604524227,3.235294117647059,1.147247344990711,3.0588235294117645,1.0289915108550531
0005370.jpg,2.7058823529411766,1.1048023512348795,2.8823529411764706,1.21872643265298,2.588235294117647,1.227743027337753
0005371.jpg,3.5294117647058822,1.1788578719900635,3.7058823529411766,1.046703508780838,3.4705882352941178,1.1245914290767742
0005372.jpg,2.9411764705882355,1.2976222599091636,2.8823529411764706,1.4090046549415864,2.9411764705882355,1.3449251017851382
0005373.jpg,3.588235294117647,0.9393364366277241,3.5294117647058822,0.9432422182837987,3.5294117647058822,1.0073261052672768
0005374.jpg,3.823529411764706,1.0145993123917847,3.7058823529411766,0.985184366143778,3.5294117647058822,1.2307338795828044
0005376.jpg,3.6470588235294117,1.3666188418222285,2.6470588235294117,1.3666188418222285,3.411764705882353,1.4168108346481794
0005377.jpg,2.0,0.7905694150420947,2.235294117647059,1.0325582165612917,1.9411764705882353,0.9663454503498036
0005378.jpg,1.9411764705882353,0.8269362305593853,2.1176470588235294,1.0537049480984035,1.8823529411764706,0.7812132344290252
0005379.jpg,4.0,1.224744871391589,3.8823529411764706,1.3639259941972872,3.823529411764706,1.2862393885688161
0005380.jpg,4.0,1.0,3.823529411764706,1.131110854295848,3.8823529411764706,1.1114378604524224
0005381.jpg,3.4705882352941178,1.007326105267277,3.6470588235294117,1.0571882797418488,3.176470588235294,1.2862393885688164
0005382.jpg,3.9411764705882355,1.2485285456935955,3.823529411764706,1.2862393885688164,4.0,1.4142135623730951
0005383.jpg,2.3529411764705883,0.9963167462326074,2.6470588235294117,1.2217393579743305,2.411764705882353,1.1757350641945108
0005384.jpg,2.0,0.9999999999999999,2.235294117647059,1.147247344990711,2.0588235294117645,1.028991510855053
0005385.jpg,3.7058823529411766,1.0467035087808378,3.764705882352941,0.8313702367707394,3.411764705882353,1.121317502394603
0005386.jpg,3.1176470588235294,1.1663164740528442,2.9411764705882355,1.2976222599091636,3.176470588235294,1.131110854295848
0005388.jpg,3.7058823529411766,1.3117119482928092,3.1176470588235294,1.3173056280328643,3.5294117647058822,1.280510008689093
0005392.jpg,4.235294117647059,1.1472473449907108,4.176470588235294,1.0744355563298722,4.0588235294117645,1.2485285456935955
0005393.jpg,3.5294117647058822,1.3284223283101428,2.5294117647058822,1.4627733530362592,3.4705882352941178,1.5048939771136507
0005394.jpg,3.0,1.2747548783981963,3.176470588235294,1.2366938848016846,2.8823529411764706,1.2689736473414486
0005396.jpg,3.411764705882353,1.175735064194511,3.176470588235294,1.1311108542958477,3.411764705882353,1.1213175023946031
0005398.jpg,4.0,1.0606601717798214,3.823529411764706,1.014599312391785,4.0588235294117645,1.1440382552221604
0005400.jpg,3.1176470588235294,1.2689736473414486,3.4705882352941178,0.8744746321952062,3.235294117647059,1.3004524099667143
0005406.jpg,3.7058823529411766,0.9195587176978519,3.5294117647058822,1.0675700831106787,3.6470588235294117,1.2718675476729207
0005409.jpg,3.823529411764706,0.8828430011649196,3.7058823529411766,0.8488746876271654,3.8823529411764706,0.9926198253344826
0005411.jpg,2.9411764705882355,1.0289915108550531,3.0,1.118033988749895,2.7058823529411766,0.9195587176978519
0005413.jpg,3.7058823529411766,1.046703508780838,3.4705882352941178,1.007326105267277,3.3529411764705883,1.4116115112960541
0005414.jpg,3.1176470588235294,1.1663164740528442,3.1176470588235294,1.1663164740528442,3.0,1.2747548783981961
0005415.jpg,3.5294117647058822,1.0073261052672768,3.176470588235294,1.1311108542958477,3.3529411764705883,1.2217393579743305
0005416.jpg,2.7058823529411766,1.212678125181665,2.764705882352941,1.3476559169863187,2.588235294117647,1.227743027337753
0005417.jpg,2.411764705882353,1.0641207361838554,2.823529411764706,1.1850788010532811,2.5294117647058822,1.1245914290767742
0005418.jpg,3.588235294117647,1.0036697371030325,3.1176470588235294,1.2689736473414484,3.235294117647059,1.2004900959975617
0005420.jpg,3.6470588235294117,1.1147408034263073,3.4705882352941178,1.1788578719900638,3.5294117647058822,1.0675700831106785
0005423.jpg,2.3529411764705883,1.0571882797418488,2.5294117647058822,1.007326105267277,2.176470588235294,1.1311108542958477
0005424.jpg,4.0,0.8660254037844386,3.8823529411764706,0.9275204136012635,3.9411764705882355,0.7475450015964019
0005428.jpg,3.8823529411764706,1.1114378604524227,3.6470588235294117,0.931475742477242,3.588235294117647,1.0036697371030325
0005429.jpg,3.8823529411764706,1.0537049480984033,3.823529411764706,1.0744355563298724,3.823529411764706,1.131110854295848
0005431.jpg,4.176470588235294,0.9510056596602791,4.0,1.118033988749895,4.117647058823529,1.166316474052844
0005434.jpg,3.176470588235294,0.8828430011649196,3.3529411764705883,1.0571882797418488,3.1176470588235294,0.9926198253344827
0005435.jpg,3.7058823529411766,0.9195587176978518,3.411764705882353,0.9393364366277241,3.5294117647058822,1.1788578719900635
0005436.jpg,2.1176470588235294,1.053704948098403,2.235294117647059,0.8313702367707395,1.8235294117647058,0.7276068751089988
0005437.jpg,2.588235294117647,1.2776356840572631,2.823529411764706,1.1311108542958477,2.6470588235294117,1.1147408034263075
0005438.jpg,3.823529411764706,0.9510056596602791,3.8823529411764706,0.9275204136012635,3.588235294117647,1.121317502394603
0005439.jpg,4.0,1.0606601717798212,4.0588235294117645,1.028991510855053,3.8823529411764706,1.21872643265298
0005444.jpg,2.4705882352941178,1.007326105267277,2.764705882352941,1.200490095997562,2.176470588235294,1.014599312391785
0005447.jpg,3.764705882352941,1.200490095997562,3.8823529411764706,0.9275204136012635,3.4705882352941178,1.1245914290767742
0005448.jpg,3.3529411764705883,1.0571882797418488,3.411764705882353,0.8702602720890289,3.2941176470588234,0.9195587176978519
0005449.jpg,3.588235294117647,0.9393364366277241,3.176470588235294,1.0145993123917847,3.5294117647058822,0.8744746321952062
0005454.jpg,3.764705882352941,0.9701425001453319,3.6470588235294117,1.1694644324747672,3.4705882352941178,1.2307338795828044
0005455.jpg,2.764705882352941,1.0914103126634984,2.588235294117647,1.227743027337753,2.588235294117647,1.0036697371030325
0005456.jpg,3.0588235294117645,1.2485285456935955,3.235294117647059,1.147247344990711,2.9411764705882355,1.0880365478290537
0005458.jpg,2.9411764705882355,1.2976222599091636,2.8823529411764706,1.1663164740528442,2.823529411764706,1.0145993123917847
0005459.jpg,3.588235294117647,1.2277430273377532,3.5294117647058822,1.0675700831106787,3.2941176470588234,1.1599949289950011
0005460.jpg,3.9411764705882355,1.1440382552221602,4.0,0.8660254037844387,3.764705882352941,1.3476559169863187
0005461.jpg,3.9411764705882355,1.3906198364081266,4.0,0.9354143466934853,4.0588235294117645,1.0880365478290537
0005465.jpg,3.235294117647059,1.147247344990711,3.2941176470588234,1.1599949289950011,3.235294117647059,1.3476559169863187
0005468.jpg,2.823529411764706,0.951005659660279,3.0,1.2247448713915892,2.823529411764706,0.951005659660279
0005469.jpg,3.6470588235294117,1.2217393579743305,3.588235294117647,1.0036697371030328,3.7058823529411766,1.046703508780838
0005470.jpg,3.3529411764705883,0.9963167462326071,3.2941176470588234,0.9851843661437781,3.176470588235294,0.8828430011649196
0005471.jpg,2.6470588235294117,1.2718675476729209,2.823529411764706,1.2862393885688164,2.6470588235294117,1.3666188418222287
0005474.jpg,2.176470588235294,1.0145993123917845,2.6470588235294117,1.0571882797418486,2.0588235294117645,0.7475450015964021
0005475.jpg,2.3529411764705883,1.0571882797418488,2.4705882352941178,1.1788578719900638,2.2941176470588234,0.9195587176978519
0005476.jpg,2.0,0.8660254037844386,2.588235294117647,1.227743027337753,2.0,1.0
0005479.jpg,2.0588235294117645,0.747545001596402,2.411764705882353,1.0641207361838556,2.2941176470588234,0.8488746876271652
0005480.jpg,2.764705882352941,0.9701425001453319,2.764705882352941,1.200490095997562,3.0,0.9354143466934853
0005481.jpg,1.7647058823529411,0.9701425001453319,2.0,1.2747548783981961,1.7647058823529411,1.0914103126634982
0005483.jpg,2.411764705882353,1.0036697371030325,2.411764705882353,1.121317502394603,2.0,1.0606601717798212
0005484.jpg,3.588235294117647,1.227743027337753,3.764705882352941,0.8313702367707395,3.5294117647058822,1.124591429076774
0005486.jpg,2.9411764705882355,1.1440382552221602,2.6470588235294117,1.2217393579743305,2.9411764705882355,1.1974237050483694
0005487.jpg,3.2941176470588234,1.0467035087808378,3.1176470588235294,1.1663164740528442,3.1176470588235294,1.2187264326529803
0005488.jpg,3.588235294117647,0.9393364366277243,3.235294117647059,1.0914103126634984,3.3529411764705883,0.931475742477242
0005491.jpg,3.3529411764705883,1.3200935795706035,3.5294117647058822,1.1245914290767742,3.3529411764705883,1.1694644324747672
0005494.jpg,2.764705882352941,1.0325582165612919,3.0,1.118033988749895,2.5294117647058822,1.0675700831106785
0005495.jpg,2.764705882352941,1.147247344990711,3.0588235294117645,1.088036547829054,2.823529411764706,1.0744355563298724
0005496.jpg,2.6470588235294117,1.0571882797418488,2.8823529411764706,1.2689736473414486,2.4705882352941178,1.2307338795828044
0005498.jpg,3.823529411764706,1.1311108542958477,3.7058823529411766,1.1599949289950013,3.8823529411764706,0.9926198253344827
0005500.jpg,3.8823529411764706,0.9275204136012635,3.411764705882353,1.121317502394603,3.6470588235294117,1.0571882797418488
0005501.jpg,3.1176470588235294,1.0537049480984033,2.823529411764706,1.2366938848016849,2.9411764705882355,1.0880365478290537
0005502.jpg,2.411764705882353,1.3719886811400706,2.4705882352941178,1.4627733530362594,2.5294117647058822,1.1788578719900635
0005504.jpg,3.4705882352941178,0.9432422182837986,3.0,1.118033988749895,3.1176470588235294,0.9926198253344827
0005506.jpg,2.0588235294117645,0.8993461677306268,2.3529411764705883,1.2217393579743305,2.0588235294117645,0.8993461677306268
0005509.jpg,3.411764705882353,1.0036697371030325,3.235294117647059,1.0325582165612917,3.235294117647059,1.0325582165612917
0005510.jpg,2.6470588235294117,0.9314757424772421,3.1176470588235294,0.9275204136012634,2.6470588235294117,1.0571882797418488
0005512.jpg,1.8235294117647058,1.0744355563298724,1.8823529411764706,0.9926198253344827,1.7647058823529411,1.1472473449907108
0005513.jpg,2.8823529411764706,0.9275204136012634,2.8823529411764706,0.9926198253344826,2.764705882352941,0.970142500145332
0005516.jpg,2.4705882352941178,1.2307338795828044,2.764705882352941,1.3476559169863187,2.2941176470588234,1.2126781251816647
0005517.jpg,1.9411764705882353,0.8993461677306268,2.2941176470588234,1.212678125181665,1.8823529411764706,0.9275204136012635
0005518.jpg,3.2941176470588234,1.403776419268438,3.2941176470588234,1.3585242858683528,3.5294117647058822,1.124591429076774
0005519.jpg,3.3529411764705883,1.2217393579743305,3.176470588235294,1.1311108542958477,3.235294117647059,1.200490095997562
0005520.jpg,3.5294117647058822,1.3284223283101428,3.6470588235294117,1.3200935795706035,3.7058823529411766,1.1048023512348792
0005523.jpg,1.9411764705882353,1.1440382552221602,2.0588235294117645,1.3906198364081266,2.1176470588235294,1.21872643265298
0005524.jpg,2.411764705882353,1.227743027337753,2.411764705882353,1.4168108346481791,2.3529411764705883,1.2217393579743305
0005525.jpg,2.0,1.0606601717798212,2.1176470588235294,1.2689736473414484,1.8823529411764706,1.0537049480984033
0005526.jpg,2.9411764705882355,1.1440382552221604,2.5294117647058822,1.2307338795828044,3.0,1.0606601717798214
0005530.jpg,3.7058823529411766,0.985184366143778,3.4705882352941178,1.1788578719900635,3.411764705882353,1.227743027337753
0005532.jpg,4.117647058823529,0.8574929257125442,4.0588235294117645,1.0289915108550531,3.9411764705882355,1.1974237050483696
0005533.jpg,2.588235294117647,1.0036697371030325,2.6470588235294117,1.1694644324747672,2.235294117647059,0.9701425001453319
0005534.jpg,2.823529411764706,1.0744355563298724,2.8823529411764706,1.1663164740528442,2.6470588235294117,1.1694644324747672
0005536.jpg,3.235294117647059,1.0914103126634986,3.176470588235294,1.1311108542958477,3.235294117647059,0.9701425001453319
0005537.jpg,2.9411764705882355,1.1974237050483696,3.235294117647059,1.200490095997562,2.9411764705882355,1.2485285456935957
0005538.jpg,2.588235294117647,1.2776356840572631,2.764705882352941,1.3004524099667143,2.7058823529411766,1.212678125181665
0005539.jpg,3.4705882352941178,1.1245914290767742,3.0588235294117645,1.2485285456935957,3.176470588235294,1.5097720903188938
0005540.jpg,3.235294117647059,1.3476559169863187,3.1176470588235294,1.3639259941972874,3.0588235294117645,1.4348601079588787
0005541.jpg,4.0588235294117645,1.1974237050483694,3.764705882352941,1.0325582165612919,4.176470588235294,1.0145993123917847
0005544.jpg,2.8823529411764706,1.4090046549415864,3.176470588235294,1.1311108542958477,2.823529411764706,1.1850788010532811
0005545.jpg,3.6470588235294117,1.2217393579743308,3.176470588235294,1.3800042625680118,3.5294117647058822,1.2307338795828044
0005548.jpg,3.3529411764705883,1.3200935795706035,3.4705882352941178,1.0675700831106787,3.4705882352941178,1.0675700831106785
0005553.jpg,3.588235294117647,1.3719886811400708,3.5294117647058822,1.2307338795828047,3.764705882352941,1.251469724199605
0005554.jpg,3.7058823529411766,1.1599949289950011,3.4705882352941178,1.3746657347707991,3.588235294117647,1.4168108346481794
0005555.jpg,3.9411764705882355,1.3449251017851385,4.0,0.8660254037844387,3.7058823529411766,1.2126781251816647
0005556.jpg,3.8823529411764706,1.1114378604524224,3.5294117647058822,1.2307338795828047,3.823529411764706,1.1311108542958477
0005558.jpg,3.7058823529411766,1.1048023512348795,3.4705882352941178,1.007326105267277,3.588235294117647,1.0641207361838554
0005559.jpg,2.9411764705882355,0.9663454503498036,3.1176470588235294,1.1114378604524227,2.5294117647058822,1.1245914290767742
0005560.jpg,3.5294117647058822,0.8744746321952063,3.588235294117647,0.9393364366277243,3.2941176470588234,1.1048023512348795
0005561.jpg,3.2941176470588234,1.3117119482928095,3.2941176470588234,1.1048023512348795,3.0,1.2747548783981963
0005562.jpg,3.411764705882353,1.1757350641945108,3.2941176470588234,1.046703508780838,3.176470588235294,1.2862393885688164
0005565.jpg,3.7058823529411766,1.2631659571466125,2.9411764705882355,1.4348601079588787,3.6470588235294117,1.3666188418222285
0005566.jpg,4.411764705882353,1.121317502394603,4.705882352941177,0.6859943405700354,4.470588235294118,0.9432422182837986
0005567.jpg,3.588235294117647,1.4168108346481794,3.411764705882353,1.325651892910228,3.2941176470588234,1.3585242858683526
0005568.jpg,3.235294117647059,1.0914103126634984,3.1176470588235294,1.1114378604524227,3.176470588235294,1.0744355563298724
0005569.jpg,1.9411764705882353,0.8269362305593854,1.8823529411764706,1.1114378604524227,1.8823529411764706,0.781213234429025
0005571.jpg,2.9411764705882355,1.0289915108550531,3.176470588235294,1.0145993123917847,3.0588235294117645,0.8993461677306268
0005574.jpg,4.294117647058823,0.7717436331412899,4.235294117647059,0.9034248560828042,4.176470588235294,1.0744355563298724
0005575.jpg,4.117647058823529,1.2689736473414486,4.176470588235294,1.0145993123917847,3.8823529411764706,1.4090046549415864
0005576.jpg,3.235294117647059,1.1472473449907108,3.0,1.224744871391589,3.0588235294117645,1.2485285456935957
0005577.jpg,2.588235294117647,1.175735064194511,2.7058823529411766,1.1599949289950011,2.3529411764705883,1.1147408034263075
0005578.jpg,2.588235294117647,1.175735064194511,2.823529411764706,1.3339459376998313,2.2941176470588234,1.311711948292809
0005579.jpg,3.176470588235294,1.0744355563298724,3.411764705882353,1.1213175023946031,3.176470588235294,0.8828430011649196
0005580.jpg,3.0,1.118033988749895,2.9411764705882355,1.0289915108550531,2.9411764705882355,1.088036547829054
0005582.jpg,3.764705882352941,1.0325582165612917,3.5294117647058822,0.9432422182837986,3.5294117647058822,1.1788578719900635
0005584.jpg,1.7647058823529411,0.9034248560828041,1.8823529411764706,1.0537049480984035,1.7647058823529411,1.0914103126634982
0005586.jpg,3.2941176470588234,1.1048023512348795,3.0588235294117645,1.1974237050483696,3.0,1.2247448713915892
0005587.jpg,2.411764705882353,1.227743027337753,2.411764705882353,1.2776356840572631,2.235294117647059,1.0914103126634984
0005588.jpg,3.8823529411764706,0.9926198253344826,3.588235294117647,1.0641207361838554,3.3529411764705883,1.3200935795706035
0005589.jpg,3.3529411764705883,1.1694644324747672,3.7058823529411766,0.9851843661437781,3.1176470588235294,1.3639259941972872
0005590.jpg,3.0,1.118033988749895,2.8823529411764706,1.1114378604524224,2.764705882352941,1.0914103126634984
0005591.jpg,2.764705882352941,1.3004524099667143,2.8823529411764706,1.3639259941972874,2.588235294117647,1.227743027337753
0005592.jpg,3.588235294117647,1.175735064194511,3.411764705882353,1.0641207361838556,3.235294117647059,1.147247344990711
0005593.jpg,3.2941176470588234,1.1048023512348792,3.5294117647058822,0.9432422182837986,3.0588235294117645,1.1974237050483696
0005594.jpg,3.2941176470588234,1.1048023512348795,3.0588235294117645,1.1440382552221604,3.2941176470588234,0.8488746876271654
0005597.jpg,3.7058823529411766,0.9851843661437779,3.3529411764705883,1.0571882797418488,3.411764705882353,1.0036697371030325
0005598.jpg,2.764705882352941,1.2514697241996051,2.9411764705882355,1.3906198364081266,2.6470588235294117,1.2718675476729209
0005599.jpg,3.9411764705882355,1.1440382552221602,3.9411764705882355,1.2485285456935955,3.823529411764706,1.5097720903188938
0005600.jpg,2.588235294117647,1.460257833800754,2.7058823529411766,1.3585242858683528,2.5294117647058822,1.4194033543545475
0005601.jpg,3.7058823529411766,0.985184366143778,3.4705882352941178,1.1245914290767742,3.588235294117647,1.0036697371030325
0005607.jpg,2.6470588235294117,1.2217393579743305,3.0,1.2247448713915892,2.588235294117647,1.121317502394603
0005610.jpg,4.117647058823529,1.1114378604524227,3.7058823529411766,1.2631659571466125,3.9411764705882355,1.1974237050483694
0005612.jpg,2.4705882352941178,1.007326105267277,2.5294117647058822,1.0675700831106785,2.3529411764705883,0.931475742477242
0005613.jpg,3.7058823529411766,0.985184366143778,3.176470588235294,1.1311108542958477,3.5294117647058822,0.9432422182837986
0005616.jpg,3.5294117647058822,1.1788578719900638,3.4705882352941178,1.007326105267277,3.3529411764705883,0.7859052479933757
0005618.jpg,3.764705882352941,1.2514697241996051,3.4705882352941178,1.1788578719900635,3.411764705882353,1.121317502394603
0005620.jpg,2.5294117647058822,1.1245914290767742,2.6470588235294117,1.3200935795706035,2.5294117647058822,1.280510008689093
0005621.jpg,2.1176470588235294,0.9275204136012635,2.5294117647058822,1.1245914290767742,2.0588235294117645,0.8993461677306268
0005622.jpg,2.0,0.9999999999999999,2.235294117647059,1.0325582165612917,2.0,0.9999999999999999
0005623.jpg,3.176470588235294,1.2366938848016849,2.9411764705882355,1.2976222599091636,3.176470588235294,1.1311108542958477
0005626.jpg,2.8823529411764706,0.9926198253344826,3.0588235294117645,1.1974237050483696,2.6470588235294117,1.1147408034263075
0005630.jpg,2.823529411764706,1.1850788010532811,2.7058823529411766,1.447614670861731,2.588235294117647,1.1757350641945108
0005633.jpg,3.1176470588235294,1.2187264326529803,3.4705882352941178,0.8744746321952063,3.176470588235294,1.0744355563298724
0005634.jpg,3.176470588235294,1.1850788010532813,3.176470588235294,1.2862393885688164,3.0588235294117645,1.1440382552221602
0005635.jpg,3.235294117647059,0.8313702367707393,3.235294117647059,1.0325582165612917,3.1176470588235294,0.9275204136012634
0005637.jpg,3.764705882352941,0.9034248560828041,3.5294117647058822,1.007326105267277,3.5294117647058822,1.007326105267277
0005639.jpg,3.1176470588235294,1.1114378604524227,3.235294117647059,1.3004524099667143,3.0,1.5
0005640.jpg,3.7058823529411766,1.1048023512348795,3.823529411764706,1.0145993123917847,3.823529411764706,0.727606875108999
0005641.jpg,3.411764705882353,1.227743027337753,3.176470588235294,1.1850788010532811,3.411764705882353,1.121317502394603
0005642.jpg,2.3529411764705883,0.9314757424772421,2.9411764705882355,0.9663454503498037,2.588235294117647,1.0036697371030325
0005644.jpg,4.0,0.9354143466934852,3.8823529411764706,0.9926198253344825,3.823529411764706,1.0145993123917847
0005646.jpg,3.764705882352941,0.7524469885568252,3.5294117647058822,1.007326105267277,3.6470588235294117,1.0571882797418488
0005650.jpg,3.2941176470588234,0.9851843661437781,2.9411764705882355,1.0289915108550531,3.1176470588235294,1.1663164740528442
0005651.jpg,3.6470588235294117,1.2217393579743308,3.6470588235294117,1.1694644324747672,3.5294117647058822,1.328422328310143
0005652.jpg,3.235294117647059,1.1472473449907108,3.0588235294117645,1.0289915108550531,3.2941176470588234,0.9851843661437781
0005653.jpg,1.8823529411764706,1.1114378604524227,2.176470588235294,1.2366938848016846,1.7647058823529411,1.0325582165612917
0005655.jpg,1.9411764705882353,0.8269362305593853,2.3529411764705883,1.1147408034263075,2.0,0.9999999999999999
0005658.jpg,1.7647058823529411,0.970142500145332,1.5294117647058822,0.6242642728467978,1.9411764705882353,1.1440382552221602
0005659.jpg,3.6470588235294117,1.2718675476729207,3.4705882352941178,1.2307338795828044,3.6470588235294117,1.0571882797418486
0005660.jpg,3.764705882352941,1.147247344990711,3.588235294117647,1.277635684057263,3.764705882352941,1.2004900959975617
0005662.jpg,3.6470588235294117,1.0571882797418488,3.3529411764705883,1.2217393579743305,3.588235294117647,1.0641207361838554
0005665.jpg,3.7058823529411766,1.1599949289950011,3.4705882352941178,1.1788578719900635,3.823529411764706,1.0744355563298724
0005666.jpg,2.1176470588235294,1.1114378604524227,2.2941176470588234,1.3117119482928095,2.235294117647059,1.1472473449907108
0005668.jpg,2.588235294117647,1.227743027337753,2.764705882352941,1.2514697241996051,2.7058823529411766,1.1048023512348795
0005669.jpg,3.411764705882353,1.121317502394603,3.1176470588235294,1.3173056280328643,3.0,1.118033988749895
0005670.jpg,3.5294117647058822,1.0675700831106785,3.2941176470588234,1.1599949289950011,3.5294117647058822,0.8744746321952062
0005672.jpg,3.235294117647059,1.200490095997562,3.411764705882353,1.227743027337753,3.235294117647059,1.3476559169863187
0005673.jpg,3.764705882352941,0.9034248560828042,3.823529411764706,0.8828430011649195,3.9411764705882355,0.6586528140164322
0005674.jpg,1.9411764705882353,1.3449251017851382,1.8823529411764706,1.21872643265298,2.176470588235294,1.4677914581799016
0005675.jpg,2.7058823529411766,1.1048023512348795,2.8823529411764706,1.1663164740528442,2.588235294117647,1.0641207361838556
0005677.jpg,4.0,1.1180339887498947,4.117647058823529,1.0537049480984033,4.0588235294117645,1.1974237050483694
0005678.jpg,3.5294117647058822,1.3284223283101428,3.6470588235294117,1.2217393579743308,3.588235294117647,1.1757350641945108
0005679.jpg,3.0,1.1726039399558574,3.0,1.3228756555322954,3.0,1.1726039399558572
0005681.jpg,1.8823529411764706,0.7812132344290249,2.0,0.9354143466934853,2.0,0.8660254037844386
0005683.jpg,3.235294117647059,1.200490095997562,3.235294117647059,1.1472473449907112,3.176470588235294,1.0145993123917847
0005685.jpg,3.8823529411764706,1.0537049480984033,3.6470588235294117,1.1147408034263075,3.9411764705882355,0.6586528140164322
0005686.jpg,3.2941176470588234,1.0467035087808378,3.2941176470588234,1.1048023512348792,3.2941176470588234,0.9195587176978519
0005687.jpg,3.2941176470588234,1.3117119482928092,3.2941176470588234,1.1048023512348795,3.0588235294117645,0.9663454503498036
0005688.jpg,3.0,1.1726039399558574,3.0,1.224744871391589,3.0588235294117645,1.1974237050483696
0005690.jpg,4.0588235294117645,0.9663454503498037,3.8823529411764706,1.0537049480984033,4.0,0.7905694150420948
0005691.jpg,2.823529411764706,1.1850788010532813,3.0,1.2747548783981961,2.4705882352941178,1.2307338795828044
0005692.jpg,3.6470588235294117,1.0571882797418488,3.5294117647058822,1.0675700831106785,3.411764705882353,1.2776356840572631
0005693.jpg,4.117647058823529,1.21872643265298,4.117647058823529,0.8574929257125441,4.0588235294117645,1.0880365478290537
0005695.jpg,2.4705882352941178,1.2307338795828044,2.9411764705882355,1.2976222599091636,2.5294117647058822,1.1245914290767742
0005697.jpg,3.0,1.0606601717798214,3.0,1.0606601717798212,3.1176470588235294,0.9275204136012635
0005701.jpg,3.9411764705882355,1.3449251017851382,4.117647058823529,0.9275204136012635,3.8823529411764706,1.2689736473414486
0005702.jpg,3.823529411764706,1.1311108542958477,3.6470588235294117,1.2217393579743305,3.823529411764706,1.131110854295848
0005703.jpg,3.0,1.224744871391589,3.3529411764705883,1.1694644324747672,3.1176470588235294,0.9926198253344827
0005706.jpg,2.176470588235294,0.7276068751089988,2.3529411764705883,1.0571882797418488,2.1176470588235294,0.857492925712544
0005708.jpg,3.2941176470588234,0.9195587176978518,2.823529411764706,1.131110854295848,2.9411764705882355,0.9663454503498037
0005709.jpg,3.6470588235294117,0.9963167462326071,3.764705882352941,1.0325582165612919,3.823529411764706,0.8089572082044156
0005710.jpg,3.823529411764706,0.951005659660279,4.0,0.8660254037844387,3.6470588235294117,1.1147408034263075
0005711.jpg,3.0,1.1726039399558572,3.0588235294117645,1.1440382552221606,2.9411764705882355,0.9663454503498037
0005712.jpg,3.4705882352941178,1.0675700831106785,3.3529411764705883,1.1694644324747674,3.5294117647058822,1.1245914290767742
0005713.jpg,2.3529411764705883,1.1147408034263075,2.1176470588235294,1.0537049480984033,2.2941176470588234,1.1048023512348795
0005716.jpg,2.5294117647058822,1.280510008689093,2.6470588235294117,1.3666188418222285,2.411764705882353,1.121317502394603
0005717.jpg,3.0,1.2247448713915892,3.235294117647059,1.200490095997562,2.9411764705882355,1.1974237050483696
0005720.jpg,2.235294117647059,0.9701425001453317,2.4705882352941178,1.2307338795828047,2.235294117647059,1.0325582165612917
0005721.jpg,3.6470588235294117,1.2217393579743305,3.7058823529411766,1.1048023512348795,3.823529411764706,0.8828430011649196
0005724.jpg,3.176470588235294,1.1311108542958477,3.3529411764705883,1.0571882797418488,3.1176470588235294,1.1114378604524227
0005726.jpg,3.5294117647058822,0.9432422182837986,3.588235294117647,0.9393364366277241,3.588235294117647,1.0641207361838554
0005728.jpg,4.117647058823529,1.1114378604524227,4.0,0.9354143466934854,3.8823529411764706,0.9926198253344826
0005729.jpg,4.0588235294117645,1.1440382552221602,3.823529411764706,0.727606875108999,3.8823529411764706,0.9926198253344827
0005731.jpg,2.6470588235294117,1.1147408034263075,3.176470588235294,1.1311108542958477,2.588235294117647,1.0036697371030325
0005732.jpg,2.6470588235294117,1.3200935795706035,2.6470588235294117,1.1147408034263075,2.5294117647058822,1.1788578719900635
0005733.jpg,2.7058823529411766,1.3585242858683528,2.9411764705882355,1.2976222599091636,2.764705882352941,1.2514697241996051
0005735.jpg,3.4705882352941178,1.1788578719900635,3.3529411764705883,1.0571882797418488,3.5294117647058822,1.124591429076774
0005736.jpg,3.764705882352941,1.0914103126634984,3.6470588235294117,0.9963167462326071,3.764705882352941,0.9701425001453319
0005738.jpg,3.0,1.3228756555322954,3.235294117647059,1.200490095997562,2.9411764705882355,1.1974237050483696
0005739.jpg,3.7058823529411766,0.9195587176978519,3.411764705882353,1.0036697371030325,3.4705882352941178,0.8744746321952063
0005740.jpg,3.176470588235294,1.1311108542958477,3.0,1.224744871391589,3.1176470588235294,1.0537049480984033
0005741.jpg,3.9411764705882355,1.1440382552221602,4.0,0.8660254037844386,3.8823529411764706,0.9275204136012635
0005742.jpg,4.0,0.9354143466934854,3.9411764705882355,0.9663454503498037,3.5294117647058822,1.280510008689093
0005743.jpg,3.4705882352941178,1.1245914290767742,3.235294117647059,1.200490095997562,3.0,1.118033988749895
0005745.jpg,4.294117647058823,0.9195587176978519,3.9411764705882355,1.0289915108550531,4.235294117647059,1.0325582165612917
0005754.jpg,3.411764705882353,1.121317502394603,2.8823529411764706,1.45268514057488,3.176470588235294,1.1311108542958477
0005757.jpg,2.8823529411764706,1.2187264326529799,3.1176470588235294,1.1114378604524227,3.0,1.118033988749895
0005758.jpg,3.4705882352941178,1.007326105267277,3.3529411764705883,0.9963167462326074,3.3529411764705883,0.9314757424772421
0005759.jpg,3.3529411764705883,1.1147408034263075,3.1176470588235294,1.1114378604524227,3.176470588235294,1.0744355563298724
0005760.jpg,2.7058823529411766,1.2631659571466125,2.9411764705882355,1.1974237050483696,2.9411764705882355,1.0880365478290537
0005761.jpg,3.5294117647058822,1.1788578719900635,3.5294117647058822,1.007326105267277,3.4705882352941178,1.0675700831106785
0005763.jpg,3.3529411764705883,1.1147408034263075,3.235294117647059,1.147247344990711,3.0,1.118033988749895
0005765.jpg,1.7647058823529411,1.0325582165612917,2.176470588235294,1.1850788010532811,1.8235294117647058,0.8828430011649196
0005766.jpg,4.0,1.118033988749895,3.823529411764706,0.9510056596602791,3.9411764705882355,1.028991510855053
0005768.jpg,3.6470588235294117,1.3200935795706037,3.5294117647058822,1.1245914290767742,3.7058823529411766,1.1048023512348792
0005769.jpg,3.4705882352941178,1.1245914290767742,3.6470588235294117,0.8617697249402125,3.4705882352941178,1.007326105267277
0005770.jpg,3.3529411764705883,1.2217393579743305,3.235294117647059,1.147247344990711,3.2941176470588234,1.046703508780838
0005771.jpg,2.176470588235294,0.951005659660279,2.0,1.0606601717798212,1.9411764705882353,1.0880365478290535
0005772.jpg,1.6470588235294117,0.9314757424772421,2.0588235294117645,0.9663454503498036,1.7058823529411764,0.985184366143778
0005774.jpg,2.9411764705882355,1.0880365478290537,3.1176470588235294,0.9926198253344826,2.823529411764706,1.1311108542958477
0005775.jpg,2.2941176470588234,1.4476146708617308,2.588235294117647,1.3719886811400708,2.6470588235294117,1.2217393579743305
0005777.jpg,3.5294117647058822,1.3284223283101428,3.411764705882353,1.0641207361838556,3.6470588235294117,1.0571882797418486
0005780.jpg,3.6470588235294117,1.1694644324747674,3.588235294117647,1.1757350641945108,3.411764705882353,1.0641207361838554
0005781.jpg,3.6470588235294117,1.3200935795706035,3.4705882352941178,1.328422328310143,3.823529411764706,1.2862393885688164
0005784.jpg,2.5294117647058822,1.2307338795828044,2.764705882352941,1.3004524099667143,2.4705882352941178,1.1788578719900638
0005785.jpg,2.588235294117647,1.0641207361838554,2.588235294117647,1.227743027337753,2.5294117647058822,1.1245914290767742
0005789.jpg,2.8823529411764706,1.2689736473414484,3.0588235294117645,1.088036547829054,3.0588235294117645,0.9663454503498037
0005790.jpg,3.2941176470588234,1.2631659571466125,3.0,1.224744871391589,3.235294117647059,1.0914103126634984
0005791.jpg,2.7058823529411766,1.1599949289950011,2.7058823529411766,1.1599949289950013,2.823529411764706,0.8828430011649196
0005792.jpg,1.3529411764705883,0.6063390625908325,1.588235294117647,0.8702602720890289,1.6470588235294117,0.9314757424772421
0005794.jpg,2.176470588235294,0.7276068751089991,2.4705882352941178,1.007326105267277,2.3529411764705883,0.9314757424772422
0005795.jpg,2.411764705882353,1.1757350641945108,2.764705882352941,1.0914103126634984,2.176470588235294,1.131110854295848
0005797.jpg,3.588235294117647,1.0036697371030325,3.5294117647058822,0.9432422182837986,3.4705882352941178,0.7998161553463028
0005799.jpg,2.6470588235294117,0.9314757424772421,3.0,1.1726039399558574,2.4705882352941178,0.8744746321952062
0005802.jpg,2.2941176470588234,1.1599949289950011,2.588235294117647,1.2776356840572631,2.176470588235294,1.1850788010532811
0005803.jpg,3.6470588235294117,1.4975470138942315,3.6470588235294117,1.5387160422974504,3.588235294117647,1.4602578338007541
0005804.jpg,3.235294117647059,1.251469724199605,3.588235294117647,1.227743027337753,3.3529411764705883,1.4116115112960541
0005805.jpg,3.823529411764706,1.4245742398014511,3.823529411764706,1.1850788010532811,3.9411764705882355,1.3906198364081266
0005807.jpg,4.0,1.3228756555322954,3.764705882352941,1.147247344990711,3.9411764705882355,1.1440382552221602
0005809.jpg,2.235294117647059,0.9701425001453319,2.235294117647059,1.0914103126634984,2.0588235294117645,0.6586528140164322
0005810.jpg,3.411764705882353,1.121317502394603,3.0588235294117645,1.1440382552221604,3.2941176470588234,0.8488746876271653
0005814.jpg,3.588235294117647,1.175735064194511,3.764705882352941,0.9701425001453319,3.2941176470588234,1.1599949289950011
0005818.jpg,3.176470588235294,1.3339459376998313,3.0588235294117645,1.1974237050483694,3.1176470588235294,0.9275204136012635
0005822.jpg,3.6470588235294117,1.2718675476729207,3.4705882352941178,1.3746657347707991,3.3529411764705883,1.6179144164088315
0005823.jpg,3.6470588235294117,1.4552137502179976,3.7058823529411766,1.1599949289950013,3.823529411764706,1.2862393885688161
0005825.jpg,3.411764705882353,1.325651892910228,3.1176470588235294,1.2689736473414486,3.235294117647059,1.200490095997562
0005826.jpg,4.0588235294117645,1.0880365478290537,4.352941176470588,0.8617697249402124,3.9411764705882355,1.088036547829054
0005827.jpg,2.1176470588235294,1.1663164740528442,2.235294117647059,1.2514697241996051,2.0588235294117645,1.1974237050483696
0005828.jpg,3.6470588235294117,1.1147408034263073,3.2941176470588234,1.1599949289950011,3.235294117647059,1.2514697241996051
0005829.jpg,1.9411764705882353,0.6586528140164322,2.176470588235294,1.131110854295848,1.9411764705882353,0.658652814016432
0005830.jpg,3.2941176470588234,1.3117119482928095,3.1176470588235294,1.4090046549415862,3.0588235294117645,1.2976222599091636
0005832.jpg,2.9411764705882355,1.2976222599091636,3.2941176470588234,1.1048023512348795,3.0,1.118033988749895
0005833.jpg,4.0588235294117645,1.0289915108550531,3.764705882352941,1.0325582165612919,3.6470588235294117,1.656093916063799
0005834.jpg,3.7058823529411766,1.1599949289950011,3.823529411764706,1.0145993123917847,3.8823529411764706,0.8574929257125442
0005835.jpg,3.4705882352941178,1.4194033543545475,3.3529411764705883,1.0571882797418488,3.411764705882353,1.0036697371030325
0005837.jpg,3.235294117647059,1.3476559169863187,3.3529411764705883,1.2217393579743305,3.2941176470588234,1.1048023512348795
0005838.jpg,4.117647058823529,0.9926198253344826,3.8823529411764706,1.0537049480984033,3.764705882352941,1.1472473449907108
0005840.jpg,2.4705882352941178,1.007326105267277,2.7058823529411766,1.1048023512348792,2.3529411764705883,1.1147408034263075
0005841.jpg,3.176470588235294,1.0145993123917847,3.176470588235294,1.0744355563298724,2.823529411764706,1.1311108542958477
0005843.jpg,2.8823529411764706,1.1114378604524227,2.7058823529411766,1.2631659571466123,2.764705882352941,1.0325582165612917
0005844.jpg,3.0588235294117645,0.9663454503498035,3.2941176470588234,1.046703508780838,2.8823529411764706,1.2187264326529803
0005845.jpg,1.9411764705882353,0.8269362305593853,2.0,0.7071067811865476,1.9411764705882353,0.747545001596402
0005846.jpg,2.4705882352941178,1.2307338795828044,2.588235294117647,1.325651892910228,2.4705882352941178,1.1245914290767742
0005848.jpg,2.5294117647058822,1.0675700831106785,2.5294117647058822,1.2307338795828047,2.6470588235294117,0.931475742477242
0005849.jpg,3.3529411764705883,1.0571882797418488,3.5294117647058822,0.8744746321952063,3.176470588235294,1.0744355563298724
0005850.jpg,3.6470588235294117,1.1694644324747672,3.176470588235294,1.1311108542958477,3.235294117647059,1.0325582165612917
0005853.jpg,2.4705882352941178,0.9432422182837986,2.588235294117647,1.1757350641945108,2.5294117647058822,0.9432422182837986
0005859.jpg,2.823529411764706,1.0744355563298724,3.0,1.1726039399558574,2.8823529411764706,0.9926198253344827
0005861.jpg,3.5294117647058822,1.0675700831106785,3.2941176470588234,1.212678125181665,3.0,1.0606601717798214
0005862.jpg,2.823529411764706,1.131110854295848,2.9411764705882355,1.2976222599091636,2.9411764705882355,1.1974237050483696
0005863.jpg,4.176470588235294,1.0145993123917847,4.0,1.118033988749895,4.235294117647059,1.0325582165612917
0005865.jpg,3.3529411764705883,1.1694644324747672,3.0,1.1726039399558574,3.0,1.224744871391589
0005867.jpg,3.9411764705882355,1.0289915108550531,3.9411764705882355,0.9663454503498037,4.117647058823529,0.8574929257125442
0005868.jpg,3.1176470588235294,1.3173056280328643,3.411764705882353,1.0641207361838556,2.9411764705882355,1.0880365478290537
0005869.jpg,2.4705882352941178,1.0675700831106787,2.588235294117647,1.3719886811400708,2.5294117647058822,1.0675700831106785
0005870.jpg,2.235294117647059,1.0325582165612917,2.4705882352941178,0.9432422182837986,2.235294117647059,0.9034248560828042
0005871.jpg,2.764705882352941,1.251469724199605,2.9411764705882355,1.1974237050483696,2.7058823529411766,1.1048023512348795
0005872.jpg,2.235294117647059,1.0325582165612917,2.411764705882353,1.2776356840572631,2.176470588235294,1.0744355563298724
0005873.jpg,3.411764705882353,1.0641207361838556,3.235294117647059,1.0914103126634986,3.176470588235294,1.131110854295848
0005876.jpg,2.764705882352941,1.0914103126634984,2.9411764705882355,1.1440382552221602,2.6470588235294117,0.9314757424772421
0005877.jpg,2.588235294117647,1.0036697371030325,2.588235294117647,1.1757350641945108,2.2941176470588234,0.9195587176978519
0005878.jpg,2.411764705882353,1.0641207361838554,2.8823529411764706,1.1663164740528442,2.4705882352941178,1.0675700831106787
0005879.jpg,3.411764705882353,1.227743027337753,3.0,1.3228756555322954,3.0588235294117645,1.1440382552221602
0005880.jpg,2.176470588235294,0.9510056596602791,2.176470588235294,1.0145993123917847,1.8823529411764706,0.8574929257125442
0005883.jpg,2.823529411764706,1.1311108542958477,2.9411764705882355,1.2485285456935955,2.6470588235294117,1.3200935795706035
0005884.jpg,3.3529411764705883,1.3200935795706035,3.235294117647059,1.3476559169863187,3.235294117647059,1.0914103126634984
0005886.jpg,2.411764705882353,1.0641207361838554,2.411764705882353,1.0036697371030328,2.0588235294117645,1.0289915108550531
0005888.jpg,3.9411764705882355,1.3449251017851382,4.0588235294117645,0.9663454503498036,3.8823529411764706,1.3173056280328643
0005889.jpg,3.2941176470588234,1.3585242858683528,3.235294117647059,1.3004524099667143,3.176470588235294,1.4677914581799019
0005890.jpg,3.823529411764706,1.380004262568012,4.0,1.2747548783981963,3.8823529411764706,1.4090046549415864
0005891.jpg,3.588235294117647,1.0641207361838556,3.411764705882353,1.0036697371030328,3.411764705882353,0.8702602720890289
0005892.jpg,2.7058823529411766,0.9195587176978518,3.0588235294117645,1.1974237050483696,2.823529411764706,1.0744355563298724
0005893.jpg,3.8823529411764706,1.1114378604524224,3.588235294117647,1.227743027337753,3.764705882352941,1.147247344990711
0005894.jpg,3.9411764705882355,1.0880365478290537,3.823529411764706,1.131110854295848,3.823529411764706,1.1850788010532811
0005896.jpg,2.823529411764706,0.8828430011649198,2.7058823529411766,1.2631659571466125,2.764705882352941,0.8313702367707393
0005897.jpg,2.588235294117647,1.1757350641945108,2.4705882352941178,1.3284223283101428,2.411764705882353,1.121317502394603
0005898.jpg,2.7058823529411766,1.046703508780838,3.0,1.0,2.8823529411764706,0.8574929257125442
0005900.jpg,3.1176470588235294,1.317305628032864,3.3529411764705883,1.1147408034263073,3.0588235294117645,1.0880365478290537
0005901.jpg,2.764705882352941,1.3004524099667145,2.823529411764706,1.2366938848016849,2.7058823529411766,0.8488746876271653
0005904.jpg,2.0,0.7905694150420949,2.235294117647059,1.0325582165612917,2.235294117647059,0.8313702367707393
0005905.jpg,2.5294117647058822,1.3746657347707991,2.823529411764706,1.3339459376998315,2.588235294117647,1.2277430273377532
0005906.jpg,2.588235294117647,1.1757350641945108,2.8823529411764706,1.21872643265298,2.7058823529411766,1.046703508780838
0005907.jpg,3.5294117647058822,0.9432422182837985,3.0,1.2247448713915892,3.3529411764705883,1.0571882797418488
0005908.jpg,2.6470588235294117,0.9963167462326071,2.7058823529411766,1.2631659571466125,2.5294117647058822,0.9432422182837986
0005909.jpg,2.7058823529411766,1.1599949289950011,3.0588235294117645,0.9663454503498036,2.823529411764706,1.0145993123917847
0005911.jpg,3.176470588235294,1.1850788010532811,3.1176470588235294,1.1663164740528442,3.176470588235294,1.0744355563298724
0005912.jpg,2.6470588235294117,1.2718675476729209,2.6470588235294117,1.2718675476729209,2.764705882352941,1.0914103126634984
0005914.jpg,3.1176470588235294,1.166316474052844,3.176470588235294,1.4677914581799016,2.9411764705882355,1.3449251017851382
0005915.jpg,3.0588235294117645,1.3449251017851385,3.235294117647059,1.251469724199605,2.7058823529411766,1.1599949289950013
0005916.jpg,1.411764705882353,0.7122871199007256,1.588235294117647,0.8702602720890288,1.4705882352941178,0.7174300539794393
0005919.jpg,3.9411764705882355,1.0289915108550531,3.7058823529411766,1.1048023512348795,3.823529411764706,1.2862393885688164
0005920.jpg,2.176470588235294,0.9510056596602788,2.235294117647059,1.0914103126634984,2.411764705882353,1.0641207361838554
0005921.jpg,2.764705882352941,1.251469724199605,2.9411764705882355,1.3449251017851385,2.823529411764706,1.2366938848016849
0005924.jpg,3.588235294117647,1.325651892910228,3.411764705882353,1.121317502394603,3.5294117647058822,1.1788578719900635
0005926.jpg,4.235294117647059,0.970142500145332,3.823529411764706,1.0145993123917847,4.0,0.9999999999999999
0005928.jpg,4.117647058823529,1.2689736473414486,4.411764705882353,1.0036697371030325,4.176470588235294,1.2366938848016846
0005929.jpg,3.7058823529411766,0.985184366143778,3.0588235294117645,1.1974237050483696,3.411764705882353,1.1757350641945108
0005931.jpg,3.7058823529411766,1.1048023512348795,3.5294117647058822,1.4194033543545475,3.823529411764706,1.2862393885688164
0005933.jpg,3.3529411764705883,1.1694644324747672,3.2941176470588234,1.046703508780838,3.5294117647058822,0.7998161553463028
0005934.jpg,3.235294117647059,1.147247344990711,2.8823529411764706,1.21872643265298,3.0588235294117645,0.8993461677306268
0005935.jpg,2.823529411764706,1.131110854295848,2.7058823529411766,1.2631659571466127,2.588235294117647,0.9393364366277243
0005936.jpg,2.9411764705882355,0.9663454503498035,3.0,1.2747548783981961,2.8823529411764706,0.9926198253344826
0005937.jpg,2.4705882352941178,1.007326105267277,2.764705882352941,1.2514697241996051,2.588235294117647,0.9393364366277243
0005938.jpg,4.117647058823529,1.2689736473414486,4.117647058823529,0.9926198253344826,4.0588235294117645,1.1440382552221602
0005939.jpg,3.0588235294117645,1.2485285456935955,2.823529411764706,1.380004262568012,3.1176470588235294,1.1663164740528442
0005940.jpg,2.7058823529411766,1.3117119482928095,2.764705882352941,1.3932610920384718,2.588235294117647,1.1757350641945108
0005941.jpg,2.2941176470588234,0.9851843661437778,2.764705882352941,1.0914103126634984,2.3529411764705883,0.8617697249402122
0005943.jpg,2.588235294117647,1.0641207361838556,2.8823529411764706,1.1114378604524227,2.764705882352941,0.9701425001453319
0005945.jpg,3.823529411764706,1.1850788010532811,3.0588235294117645,1.3449251017851382,3.588235294117647,1.227743027337753
0005946.jpg,2.9411764705882355,1.1440382552221604,2.6470588235294117,1.2718675476729209,2.764705882352941,0.9701425001453319
0005948.jpg,2.823529411764706,0.951005659660279,3.0588235294117645,1.1440382552221602,2.8823529411764706,1.1114378604524227
0005950.jpg,3.9411764705882355,1.2976222599091636,4.0,1.1726039399558574,4.176470588235294,1.0145993123917847
0005953.jpg,3.1176470588235294,1.1663164740528442,2.764705882352941,1.251469724199605,2.8823529411764706,1.0537049480984033
0005955.jpg,3.823529411764706,1.1311108542958477,3.588235294117647,1.121317502394603,3.823529411764706,0.8828430011649196
0005956.jpg,3.9411764705882355,0.9663454503498036,3.764705882352941,1.147247344990711,3.8823529411764706,1.2187264326529803
0005957.jpg,2.764705882352941,0.970142500145332,2.8823529411764706,1.1114378604524227,2.411764705882353,0.8702602720890289
0005959.jpg,2.5294117647058822,1.0073261052672768,2.588235294117647,1.121317502394603,2.235294117647059,0.9701425001453318
0005964.jpg,2.6470588235294117,0.8617697249402124,2.9411764705882355,1.1440382552221602,2.9411764705882355,0.8993461677306268
0005965.jpg,2.411764705882353,1.121317502394603,2.3529411764705883,1.2217393579743305,2.4705882352941178,1.1245914290767742
0005968.jpg,3.2941176470588234,1.0467035087808378,3.411764705882353,0.9393364366277244,3.235294117647059,0.970142500145332
0005969.jpg,3.235294117647059,1.147247344990711,3.0,1.118033988749895,3.176470588235294,0.8828430011649196
0005970.jpg,2.823529411764706,0.951005659660279,3.0588235294117645,1.1440382552221604,3.0588235294117645,0.8993461677306268
0005972.jpg,3.588235294117647,1.325651892910228,3.6470588235294117,0.9963167462326071,3.5294117647058822,1.280510008689093
0005973.jpg,2.3529411764705883,0.9963167462326072,2.4705882352941178,1.2307338795828044,2.3529411764705883,0.9314757424772419
0005975.jpg,2.411764705882353,1.121317502394603,2.5294117647058822,1.280510008689093,2.4705882352941178,1.1245914290767742
0005977.jpg,3.588235294117647,1.1213175023946031,3.4705882352941178,1.2307338795828044,3.6470588235294117,0.8617697249402124
0005978.jpg,2.6470588235294117,1.2217393579743305,2.9411764705882355,1.1440382552221602,2.7058823529411766,1.046703508780838
0005979.jpg,3.3529411764705883,1.2718675476729209,3.0,1.3693063937629153,2.8823529411764706,1.2689736473414486
0005980.jpg,3.7058823529411766,1.447614670861731,3.7058823529411766,1.1599949289950013,3.7058823529411766,1.3117119482928095
0005983.jpg,3.0,0.9354143466934853,3.0,1.118033988749895,3.176470588235294,0.8089572082044159
0005984.jpg,4.0,0.9354143466934854,3.8823529411764706,1.0537049480984033,3.9411764705882355,1.088036547829054
0005985.jpg,3.5294117647058822,1.124591429076774,3.4705882352941178,1.1788578719900635,3.3529411764705883,1.2217393579743303
0005987.jpg,2.764705882352941,1.0914103126634984,3.0588235294117645,1.1440382552221602,2.588235294117647,1.121317502394603
0005988.jpg,1.9411764705882353,0.9663454503498036,2.0588235294117645,0.8993461677306267,1.8823529411764706,0.781213234429025
0005990.jpg,2.1176470588235294,1.1114378604524227,2.176470588235294,1.0145993123917847,2.235294117647059,1.0325582165612917
0005991.jpg,3.7058823529411766,1.1599949289950013,3.823529411764706,0.9510056596602791,3.823529411764706,1.1311108542958477
0005994.jpg,3.5294117647058822,1.1245914290767742,3.2941176470588234,1.2631659571466125,3.588235294117647,0.8702602720890288
0006000.jpg,2.411764705882353,0.9393364366277241,3.1176470588235294,1.0537049480984035,2.588235294117647,1.121317502394603
